사고번호,사고일시,요일,시군구,사고내용,사망자수,중상자수,경상자수,부상신고자수,사고유형,법규위반,노면상태,기상상태,도로형태,가해운전자 차종,가해운전자 성별,가해운전자 연령,가해운전자 상해정도,피해운전자 차종,피해운전자 성별,피해운전자 연령,피해운전자 상해정도
2015011900100139,2015년 1월 19일 08시,월요일,울산광역시 울주군 삼남면,중상사고,0,1,0,0,차대차 - 측면직각충돌,직진우회전진행방해,건조,맑음,교차로 - 교차로안,승용,남,30세,기타불명,승용,여,49세,중상
2015011900100198,2015년 1월 19일 10시,월요일,울산광역시 남구 무거동,경상사고,0,0,1,0,차대차 - 기타,교차로운행방법위반,건조,맑음,교차로 - 교차로안,승용,남,63세,상해없음,건설기계,남,33세,상해없음
2015011900100199,2015년 1월 19일 10시,월요일,울산광역시 남구 신정동,중상사고,0,1,0,0,차대사람 - 기타,안전운전불이행,기타,기타,단일로 - 기타,승합,남,59세,상해없음,보행자,남,82세,중상
2015011900100271,2015년 1월 19일 13시,월요일,울산광역시 중구 우정동,경상사고,0,0,5,0,차대차 - 측면직각충돌,안전운전불이행,건조,맑음,단일로 - 기타,승용,여,65세,상해없음,승용,여,33세,경상
2015011900100272,2015년 1월 19일 13시,월요일,울산광역시 북구 효문동,경상사고,0,0,1,0,차대차 - 측면직각충돌,신호위반,건조,맑음,교차로 - 교차로안,승합,남,46세,상해없음,승용,여,56세,경상
2015011900100273,2015년 1월 19일 13시,월요일,울산광역시 동구 동부동,경상사고,0,0,1,0,차대차 - 측면직각충돌,교차로운행방법위반,건조,맑음,교차로 - 교차로안,승용,남,21세,상해없음,승용,여,30세,경상
2015011900100297,2015년 1월 19일 14시,월요일,울산광역시 북구 화봉동,경상사고,0,0,1,0,차대차 - 기타,안전거리미확보,건조,맑음,단일로 - 기타,승용,남,25세,상해없음,승용,남,50세,경상
2015011900100298,2015년 1월 19일 14시,월요일,울산광역시 남구 달동,중상사고,0,1,1,0,차대차 - 측면직각충돌,안전운전불이행,건조,맑음,교차로 - 교차로부근,원동기,남,50세,중상,승용,여,27세,경상
2015011900100299,2015년 1월 19일 14시,월요일,울산광역시 남구 달동,경상사고,0,0,1,0,차대차 - 추돌 - 진행중,안전거리미확보,건조,맑음,단일로 - 기타,승용,남,35세,상해없음,이륜,남,81세,경상
2015011900100439,2015년 1월 19일 18시,월요일,울산광역시 북구 명촌동,경상사고,0,0,2,0,차대차 - 측면직각충돌,안전거리미확보,건조,맑음,단일로 - 기타,승합,남,60세,경상,승용,남,23세,경상
2015011900100440,2015년 1월 19일 18시,월요일,울산광역시 남구 야음동,경상사고,0,0,2,0,차대사람 - 횡단중,신호위반,건조,맑음,교차로 - 교차로안,승용,여,51세,상해없음,보행자,남,10세,경상
2015011900100506,2015년 1월 19일 20시,월요일,울산광역시 남구 무거동,중상사고,0,1,1,0,차대차 - 기타,교차로운행방법위반,건조,맑음,교차로 - 교차로안,승용,남,26세,상해없음,승용,남,34세,경상
2015011900100530,2015년 1월 19일 21시,월요일,울산광역시 울주군 청량면,경상사고,0,0,1,0,차대차 - 측면직각충돌,안전운전불이행,건조,맑음,단일로 - 기타,화물,남,44세,상해없음,승합,남,38세,경상
2015012000100049,2015년 1월 20일 03시,화요일,울산광역시 남구 야음동,경상사고,0,0,1,0,차대사람 - 기타,신호위반,건조,맑음,교차로 - 교차로부근,이륜,남,33세,상해없음,보행자,남,40세,경상
2015012000100086,2015년 1월 20일 06시,화요일,울산광역시 울주군 온양읍,경상사고,0,0,1,0,차대차 - 측면직각충돌,교차로운행방법위반,건조,맑음,교차로 - 교차로안,승용,남,31세,상해없음,이륜,남,73세,경상
2015012000100087,2015년 1월 20일 06시,화요일,울산광역시 울주군 온양읍,중상사고,0,1,1,0,차대차 - 측면직각충돌,신호위반,건조,맑음,교차로 - 교차로안,승용,남,36세,상해없음,승용,남,37세,중상
2015012000100143,2015년 1월 20일 08시,화요일,울산광역시 중구 남외동,경상사고,0,0,2,0,차대차 - 추돌 - 주정차중,안전거리미확보,건조,맑음,단일로 - 기타,승용,남,57세,상해없음,승용,남,28세,경상
2015012000100221,2015년 1월 20일 11시,화요일,울산광역시 북구 화봉동,중상사고,0,1,0,0,차대차 - 측면직각충돌,직진우회전진행방해,건조,맑음,교차로 - 교차로안,승용,여,46세,상해없음,승용,남,59세,중상
2015012000100222,2015년 1월 20일 11시,화요일,울산광역시 울주군 청량면,경상사고,0,0,1,0,차대차 - 추돌 - 진행중,안전운전불이행,건조,맑음,교차로 - 교차로부근,승용,남,21세,상해없음,승용,여,51세,경상
2015012000100325,2015년 1월 20일 15시,화요일,울산광역시 북구 연암동,중상사고,0,1,0,0,차대차 - 측면직각충돌,신호위반,건조,맑음,교차로 - 교차로안,승용,여,36세,상해없음,이륜,남,51세,중상
2015012000100357,2015년 1월 20일 16시,화요일,울산광역시 중구 태화동,경상사고,0,0,1,0,차대차 - 측면직각충돌,안전운전불이행,건조,맑음,단일로 - 기타,승용,기타불명,기타불명,기타불명,승합,남,51세,상해없음
2015012000100447,2015년 1월 20일 19시,화요일,울산광역시 남구 삼산동,중상사고,0,1,0,0,차대차 - 측면직각충돌,안전운전불이행,건조,맑음,교차로 - 교차로안,승용,여,32세,중상,승용,여,50세,상해없음
2015012000100539,2015년 1월 20일 22시,화요일,울산광역시 남구 신정동,경상사고,0,0,2,0,차대차 - 추돌 - 주정차중,안전운전불이행,건조,맑음,교차로 - 교차로부근,승용,남,47세,상해없음,승용,남,26세,경상
2015012000100557,2015년 1월 20일 23시,화요일,울산광역시 동구 일산동,중상사고,0,1,0,0,차대사람 - 기타,안전운전불이행,건조,맑음,단일로 - 기타,승용,남,21세,상해없음,보행자,남,53세,중상
2015012100100035,2015년 1월 21일 01시,수요일,울산광역시 남구 삼산동,경상사고,0,0,1,0,차대차 - 추돌 - 주정차중,안전운전불이행,건조,맑음,교차로 - 교차로부근,승용,남,24세,상해없음,승용,남,64세,경상
2015012100100036,2015년 1월 21일 01시,수요일,울산광역시 남구 삼산동,중상사고,0,1,0,0,차대차 - 측면직각충돌,신호위반,건조,맑음,교차로 - 교차로안,승용,남,35세,상해없음,원동기,남,51세,중상
2015012100100037,2015년 1월 21일 01시,수요일,울산광역시 남구 달동,경상사고,0,0,1,0,차대차 - 측면직각충돌,안전운전불이행,건조,맑음,교차로 - 교차로안,승용,남,22세,기타불명,자전거,남,26세,경상
2015012100100118,2015년 1월 21일 07시,수요일,울산광역시 동구 일산동,중상사고,0,1,0,0,차대차 - 기타,교차로운행방법위반,건조,맑음,교차로 - 교차로안,승용,남,49세,상해없음,이륜,남,37세,중상
2015012100100119,2015년 1월 21일 07시,수요일,울산광역시 울주군 두서면,사망사고,1,0,0,0,차대사람 - 횡단중,안전운전불이행,건조,맑음,단일로 - 기타,승용,남,57세,상해없음,보행자,남,76세,사망
2015012100100139,2015년 1월 21일 08시,수요일,울산광역시 중구 복산동,경상사고,0,0,1,0,차대차 - 추돌 - 진행중,안전거리미확보,건조,맑음,교차로 - 교차로부근,화물,남,53세,상해없음,승용,여,20세,경상
2015012100100159,2015년 1월 21일 09시,수요일,울산광역시 동구 서부동,경상사고,0,0,1,0,차대차 - 추돌 - 진행중,안전운전불이행,건조,맑음,단일로 - 기타,승용,남,62세,상해없음,승용,남,66세,경상
2015012100100193,2015년 1월 21일 11시,수요일,울산광역시 북구 신천동,사망사고,1,1,0,0,차대차 - 측면직각충돌,신호위반,건조,흐림,교차로 - 교차로안,화물,남,33세,상해없음,화물,남,26세,중상
2015012100100216,2015년 1월 21일 12시,수요일,울산광역시 동구 방어동,중상사고,0,1,0,0,차대차 - 기타,교차로운행방법위반,건조,맑음,교차로 - 교차로안,승용,여,44세,상해없음,이륜,남,40세,중상
2015012100100256,2015년 1월 21일 14시,수요일,울산광역시 울주군 범서읍,경상사고,0,0,1,0,차대사람 - 횡단중,안전운전불이행,건조,맑음,교차로 - 교차로안,승용,여,40세,상해없음,보행자,여,7세,경상
2015012100100283,2015년 1월 21일 15시,수요일,울산광역시 중구 성남동,경상사고,0,0,1,0,차대사람 - 기타,안전운전불이행,습기,비,단일로 - 기타,승용,남,41세,상해없음,보행자,여,12세,경상
2015012100100284,2015년 1월 21일 15시,수요일,울산광역시 동구 방어동,중상사고,0,1,0,0,차대차 - 기타,안전운전불이행,건조,맑음,교차로 - 교차로부근,승용,여,36세,상해없음,자전거,여,58세,중상
2015012100100304,2015년 1월 21일 16시,수요일,울산광역시 동구 방어동,경상사고,0,0,1,0,차대사람 - 보도통행중,보행자보호의무위반,건조,맑음,단일로 - 횡단보도상,승용,여,48세,상해없음,보행자,여,63세,경상
2015012100100333,2015년 1월 21일 17시,수요일,울산광역시 남구 삼산동,경상사고,0,0,2,0,차대차 - 측면직각충돌,신호위반,건조,맑음,교차로 - 교차로안,승용,여,61세,경상,승용,여,30세,경상
2015012100100334,2015년 1월 21일 17시,수요일,울산광역시 남구 신정동,경상사고,0,0,1,0,차대차 - 기타,안전운전불이행,건조,맑음,교차로 - 교차로부근,승용,여,41세,상해없음,이륜,남,20세,경상
2015012100100335,2015년 1월 21일 17시,수요일,울산광역시 남구 삼산동,중상사고,0,1,0,0,차대차 - 기타,차로위반,건조,맑음,단일로 - 기타,승용,여,43세,상해없음,이륜,남,23세,중상
2015012100100336,2015년 1월 21일 17시,수요일,울산광역시 남구 여천동,중상사고,0,1,1,0,차대차 - 추돌 - 주정차중,안전운전불이행,건조,맑음,교차로 - 교차로부근,승용,남,47세,상해없음,승용,남,46세,중상
2015012100100395,2015년 1월 21일 18시,수요일,울산광역시 남구 무거동,경상사고,0,0,1,0,차대사람 - 횡단중,보행자보호의무위반,습기,비,교차로 - 교차로부근,승합,남,49세,상해없음,보행자,남,33세,경상
2015012100100436,2015년 1월 21일 19시,수요일,울산광역시 동구 방어동,중상사고,0,1,0,0,차대차 - 측면직각충돌,교차로운행방법위반,건조,맑음,교차로 - 교차로안,승용,남,30세,상해없음,이륜,남,39세,중상
2015012100100473,2015년 1월 21일 20시,수요일,울산광역시 동구 동부동,경상사고,0,0,1,0,차대차 - 측면직각충돌,직진우회전진행방해,습기,비,교차로 - 교차로안,이륜,남,48세,경상,승용,여,46세,상해없음
2015012100100474,2015년 1월 21일 20시,수요일,울산광역시 울주군 언양읍,중상사고,0,1,0,0,차대차 - 추돌 - 주정차중,안전거리미확보,습기,비,단일로 - 기타,승용,남,58세,중상,화물,남,61세,상해없음
2015012100100511,2015년 1월 21일 21시,수요일,울산광역시 북구 효문동,중상사고,0,1,0,0,차대사람 - 횡단중,보행자보호의무위반,건조,맑음,단일로 - 기타,화물,남,33세,상해없음,보행자,남,47세,중상
2015012100100512,2015년 1월 21일 21시,수요일,울산광역시 남구 무거동,중상사고,0,1,0,0,차대사람 - 길가장자리구역통행중,안전운전불이행,건조,맑음,단일로 - 기타,승용,남,50세,상해없음,보행자,남,41세,중상
2015012100100513,2015년 1월 21일 21시,수요일,울산광역시 동구 전하동,경상사고,0,0,3,0,차대차 - 측면직각충돌,교차로운행방법위반,건조,맑음,교차로 - 교차로안,승용,남,60세,상해없음,승용,남,65세,경상
2015012100100554,2015년 1월 21일 22시,수요일,울산광역시 중구 반구동,경상사고,0,0,3,0,차대차 - 측면직각충돌,안전거리미확보,습기,비,교차로 - 교차로안,승용,남,53세,상해없음,승용,남,46세,상해없음
2015012100100555,2015년 1월 21일 22시,수요일,울산광역시 북구 달천동,중상사고,0,1,0,0,차대차 - 측면직각충돌,직진우회전진행방해,습기,비,교차로 - 교차로안,승용,남,23세,상해없음,이륜,여,37세,중상
2015012100100556,2015년 1월 21일 22시,수요일,울산광역시 북구 염포동,경상사고,0,0,1,0,차대차 - 측면직각충돌,신호위반,습기,비,교차로 - 교차로안,승용,남,46세,상해없음,승용,여,50세,경상
2015012100100576,2015년 1월 21일 23시,수요일,울산광역시 북구 명촌동,중상사고,0,3,0,0,차대사람 - 기타,안전운전불이행,건조,맑음,단일로 - 기타,승용,남,29세,기타불명,보행자,남,35세,중상
2015012100100577,2015년 1월 21일 23시,수요일,울산광역시 남구 달동,경상사고,0,0,1,0,차대차 - 측면직각충돌,신호위반,습기,비,교차로 - 교차로안,승용,기타불명,기타불명,기타불명,승용,남,54세,경상
2015012200100051,2015년 1월 22일 01시,목요일,울산광역시 남구 옥동,경상사고,0,0,1,0,차대차 - 정면충돌,중앙선침범,습기,비,교차로 - 교차로안,승용,여,43세,상해없음,승용,남,59세,경상
2015012200100063,2015년 1월 22일 02시,목요일,울산광역시 북구 효문동,부상신고사고,0,0,0,1,차대차 - 측면직각충돌,신호위반,습기,비,교차로 - 교차로안,이륜,남,57세,부상신고,승용,남,36세,상해없음
2015012200100130,2015년 1월 22일 07시,목요일,울산광역시 남구 신정동,중상사고,0,1,0,0,차대차 - 추돌 - 주정차중,안전거리미확보,습기,비,단일로 - 기타,화물,남,54세,상해없음,화물,남,49세,중상
2015012200100131,2015년 1월 22일 07시,목요일,울산광역시 동구 전하동,중상사고,0,1,0,0,차대차 - 기타,신호위반,건조,맑음,교차로 - 교차로안,이륜,남,36세,상해없음,이륜,남,41세,중상
2015012200100207,2015년 1월 22일 10시,목요일,울산광역시 남구 삼산동,경상사고,0,0,1,0,차대차 - 기타,신호위반,건조,맑음,교차로 - 교차로안,승용,남,48세,기타불명,이륜,남,42세,경상
2015012200100307,2015년 1월 22일 14시,목요일,울산광역시 남구 신정동,경상사고,0,0,2,0,차대차 - 추돌 - 주정차중,안전운전불이행,건조,맑음,단일로 - 기타,승용,남,34세,상해없음,승용,남,34세,경상
2015012200100360,2015년 1월 22일 16시,목요일,울산광역시 북구 명촌동,중상사고,0,1,0,0,차대차 - 측면직각충돌,안전거리미확보,건조,맑음,단일로 - 교량,건설기계,남,33세,상해없음,승용,여,53세,중상
2015012200100425,2015년 1월 22일 18시,목요일,울산광역시 중구 학산동,경상사고,0,0,1,0,차대사람 - 기타,신호위반,건조,맑음,단일로 - 횡단보도상,승용,남,73세,상해없음,보행자,여,18세,경상
2015012200100473,2015년 1월 22일 19시,목요일,울산광역시 남구 무거동,경상사고,0,0,2,0,차대차 - 기타,차로위반,건조,맑음,단일로 - 기타,화물,남,48세,상해없음,화물,남,53세,경상
2015012200100501,2015년 1월 22일 20시,목요일,울산광역시 남구 두왕동,경상사고,0,0,2,0,차대차 - 정면충돌,신호위반,건조,맑음,교차로 - 교차로안,승용,남,57세,상해없음,승용,남,47세,경상
2015012200100533,2015년 1월 22일 21시,목요일,울산광역시 북구 명촌동,경상사고,0,0,1,0,차대사람 - 기타,안전운전불이행,건조,맑음,교차로 - 교차로부근,화물,남,53세,상해없음,보행자,남,39세,경상
2015012200100534,2015년 1월 22일 21시,목요일,울산광역시 남구 달동,경상사고,0,0,2,0,차대차 - 추돌 - 주정차중,안전운전불이행,건조,맑음,교차로 - 교차로부근,승용,남,47세,상해없음,승합,남,52세,경상
2015012300100021,2015년 1월 23일 00시,금요일,울산광역시 남구 삼산동,경상사고,0,0,2,0,차대차 - 기타,신호위반,건조,맑음,교차로 - 교차로안,승용,남,49세,상해없음,승용,남,37세,경상
2015012300100059,2015년 1월 23일 02시,금요일,울산광역시 남구 달동,경상사고,0,0,2,0,차대차 - 추돌 - 주정차중,안전운전불이행,건조,맑음,단일로 - 기타,승용,남,35세,상해없음,승용,남,51세,경상
2015012300100060,2015년 1월 23일 02시,금요일,울산광역시 남구 달동,중상사고,0,1,0,0,차대사람 - 기타,안전운전불이행,건조,맑음,단일로 - 기타,승용,남,56세,상해없음,보행자,여,45세,중상
2015012300100078,2015년 1월 23일 04시,금요일,울산광역시 북구 신천동,경상사고,0,0,1,1,차대차 - 추돌 - 주정차중,안전운전불이행,건조,맑음,교차로 - 교차로부근,승용,여,41세,부상신고,화물,남,43세,경상
2015012300100106,2015년 1월 23일 06시,금요일,울산광역시 동구 화정동,중상사고,0,1,0,0,차대차 - 기타,중앙선침범,건조,흐림,단일로 - 교량,화물,남,47세,상해없음,이륜,남,33세,중상
2015012300100133,2015년 1월 23일 07시,금요일,울산광역시 남구 신정동,경상사고,0,0,1,0,차대차 - 기타,안전운전불이행,건조,맑음,교차로 - 교차로안,승용,남,41세,상해없음,자전거,남,59세,경상
2015012300100134,2015년 1월 23일 07시,금요일,울산광역시 동구 방어동,중상사고,0,1,0,0,차대차 - 기타,안전운전불이행,건조,맑음,교차로 - 교차로부근,승용,남,24세,상해없음,이륜,남,19세,중상
2015012300100165,2015년 1월 23일 08시,금요일,울산광역시 남구 신정동,중상사고,0,1,0,0,차대차 - 기타,교차로운행방법위반,건조,맑음,교차로 - 교차로안,승용,남,59세,기타불명,자전거,남,25세,중상
2015012300100166,2015년 1월 23일 08시,금요일,울산광역시 울주군 삼남면,중상사고,0,1,0,0,차대사람 - 길가장자리구역통행중,안전운전불이행,건조,맑음,단일로 - 기타,승용,남,55세,상해없음,보행자,남,57세,중상
2015012300100221,2015년 1월 23일 10시,금요일,울산광역시 북구 화봉동,경상사고,0,0,1,0,차대차 - 측면직각충돌,차로위반,건조,맑음,단일로 - 기타,화물,남,52세,상해없음,승용,여,38세,경상
2015012300100222,2015년 1월 23일 10시,금요일,울산광역시 울주군 범서읍,경상사고,0,0,1,0,차대차 - 정면충돌,중앙선침범,건조,맑음,단일로 - 교량,승용,여,55세,상해없음,승용,남,47세,경상
2015012300100255,2015년 1월 23일 11시,금요일,울산광역시 중구 약사동,부상신고사고,0,0,0,1,차량단독 - 공작물충돌,안전운전불이행,건조,맑음,단일로 - 기타,승용,남,28세,부상신고,,,,
2015012300100302,2015년 1월 23일 13시,금요일,울산광역시 북구 호계동,중상사고,0,1,1,0,차대차 - 기타,안전거리미확보,건조,맑음,단일로 - 기타,이륜,남,50세,중상,승용,여,40세,상해없음
2015012300100425,2015년 1월 23일 17시,금요일,울산광역시 중구 서동,중상사고,0,1,0,0,차대차 - 기타,중앙선침범,건조,맑음,단일로 - 기타,승용,남,54세,상해없음,이륜,남,18세,중상
2015012300100469,2015년 1월 23일 18시,금요일,울산광역시 중구 성남동,부상신고사고,0,0,0,1,차대차 - 기타,신호위반,건조,맑음,교차로 - 교차로안,자전거,남,51세,부상신고,승용,남,60세,상해없음
2015012300100497,2015년 1월 23일 19시,금요일,울산광역시 울주군 범서읍,중상사고,0,1,0,0,차대차 - 추돌 - 주정차중,안전운전불이행,건조,맑음,단일로 - 기타,승용,여,36세,중상,건설기계,남,36세,기타불명
2015012300100556,2015년 1월 23일 21시,금요일,울산광역시 중구 남외동,중상사고,0,2,0,0,차대차 - 측면직각충돌,신호위반,건조,맑음,교차로 - 교차로안,승용,남,52세,상해없음,승용,남,56세,중상
2015012400100060,2015년 1월 24일 02시,토요일,울산광역시 남구 달동,경상사고,0,0,1,0,차대차 - 측면직각충돌,중앙선침범,건조,맑음,단일로 - 기타,승용,남,22세,상해없음,승용,남,29세,기타불명
2015012400100108,2015년 1월 24일 06시,토요일,울산광역시 북구 화봉동,중상사고,0,1,0,0,차대사람 - 기타,신호위반,건조,맑음,교차로 - 교차로안,승용,남,58세,상해없음,보행자,여,26세,중상
2015012400100126,2015년 1월 24일 07시,토요일,울산광역시 울주군 온산읍,부상신고사고,0,0,0,1,차대차 - 정면충돌,신호위반,건조,맑음,교차로 - 교차로안,이륜,남,57세,부상신고,승용,남,56세,상해없음
2015012400100136,2015년 1월 24일 08시,토요일,울산광역시 북구 명촌동,경상사고,0,0,1,0,차대차 - 기타,안전운전불이행,건조,맑음,단일로 - 기타,승용,여,52세,상해없음,자전거,남,26세,경상
2015012400100137,2015년 1월 24일 08시,토요일,울산광역시 중구 태화동,중상사고,0,1,0,0,차량단독 - 공작물충돌,안전운전불이행,건조,맑음,단일로 - 기타,승합,남,41세,중상,,,,
2015012400100162,2015년 1월 24일 09시,토요일,울산광역시 남구 신정동,중상사고,0,1,0,0,차대차 - 측면직각충돌,교차로운행방법위반,건조,맑음,교차로 - 교차로안,이륜,남,66세,중상,승용,남,25세,상해없음
2015012400100205,2015년 1월 24일 11시,토요일,울산광역시 중구 남외동,경상사고,0,0,1,0,차대차 - 측면직각충돌,안전운전불이행,건조,맑음,단일로 - 기타,승용,남,52세,경상,승합,남,45세,상해없음
2015012400100243,2015년 1월 24일 12시,토요일,울산광역시 남구 삼산동,부상신고사고,0,0,0,1,차대차 - 기타,교차로운행방법위반,기타,기타,교차로 - 교차로안,승용,남,40세,상해없음,승용,남,39세,부상신고
2015012400100291,2015년 1월 24일 14시,토요일,울산광역시 남구 달동,경상사고,0,0,1,0,차대차 - 기타,신호위반,건조,맑음,교차로 - 교차로안,승용,기타불명,기타불명,기타불명,이륜,남,26세,경상
2015012400100313,2015년 1월 24일 15시,토요일,울산광역시 중구 다운동,경상사고,0,0,1,0,차대차 - 기타,안전운전불이행,건조,맑음,단일로 - 기타,승용,남,31세,상해없음,승용,여,37세,경상
2015012400100369,2015년 1월 24일 17시,토요일,울산광역시 동구 방어동,경상사고,0,0,1,0,차대차 - 기타,안전운전불이행,건조,맑음,교차로 - 교차로안,원동기,남,60세,경상,승합,남,61세,상해없음
2015012400100416,2015년 1월 24일 18시,토요일,울산광역시 북구 신천동,중상사고,0,1,0,0,차량단독 - 전도전복,안전운전불이행,건조,맑음,단일로 - 기타,원동기,남,76세,중상,,,,
2015012400100417,2015년 1월 24일 18시,토요일,울산광역시 중구 반구동,경상사고,0,0,1,0,차대사람 - 기타,안전운전불이행,건조,맑음,단일로 - 기타,승용,여,61세,상해없음,보행자,여,43세,경상
2015012400100523,2015년 1월 24일 21시,토요일,울산광역시 동구 방어동,경상사고,0,0,1,0,차대사람 - 보도통행중,안전운전불이행,건조,맑음,단일로 - 횡단보도상,자전거,남,22세,상해없음,보행자,여,56세,경상
2015012400100524,2015년 1월 24일 21시,토요일,울산광역시 울주군 범서읍,중상사고,0,1,0,0,차대사람 - 횡단중,기타,건조,맑음,단일로 - 횡단보도상,승용,남,64세,상해없음,보행자,여,21세,중상
2015012400100554,2015년 1월 24일 22시,토요일,울산광역시 남구 달동,경상사고,0,0,1,0,차대차 - 측면직각충돌,신호위반,건조,맑음,단일로 - 기타,승용,남,26세,상해없음,승용,남,46세,경상
2015012400100576,2015년 1월 24일 23시,토요일,울산광역시 남구 달동,중상사고,0,1,2,0,차대차 - 기타,안전운전불이행,건조,맑음,교차로 - 교차로부근,승용,남,54세,상해없음,승합,남,33세,경상
2015012500100020,2015년 1월 25일 01시,일요일,울산광역시 남구 달동,경상사고,0,0,1,0,차대차 - 기타,안전운전불이행,건조,맑음,단일로 - 기타,승용,남,35세,상해없음,승용,남,26세,경상
2015012500100033,2015년 1월 25일 02시,일요일,울산광역시 중구 남외동,부상신고사고,0,0,0,1,차량단독 - 공작물충돌,안전운전불이행,건조,맑음,단일로 - 기타,승용,남,25세,부상신고,,,,
2015012500100049,2015년 1월 25일 03시,일요일,울산광역시 북구 연암동,사망사고,1,0,0,0,차대사람 - 횡단중,안전운전불이행,건조,맑음,단일로 - 기타,승용,남,62세,상해없음,보행자,남,48세,사망
2015012500100050,2015년 1월 25일 03시,일요일,울산광역시 중구 다운동,경상사고,0,0,3,0,차대차 - 측면직각충돌,과속,건조,맑음,교차로 - 교차로안,승용,남,52세,경상,승용,여,34세,경상
2015012500100078,2015년 1월 25일 06시,일요일,울산광역시 남구 달동,경상사고,0,0,1,0,차대차 - 측면직각충돌,중앙선침범,건조,맑음,단일로 - 기타,승용,남,24세,상해없음,화물,남,48세,경상
2015012500100090,2015년 1월 25일 07시,일요일,울산광역시 중구 다운동,부상신고사고,0,0,0,1,차대차 - 추돌 - 진행중,안전운전불이행,건조,맑음,교차로 - 교차로안,승용,남,22세,부상신고,화물,남,53세,상해없음
2015012500100105,2015년 1월 25일 08시,일요일,울산광역시 중구 태화동,경상사고,0,0,1,0,차대차 - 기타,안전거리미확보,건조,맑음,단일로 - 기타,승용,남,24세,상해없음,승용,남,66세,경상
2015012500100146,2015년 1월 25일 11시,일요일,울산광역시 중구 우정동,부상신고사고,0,0,0,1,차대사람 - 기타,안전운전불이행,건조,맑음,단일로 - 기타,승용,기타불명,기타불명,기타불명,보행자,남,42세,부상신고
2015012500100414,2015년 1월 25일 21시,일요일,울산광역시 북구 진장동,중상사고,0,1,3,1,차대차 - 측면직각충돌,교차로운행방법위반,습기,흐림,교차로 - 교차로안,승용,남,59세,경상,승용,남,58세,경상
2015012500100415,2015년 1월 25일 21시,일요일,울산광역시 울주군 범서읍,경상사고,0,0,1,0,차대차 - 정면충돌,중앙선침범,습기,비,단일로 - 기타,승용,여,38세,상해없음,이륜,남,40세,경상
2015012500100463,2015년 1월 25일 23시,일요일,울산광역시 중구 반구동,경상사고,0,0,1,0,차대차 - 측면직각충돌,신호위반,건조,맑음,교차로 - 교차로안,이륜,남,16세,상해없음,승용,여,54세,경상
2015012600100096,2015년 1월 26일 07시,월요일,울산광역시 중구 남외동,경상사고,0,0,3,0,차대사람 - 횡단중,안전운전불이행,습기,비,단일로 - 기타,승용,남,65세,상해없음,보행자,남,49세,경상
2015012600100097,2015년 1월 26일 07시,월요일,울산광역시 남구 무거동,중상사고,0,1,0,0,차대사람 - 횡단중,보행자보호의무위반,습기,비,단일로 - 횡단보도상,승용,남,47세,상해없음,보행자,남,66세,중상
2015012600100098,2015년 1월 26일 07시,월요일,울산광역시 울주군 범서읍,중상사고,0,1,0,0,차대사람 - 횡단중,보행자보호의무위반,습기,비,단일로 - 기타,승용,남,43세,상해없음,보행자,여,31세,중상
2015012600100145,2015년 1월 26일 09시,월요일,울산광역시 울주군 언양읍,부상신고사고,0,0,0,1,차량단독 - 공작물충돌,안전운전불이행,건조,맑음,단일로 - 기타,승용,남,57세,부상신고,,,,
2015012600100349,2015년 1월 26일 16시,월요일,울산광역시 남구 신정동,중상사고,0,1,1,0,차대차 - 추돌 - 진행중,안전운전불이행,건조,맑음,단일로 - 기타,화물,남,42세,상해없음,승용,여,29세,중상
2015012600100374,2015년 1월 26일 17시,월요일,울산광역시 울주군 범서읍,경상사고,0,0,1,0,차대사람 - 길가장자리구역통행중,안전운전불이행,건조,맑음,단일로 - 기타,승용,남,56세,상해없음,보행자,여,38세,경상
2015012600100459,2015년 1월 26일 19시,월요일,울산광역시 중구 반구동,경상사고,0,0,1,0,차대차 - 측면직각충돌,직진우회전진행방해,건조,맑음,교차로 - 교차로안,승용,여,55세,상해없음,이륜,남,19세,경상
2015012600100536,2015년 1월 26일 22시,월요일,울산광역시 남구 달동,경상사고,0,0,1,0,차대사람 - 길가장자리구역통행중,안전운전불이행,건조,맑음,교차로 - 교차로부근,승용,남,52세,상해없음,보행자,남,23세,경상
2015012600100537,2015년 1월 26일 22시,월요일,울산광역시 남구 삼산동,중상사고,0,1,0,0,차대차 - 기타,안전운전불이행,기타,맑음,교차로 - 교차로부근,승용,여,53세,상해없음,승용,남,58세,중상
2015012600100538,2015년 1월 26일 22시,월요일,울산광역시 울주군 온양읍,경상사고,0,0,1,0,차대차 - 추돌 - 진행중,직진우회전진행방해,건조,흐림,교차로 - 교차로안,승용,남,39세,상해없음,승용,남,62세,경상
2015012600100563,2015년 1월 26일 23시,월요일,울산광역시 북구 매곡동,부상신고사고,0,0,0,1,차대차 - 기타,안전운전불이행,건조,맑음,단일로 - 기타,승용,남,33세,부상신고,승용,남,49세,상해없음
2015012600100564,2015년 1월 26일 23시,월요일,울산광역시 중구 태화동,경상사고,0,0,1,0,차대차 - 측면직각충돌,안전운전불이행,건조,흐림,단일로 - 기타,승용,남,47세,상해없음,승용,여,57세,기타불명