사고번호,사고일시,요일,시군구,사고내용,사망자수,중상자수,경상자수,부상신고자수,사고유형,법규위반,노면상태,기상상태,도로형태,가해운전자 차종,가해운전자 성별,가해운전자 연령,가해운전자 상해정도,피해운전자 차종,피해운전자 성별,피해운전자 연령,피해운전자 상해정도
2015020400100444,2015년 2월 4일 18시,수요일,울산광역시 남구 삼산동,경상사고,0,0,1,0,차대차 - 기타,안전운전불이행,건조,맑음,단일로 - 기타,승용,여,53세,상해없음,승용,남,55세,기타불명
2015020400100479,2015년 2월 4일 19시,수요일,울산광역시 북구 호계동,경상사고,0,0,1,0,차대차 - 기타,교차로운행방법위반,건조,맑음,단일로 - 기타,승용,남,50세,상해없음,원동기,남,37세,경상
2015020400100480,2015년 2월 4일 19시,수요일,울산광역시 남구 삼산동,경상사고,0,0,1,0,차대사람 - 기타,안전운전불이행,건조,맑음,단일로 - 기타,승용,남,49세,상해없음,보행자,남,11세,경상
2015020400100537,2015년 2월 4일 21시,수요일,울산광역시 남구 신정동,경상사고,0,0,1,0,차대차 - 정면충돌,신호위반,건조,맑음,교차로 - 교차로안,승용,남,56세,상해없음,승용,여,40세,경상
2015020400100568,2015년 2월 4일 22시,수요일,울산광역시 동구 방어동,중상사고,0,1,0,0,차량단독 - 전도전복,안전운전불이행,건조,맑음,단일로 - 기타,이륜,남,18세,상해없음,,,,
2015020500100046,2015년 2월 5일 02시,목요일,울산광역시 남구 삼산동,중상사고,0,1,0,0,차량단독 - 공작물충돌,안전운전불이행,건조,맑음,교차로 - 교차로부근,승용,남,39세,중상,,,,
2015020500100054,2015년 2월 5일 04시,목요일,울산광역시 남구 삼산동,중상사고,0,1,0,0,차대사람 - 기타,안전운전불이행,건조,맑음,단일로 - 기타,승용,여,57세,상해없음,보행자,여,21세,중상
2015020500100078,2015년 2월 5일 06시,목요일,울산광역시 울주군 삼남면,중상사고,0,1,0,0,차대차 - 추돌 - 진행중,안전운전불이행,건조,맑음,단일로 - 기타,승용,남,33세,상해없음,농기계,남,70세,중상
2015020500100138,2015년 2월 5일 08시,목요일,울산광역시 북구 진장동,경상사고,0,0,3,0,차대차 - 추돌 - 주정차중,안전거리미확보,건조,맑음,교차로 - 교차로부근,승합,남,40세,상해없음,승용,남,38세,경상
2015020500100165,2015년 2월 5일 09시,목요일,울산광역시 북구 산하동,중상사고,0,1,0,0,차대사람 - 횡단중,안전운전불이행,건조,맑음,단일로 - 기타,건설기계,남,58세,상해없음,보행자,남,15세,중상
2015020500100212,2015년 2월 5일 11시,목요일,울산광역시 남구 달동,경상사고,0,0,1,0,차대차 - 추돌 - 주정차중,안전거리미확보,건조,맑음,단일로 - 기타,승용,남,49세,상해없음,승용,여,39세,경상
2015020500100235,2015년 2월 5일 12시,목요일,울산광역시 남구 달동,경상사고,0,0,1,0,차대사람 - 기타,보행자보호의무위반,건조,맑음,단일로 - 횡단보도상,승용,남,52세,상해없음,보행자,남,48세,경상
2015020500100257,2015년 2월 5일 13시,목요일,울산광역시 동구 서부동,경상사고,0,0,1,0,차량단독 - 기타,안전운전불이행,건조,맑음,교차로 - 교차로부근,이륜,남,17세,경상,,,,
2015020500100274,2015년 2월 5일 14시,목요일,울산광역시 남구 달동,중상사고,0,1,0,0,차대차 - 기타,안전운전불이행,건조,맑음,단일로 - 기타,승용,여,47세,상해없음,자전거,남,69세,중상
2015020500100352,2015년 2월 5일 17시,목요일,울산광역시 남구 옥동,경상사고,0,0,1,0,차대차 - 기타,안전운전불이행,건조,맑음,단일로 - 기타,승용,남,62세,상해없음,원동기,남,30세,경상
2015020500100430,2015년 2월 5일 19시,목요일,울산광역시 울주군 범서읍,중상사고,0,1,0,0,차대사람 - 차도통행중,안전운전불이행,결빙,기타,단일로 - 기타,승용,남,33세,상해없음,보행자,여,50세,중상
2015020500100467,2015년 2월 5일 20시,목요일,울산광역시 남구 신정동,경상사고,0,0,1,0,차대차 - 기타,교차로운행방법위반,건조,맑음,교차로 - 교차로부근,승용,남,58세,상해없음,이륜,남,16세,상해없음
2015020500100490,2015년 2월 5일 21시,목요일,울산광역시 울주군 서생면,경상사고,0,0,2,0,차대차 - 기타,안전운전불이행,건조,흐림,단일로 - 기타,승용,남,57세,상해없음,승용,남,32세,경상
2015020500100543,2015년 2월 5일 23시,목요일,울산광역시 남구 신정동,중상사고,0,1,0,0,차대차 - 측면직각충돌,신호위반,건조,맑음,교차로 - 교차로안,승용,남,71세,상해없음,이륜,남,53세,중상
2015020600100017,2015년 2월 6일 00시,금요일,울산광역시 남구 신정동,경상사고,0,0,1,0,차대차 - 기타,안전운전불이행,건조,맑음,단일로 - 기타,승용,남,49세,상해없음,이륜,남,38세,경상
2015020600100018,2015년 2월 6일 00시,금요일,울산광역시 울주군 청량면,중상사고,0,1,2,0,차대차 - 측면직각충돌,기타,건조,맑음,단일로 - 기타,화물,남,47세,상해없음,승용,남,57세,중상
2015020600100044,2015년 2월 6일 02시,금요일,울산광역시 중구 태화동,경상사고,0,0,1,0,차대차 - 추돌 - 진행중,안전운전불이행,건조,맑음,단일로 - 기타,승용,여,40세,상해없음,승용,남,68세,경상
2015020600100045,2015년 2월 6일 02시,금요일,울산광역시 남구 신정동,경상사고,0,0,1,0,차대사람 - 횡단중,신호위반,건조,맑음,교차로 - 교차로부근,이륜,남,17세,상해없음,보행자,남,38세,경상
2015020600100065,2015년 2월 6일 05시,금요일,울산광역시 북구 신천동,경상사고,0,0,2,1,차대차 - 측면직각충돌,신호위반,건조,맑음,교차로 - 교차로안,화물,남,56세,부상신고,화물,남,52세,경상
2015020600100077,2015년 2월 6일 06시,금요일,울산광역시 울주군 온산읍,중상사고,0,1,0,0,차대차 - 기타,신호위반,건조,흐림,교차로 - 교차로안,승용,남,20세,상해없음,이륜,남,19세,중상
2015020600100102,2015년 2월 6일 07시,금요일,울산광역시 중구 유곡동,경상사고,0,0,1,0,차대차 - 측면직각충돌,신호위반,건조,맑음,교차로 - 교차로안,승용,여,46세,상해없음,승용,여,42세,경상
2015020600100142,2015년 2월 6일 08시,금요일,울산광역시 남구 신정동,경상사고,0,0,2,0,차대차 - 측면직각충돌,안전거리미확보,건조,맑음,단일로 - 기타,화물,남,43세,상해없음,승용,남,29세,경상
2015020600100171,2015년 2월 6일 09시,금요일,울산광역시 울주군 상북면,경상사고,0,0,2,0,차대차 - 추돌 - 진행중,안전운전불이행,건조,맑음,단일로 - 기타,승용,여,35세,상해없음,승용,여,60세,경상
2015020600100248,2015년 2월 6일 12시,금요일,울산광역시 남구 여천동,중상사고,0,1,1,0,차대차 - 측면직각충돌,신호위반,건조,맑음,교차로 - 교차로안,승용,여,23세,중상,승용,남,50세,경상
2015020600100336,2015년 2월 6일 15시,금요일,울산광역시 울주군 언양읍,경상사고,0,0,2,1,차대차 - 정면충돌,중앙선침범,건조,맑음,단일로 - 기타,승용,남,32세,상해없음,화물,남,51세,경상
2015020600100367,2015년 2월 6일 16시,금요일,울산광역시 북구 연암동,경상사고,0,0,6,0,차대차 - 측면직각충돌,안전거리미확보,건조,맑음,단일로 - 기타,승용,여,47세,상해없음,승용,남,30세,경상
2015020600100401,2015년 2월 6일 17시,금요일,울산광역시 울주군 두동면,사망사고,1,0,1,1,차대차 - 정면충돌,중앙선침범,건조,맑음,단일로 - 기타,승용,남,61세,사망,승용,남,30세,부상신고
2015020600100587,2015년 2월 6일 22시,금요일,울산광역시 중구 학산동,사망사고,2,0,0,0,차대사람 - 차도통행중,안전운전불이행,건조,맑음,단일로 - 기타,이륜,남,25세,사망,보행자,남,55세,사망
2015020700100021,2015년 2월 7일 00시,토요일,울산광역시 중구 남외동,경상사고,0,0,1,0,차대차 - 측면직각충돌,신호위반,건조,맑음,교차로 - 교차로안,승용,남,47세,상해없음,승용,남,57세,경상
2015020700100055,2015년 2월 7일 02시,토요일,울산광역시 중구 성남동,중상사고,0,1,0,0,차대차 - 기타,안전운전불이행,건조,맑음,단일로 - 기타,승용,남,36세,상해없음,승용,여,47세,기타불명
2015020700100078,2015년 2월 7일 04시,토요일,울산광역시 남구 신정동,중상사고,0,3,0,0,차대차 - 정면충돌,신호위반,건조,맑음,교차로 - 교차로안,승용,남,64세,상해없음,승용,남,56세,중상
2015020700100079,2015년 2월 7일 04시,토요일,울산광역시 울주군 온산읍,부상신고사고,0,0,0,1,차량단독 - 공작물충돌,안전운전불이행,건조,맑음,단일로 - 기타,승용,남,27세,부상신고,,,,
2015020700100128,2015년 2월 7일 08시,토요일,울산광역시 중구 학산동,중상사고,0,1,0,0,차대차 - 측면직각충돌,안전운전불이행,건조,맑음,교차로 - 교차로안,승용,남,58세,상해없음,자전거,여,54세,중상
2015020700100129,2015년 2월 7일 08시,토요일,울산광역시 울주군 상북면,중상사고,0,1,0,0,차대차 - 측면직각충돌,교차로운행방법위반,건조,맑음,교차로 - 교차로안,화물,남,46세,상해없음,승합,남,51세,중상
2015020700100252,2015년 2월 7일 13시,토요일,울산광역시 남구 옥동,중상사고,0,1,0,0,차대사람 - 보도통행중,안전운전불이행,건조,맑음,단일로 - 기타,승용,여,64세,상해없음,보행자,남,23세,중상
2015020700100312,2015년 2월 7일 15시,토요일,울산광역시 북구 진장동,경상사고,0,0,3,0,차대차 - 추돌 - 주정차중,안전운전불이행,건조,맑음,단일로 - 기타,승용,남,52세,상해없음,승용,남,32세,경상
2015020700100395,2015년 2월 7일 18시,토요일,울산광역시 중구 반구동,중상사고,0,1,2,0,차대사람 - 기타,안전운전불이행,건조,맑음,단일로 - 기타,승용,여,49세,중상,보행자,여,25세,경상
2015020700100461,2015년 2월 7일 20시,토요일,울산광역시 울주군 삼남면,중상사고,0,1,0,0,차대차 - 기타,안전운전불이행,건조,맑음,단일로 - 기타,승합,남,46세,상해없음,화물,남,50세,상해없음
2015020700100492,2015년 2월 7일 21시,토요일,울산광역시 남구 달동,중상사고,0,1,0,0,차대사람 - 기타,안전운전불이행,기타,맑음,단일로 - 기타,승용,남,30세,상해없음,보행자,남,54세,중상
2015020700100493,2015년 2월 7일 21시,토요일,울산광역시 남구 무거동,경상사고,0,0,1,0,차대차 - 추돌 - 진행중,안전운전불이행,건조,맑음,교차로 - 교차로부근,승용,여,46세,상해없음,이륜,남,28세,경상
2015020700100518,2015년 2월 7일 22시,토요일,울산광역시 남구 옥동,경상사고,0,0,1,0,차대차 - 측면직각충돌,교차로운행방법위반,건조,맑음,교차로 - 교차로안,승용,남,54세,상해없음,이륜,남,56세,경상
2015020700100539,2015년 2월 7일 23시,토요일,울산광역시 북구 상안동,중상사고,0,1,0,1,차대차 - 측면직각충돌,중앙선침범,건조,맑음,단일로 - 기타,승용,남,36세,부상신고,승용,남,29세,상해없음
2015020800100058,2015년 2월 8일 02시,일요일,울산광역시 남구 달동,경상사고,0,0,2,0,차대사람 - 횡단중,안전운전불이행,건조,맑음,교차로 - 교차로안,승용,남,32세,상해없음,보행자,남,52세,경상
2015020800100190,2015년 2월 8일 12시,일요일,울산광역시 남구 달동,경상사고,0,0,3,0,차대차 - 측면직각충돌,교차로운행방법위반,건조,맑음,교차로 - 교차로안,원동기,남,18세,경상,승용,남,54세,경상
2015020800100209,2015년 2월 8일 13시,일요일,울산광역시 남구 무거동,경상사고,0,0,1,0,차대차 - 측면직각충돌,중앙선침범,건조,맑음,교차로 - 교차로부근,승용,남,40세,상해없음,승용,여,33세,경상
2015020800100245,2015년 2월 8일 14시,일요일,울산광역시 북구 천곡동,중상사고,0,1,0,0,차대사람 - 기타,안전운전불이행,기타,맑음,단일로 - 기타,승용,남,45세,상해없음,보행자,여,14세,중상
2015020800100246,2015년 2월 8일 14시,일요일,울산광역시 동구 전하동,경상사고,0,0,1,0,차대사람 - 기타,안전운전불이행,건조,맑음,단일로 - 기타,승용,남,50세,상해없음,보행자,여,71세,경상
2015020800100290,2015년 2월 8일 16시,일요일,울산광역시 북구 연암동,경상사고,0,0,2,0,차대차 - 기타,안전운전불이행,건조,맑음,교차로 - 교차로부근,승용,여,20세,상해없음,승용,여,28세,경상
2015020800100291,2015년 2월 8일 16시,일요일,울산광역시 동구 전하동,사망사고,1,0,0,0,차대사람 - 보도통행중,안전운전불이행,건조,맑음,단일로 - 기타,승합,남,43세,상해없음,보행자,여,8세,사망
2015020800100292,2015년 2월 8일 16시,일요일,울산광역시 동구 방어동,경상사고,0,0,3,0,차대차 - 기타,안전운전불이행,건조,맑음,교차로 - 교차로안,승용,남,34세,상해없음,승용,남,32세,경상
2015020800100351,2015년 2월 8일 18시,일요일,울산광역시 중구 태화동,경상사고,0,0,12,0,차대차 - 추돌 - 주정차중,안전운전불이행,건조,맑음,단일로 - 기타,승용,남,40세,상해없음,승용,여,43세,경상
2015020800100384,2015년 2월 8일 19시,일요일,울산광역시 중구 복산동,경상사고,0,0,1,0,차대차 - 기타,신호위반,건조,맑음,단일로 - 횡단보도상,기타불명,기타불명,기타불명,기타불명,자전거,여,56세,경상
2015020800100416,2015년 2월 8일 20시,일요일,울산광역시 북구 명촌동,중상사고,0,3,0,0,차대차 - 추돌 - 주정차중,안전운전불이행,건조,맑음,단일로 - 기타,승용,남,51세,상해없음,승용,여,53세,중상
2015020800100462,2015년 2월 8일 22시,일요일,울산광역시 남구 달동,경상사고,0,0,1,0,차대사람 - 횡단중,안전운전불이행,기타,맑음,단일로 - 기타,승용,남,52세,상해없음,보행자,남,22세,경상
2015020900100042,2015년 2월 9일 05시,월요일,울산광역시 울주군 두서면,중상사고,0,1,0,0,차대차 - 기타,안전거리미확보,건조,맑음,단일로 - 기타,화물,남,42세,상해없음,승용,남,53세,중상
2015020900100079,2015년 2월 9일 07시,월요일,울산광역시 동구 서부동,경상사고,0,0,1,0,차대차 - 기타,차로위반,건조,맑음,단일로 - 교량,승용,남,42세,상해없음,이륜,남,34세,경상
2015020900100080,2015년 2월 9일 07시,월요일,울산광역시 동구 전하동,경상사고,0,0,1,0,차대차 - 측면직각충돌,교차로운행방법위반,건조,맑음,교차로 - 교차로안,승용,남,29세,상해없음,승용,여,29세,경상
2015020900100183,2015년 2월 9일 10시,월요일,울산광역시 중구 남외동,중상사고,0,1,0,0,차대차 - 측면직각충돌,신호위반,건조,맑음,교차로 - 교차로안,승용,여,23세,기타불명,승용,여,50세,중상
2015020900100184,2015년 2월 9일 10시,월요일,울산광역시 남구 삼산동,경상사고,0,0,1,0,차대사람 - 기타,안전운전불이행,건조,맑음,교차로 - 교차로부근,승용,남,30세,상해없음,보행자,여,87세,경상
2015020900100288,2015년 2월 9일 14시,월요일,울산광역시 북구 중산동,경상사고,0,0,1,0,차대차 - 측면직각충돌,신호위반,건조,맑음,교차로 - 교차로안,승용,여,58세,상해없음,승용,여,49세,경상
2015020900100323,2015년 2월 9일 15시,월요일,울산광역시 남구 신정동,경상사고,0,0,1,0,차대차 - 측면직각충돌,중앙선침범,건조,맑음,교차로 - 교차로부근,자전거,남,62세,경상,승용,남,64세,상해없음
2015020900100382,2015년 2월 9일 16시,월요일,울산광역시 북구 연암동,경상사고,0,0,2,0,차대차 - 측면직각충돌,신호위반,건조,맑음,교차로 - 교차로안,승용,여,56세,상해없음,승용,남,49세,경상
2015020900100431,2015년 2월 9일 17시,월요일,울산광역시 남구 달동,경상사고,0,0,1,0,차대차 - 추돌 - 진행중,안전거리미확보,건조,맑음,단일로 - 기타,승용,남,50세,상해없음,화물,남,27세,경상
2015020900100493,2015년 2월 9일 18시,월요일,울산광역시 중구 반구동,중상사고,0,1,0,0,차대사람 - 횡단중,안전운전불이행,건조,맑음,단일로 - 기타,승용,남,55세,상해없음,보행자,남,17세,중상
2015020900100494,2015년 2월 9일 18시,월요일,울산광역시 북구 염포동,경상사고,0,0,1,0,차대차 - 추돌 - 주정차중,안전운전불이행,건조,맑음,교차로 - 교차로부근,승용,남,61세,상해없음,승용,남,30세,경상
2015020900100579,2015년 2월 9일 20시,월요일,울산광역시 동구 일산동,경상사고,0,0,2,0,차대차 - 기타,안전운전불이행,건조,맑음,교차로 - 교차로부근,이륜,여,48세,상해없음,이륜,남,25세,경상
2015020900100608,2015년 2월 9일 21시,월요일,울산광역시 남구 선암동,중상사고,0,1,0,0,차대차 - 측면직각충돌,신호위반,건조,맑음,교차로 - 교차로안,승용,남,61세,상해없음,이륜,남,47세,중상
2015021000100027,2015년 2월 10일 01시,화요일,울산광역시 남구 삼산동,중상사고,0,1,1,1,차대차 - 측면직각충돌,안전운전불이행,건조,맑음,교차로 - 교차로안,화물,남,37세,상해없음,승용,남,45세,경상
2015021000100051,2015년 2월 10일 05시,화요일,울산광역시 남구 야음동,경상사고,0,0,2,0,차대차 - 추돌 - 주정차중,안전운전불이행,건조,맑음,단일로 - 기타,승용,남,29세,상해없음,승용,남,49세,경상
2015021000100068,2015년 2월 10일 06시,화요일,울산광역시 북구 명촌동,경상사고,0,0,1,0,차대사람 - 횡단중,보행자보호의무위반,건조,맑음,교차로 - 교차로안,화물,남,56세,상해없음,보행자,남,35세,경상
2015021000100069,2015년 2월 10일 06시,화요일,울산광역시 남구 야음동,부상신고사고,0,0,0,1,차대차 - 측면직각충돌,안전운전불이행,건조,맑음,단일로 - 기타,이륜,남,29세,부상신고,화물,남,64세,상해없음
2015021000100126,2015년 2월 10일 08시,화요일,울산광역시 중구 우정동,중상사고,0,1,0,0,차대사람 - 횡단중,보행자보호의무위반,건조,맑음,단일로 - 횡단보도상,승용,남,41세,상해없음,보행자,여,23세,중상
2015021000100151,2015년 2월 10일 09시,화요일,울산광역시 중구 성남동,경상사고,0,0,2,1,차대차 - 기타,직진우회전진행방해,건조,맑음,교차로 - 교차로안,승용,남,19세,부상신고,승용,남,28세,경상
2015021000100205,2015년 2월 10일 11시,화요일,울산광역시 북구 화봉동,경상사고,0,0,2,0,차대차 - 정면충돌,교차로운행방법위반,건조,맑음,교차로 - 교차로안,승용,남,38세,상해없음,승용,여,33세,경상
2015021000100206,2015년 2월 10일 11시,화요일,울산광역시 울주군 온산읍,경상사고,0,0,1,0,차대차 - 측면직각충돌,교차로운행방법위반,건조,맑음,교차로 - 교차로안,승용,남,29세,기타불명,화물,남,54세,경상
2015021000100448,2015년 2월 10일 19시,화요일,울산광역시 남구 무거동,중상사고,0,1,0,0,차대사람 - 기타,기타,건조,맑음,단일로 - 기타,승용,여,47세,상해없음,보행자,남,48세,중상
2015021100100032,2015년 2월 11일 01시,수요일,울산광역시 남구 삼산동,경상사고,0,0,1,0,차대사람 - 횡단중,안전운전불이행,건조,맑음,교차로 - 교차로부근,승용,남,47세,상해없음,보행자,남,18세,경상
2015021100100033,2015년 2월 11일 01시,수요일,울산광역시 동구 서부동,경상사고,0,0,1,0,차대차 - 기타,신호위반,건조,흐림,교차로 - 교차로부근,승용,여,47세,상해없음,이륜,남,34세,경상
2015021100100090,2015년 2월 11일 06시,수요일,울산광역시 울주군 온산읍,부상신고사고,0,0,0,1,차대차 - 측면직각충돌,교차로운행방법위반,건조,맑음,교차로 - 교차로안,승용,남,52세,상해없음,원동기,남,64세,부상신고
2015021100100111,2015년 2월 11일 07시,수요일,울산광역시 동구 전하동,경상사고,0,0,1,0,차대차 - 추돌 - 주정차중,안전거리미확보,건조,맑음,교차로 - 교차로부근,승용,남,42세,상해없음,승용,남,28세,경상
2015021100100151,2015년 2월 11일 08시,수요일,울산광역시 북구 양정동,사망사고,1,1,2,0,차대차 - 기타,중앙선침범,건조,맑음,단일로 - 기타,승용,남,67세,경상,승합,남,56세,중상
2015021100100295,2015년 2월 11일 13시,수요일,울산광역시 중구 남외동,경상사고,0,0,1,0,차대사람 - 기타,안전운전불이행,건조,맑음,단일로 - 기타,승용,남,31세,상해없음,보행자,남,44세,경상
2015021100100296,2015년 2월 11일 13시,수요일,울산광역시 북구 염포동,중상사고,0,1,0,0,차대차 - 추돌 - 주정차중,안전운전불이행,건조,맑음,교차로 - 교차로부근,승용,남,28세,상해없음,승용,남,53세,중상
2015021100100323,2015년 2월 11일 14시,수요일,울산광역시 중구 옥교동,중상사고,0,1,0,0,차대차 - 측면직각충돌,교차로운행방법위반,건조,맑음,교차로 - 교차로안,이륜,남,60세,중상,승용,남,63세,상해없음
2015021100100356,2015년 2월 11일 15시,수요일,울산광역시 중구 태화동,중상사고,0,1,0,0,차대차 - 추돌 - 주정차중,안전거리미확보,건조,맑음,단일로 - 교량,화물,남,50세,상해없음,승합,남,51세,상해없음
2015021100100357,2015년 2월 11일 15시,수요일,울산광역시 울주군 삼남면,경상사고,0,0,1,0,차대차 - 측면직각충돌,직진우회전진행방해,건조,맑음,교차로 - 교차로안,승용,기타불명,38세,기타불명,승용,남,61세,경상
2015021100100461,2015년 2월 11일 18시,수요일,울산광역시 중구 우정동,경상사고,0,0,1,1,차대차 - 추돌 - 주정차중,안전운전불이행,건조,맑음,단일로 - 기타,화물,남,51세,상해없음,승용,여,55세,경상
2015021100100462,2015년 2월 11일 18시,수요일,울산광역시 중구 성남동,중상사고,0,2,0,0,차대사람 - 기타,안전운전불이행,건조,맑음,교차로 - 교차로안,승용,남,29세,기타불명,보행자,여,25세,중상
2015021100100463,2015년 2월 11일 18시,수요일,울산광역시 북구 염포동,경상사고,0,0,1,0,차대차 - 기타,교차로운행방법위반,건조,맑음,교차로 - 교차로부근,승용,남,47세,상해없음,자전거,남,34세,경상
2015021100100464,2015년 2월 11일 18시,수요일,울산광역시 울주군 온산읍,중상사고,0,1,1,0,차대차 - 측면직각충돌,교차로운행방법위반,건조,맑음,교차로 - 교차로부근,승용,여,59세,상해없음,승용,남,31세,중상
2015021100100498,2015년 2월 11일 19시,수요일,울산광역시 남구 달동,경상사고,0,0,1,0,차대차 - 추돌 - 주정차중,안전거리미확보,건조,맑음,교차로 - 교차로부근,승합,남,41세,상해없음,승용,남,58세,경상
2015021100100526,2015년 2월 11일 20시,수요일,울산광역시 중구 우정동,경상사고,0,0,1,0,차대차 - 기타,안전운전불이행,건조,맑음,단일로 - 기타,승용,남,61세,상해없음,승용,여,34세,경상
2015021100100582,2015년 2월 11일 22시,수요일,울산광역시 북구 연암동,경상사고,0,0,1,0,차대차 - 추돌 - 주정차중,안전운전불이행,건조,맑음,교차로 - 교차로부근,승용,남,24세,상해없음,승용,남,35세,경상
2015021100100583,2015년 2월 11일 22시,수요일,울산광역시 중구 약사동,중상사고,0,1,0,0,차대차 - 정면충돌,안전운전불이행,건조,맑음,단일로 - 기타,승용,여,45세,상해없음,승용,여,49세,중상
2015021200100017,2015년 2월 12일 00시,목요일,울산광역시 중구 유곡동,경상사고,0,0,1,0,차량단독 - 공작물충돌,안전운전불이행,건조,맑음,단일로 - 기타,화물,남,60세,경상,,,,
2015021200100018,2015년 2월 12일 00시,목요일,울산광역시 남구 신정동,경상사고,0,0,1,0,차대차 - 추돌 - 진행중,안전운전불이행,건조,맑음,단일로 - 기타,승용,남,49세,상해없음,승용,여,33세,경상
2015021200100033,2015년 2월 12일 01시,목요일,울산광역시 중구 태화동,중상사고,0,1,0,0,차대차 - 기타,신호위반,건조,맑음,교차로 - 교차로안,승용,남,56세,상해없음,화물,남,30세,중상
2015021200100034,2015년 2월 12일 01시,목요일,울산광역시 남구 무거동,부상신고사고,0,0,0,1,차대차 - 기타,직진우회전진행방해,건조,맑음,교차로 - 교차로안,승용,남,47세,상해없음,이륜,남,25세,부상신고
2015021200100089,2015년 2월 12일 07시,목요일,울산광역시 동구 방어동,중상사고,0,1,0,0,차대차 - 기타,안전운전불이행,건조,맑음,교차로 - 교차로안,승용,여,57세,상해없음,이륜,남,44세,중상
2015021200100124,2015년 2월 12일 08시,목요일,울산광역시 북구 명촌동,중상사고,0,2,3,1,차대차 - 측면직각충돌,신호위반,건조,맑음,교차로 - 교차로안,화물,남,70세,부상신고,승용,남,48세,중상
2015021200100125,2015년 2월 12일 08시,목요일,울산광역시 북구 효문동,경상사고,0,0,1,0,차대차 - 측면직각충돌,안전운전불이행,건조,맑음,단일로 - 기타,건설기계,남,41세,상해없음,승용,여,30세,경상
2015021200100193,2015년 2월 12일 10시,목요일,울산광역시 중구 학산동,중상사고,0,1,0,0,차대사람 - 횡단중,보행자보호의무위반,건조,맑음,단일로 - 횡단보도상,화물,남,56세,상해없음,보행자,여,67세,중상
2015021200100194,2015년 2월 12일 10시,목요일,울산광역시 중구 우정동,중상사고,0,1,3,0,차대차 - 추돌 - 진행중,안전거리미확보,건조,맑음,단일로 - 기타,승용,여,56세,중상,화물,남,39세,상해없음
2015021200100222,2015년 2월 12일 11시,목요일,울산광역시 남구 신정동,경상사고,0,0,1,0,차대차 - 추돌 - 주정차중,안전운전불이행,건조,맑음,교차로 - 교차로부근,승용,여,62세,상해없음,화물,남,30세,경상
2015021200100284,2015년 2월 12일 13시,목요일,울산광역시 동구 방어동,경상사고,0,0,1,0,차대차 - 추돌 - 주정차중,안전운전불이행,건조,맑음,단일로 - 기타,승용,남,46세,상해없음,승용,남,51세,경상
2015021200100354,2015년 2월 12일 15시,목요일,울산광역시 중구 태화동,경상사고,0,0,1,0,차대차 - 추돌 - 주정차중,안전거리미확보,건조,맑음,교차로 - 교차로부근,화물,남,50세,상해없음,승용,남,37세,경상
2015021200100396,2015년 2월 12일 16시,목요일,울산광역시 북구 명촌동,중상사고,0,1,0,0,차대차 - 측면직각충돌,직진우회전진행방해,건조,맑음,교차로 - 교차로안,승용,남,63세,상해없음,자전거,남,29세,중상
2015021200100459,2015년 2월 12일 18시,목요일,울산광역시 북구 신천동,중상사고,0,1,0,0,차대차 - 측면직각충돌,중앙선침범,건조,맑음,단일로 - 기타,승용,여,48세,상해없음,이륜,남,28세,중상
2015021200100533,2015년 2월 12일 20시,목요일,울산광역시 북구 송정동,중상사고,0,1,0,0,차대차 - 측면직각충돌,안전운전불이행,건조,맑음,단일로 - 기타,승용,남,46세,상해없음,승용,남,47세,중상
2015021200100534,2015년 2월 12일 20시,목요일,울산광역시 남구 삼산동,경상사고,0,0,1,0,차대차 - 추돌 - 진행중,안전거리미확보,건조,맑음,단일로 - 기타,승용,남,57세,상해없음,승용,남,33세,상해없음
2015021300100028,2015년 2월 13일 01시,금요일,울산광역시 중구 복산동,중상사고,0,1,0,0,차대사람 - 기타,안전운전불이행,건조,맑음,단일로 - 기타,이륜,남,66세,상해없음,보행자,남,62세,중상
2015021300100069,2015년 2월 13일 05시,금요일,울산광역시 중구 태화동,경상사고,0,0,1,0,차대차 - 추돌 - 진행중,안전거리미확보,건조,맑음,단일로 - 기타,승용,남,47세,상해없음,승용,남,51세,경상
2015021300100090,2015년 2월 13일 06시,금요일,울산광역시 남구 삼산동,경상사고,0,0,1,0,차대차 - 정면충돌,중앙선침범,건조,맑음,교차로 - 교차로부근,승용,여,47세,상해없음,승용,남,47세,경상
2015021300100145,2015년 2월 13일 08시,금요일,울산광역시 남구 야음동,중상사고,0,1,1,0,차대차 - 측면직각충돌,신호위반,건조,맑음,교차로 - 교차로안,화물,남,69세,상해없음,승용,남,45세,경상
2015021300100285,2015년 2월 13일 12시,금요일,울산광역시 동구 동부동,경상사고,0,0,1,0,차대사람 - 기타,안전운전불이행,건조,맑음,단일로 - 기타,화물,여,58세,상해없음,보행자,여,35세,경상
2015021300100322,2015년 2월 13일 13시,금요일,울산광역시 남구 무거동,중상사고,0,1,3,0,차대차 - 추돌 - 진행중,안전거리미확보,건조,맑음,단일로 - 기타,화물,남,28세,상해없음,승용,여,45세,경상
2015021300100352,2015년 2월 13일 14시,금요일,울산광역시 남구 달동,중상사고,0,1,0,0,차대차 - 측면직각충돌,신호위반,건조,맑음,교차로 - 교차로안,승용,여,44세,상해없음,이륜,남,56세,중상
2015021300100353,2015년 2월 13일 14시,금요일,울산광역시 울주군 서생면,중상사고,0,1,0,0,차대차 - 측면직각충돌,교차로운행방법위반,건조,맑음,교차로 - 교차로안,승합,남,77세,상해없음,이륜,남,56세,중상