사고번호,사고일시,요일,시군구,사고내용,사망자수,중상자수,경상자수,부상신고자수,사고유형,법규위반,노면상태,기상상태,도로형태,가해운전자 차종,가해운전자 성별,가해운전자 연령,가해운전자 상해정도,피해운전자 차종,피해운전자 성별,피해운전자 연령,피해운전자 상해정도
2015022400100448,2015년 2월 24일 20시,화요일,울산광역시 중구 태화동,경상사고,0,0,1,0,차대차 - 측면직각충돌,불법유턴,건조,맑음,단일로 - 기타,승용,남,43세,상해없음,승용,남,52세,경상
2015022400100483,2015년 2월 24일 21시,화요일,울산광역시 북구 매곡동,중상사고,0,2,0,0,차대차 - 기타,직진우회전진행방해,건조,맑음,교차로 - 교차로부근,승용,여,51세,상해없음,이륜,남,16세,중상
2015022400100484,2015년 2월 24일 21시,화요일,울산광역시 북구 양정동,경상사고,0,0,1,0,차대차 - 추돌 - 진행중,안전거리미확보,건조,맑음,교차로 - 교차로부근,화물,남,57세,상해없음,승용,여,53세,경상
2015022400100512,2015년 2월 24일 22시,화요일,울산광역시 남구 신정동,경상사고,0,0,1,0,차대차 - 추돌 - 주정차중,안전운전불이행,건조,맑음,교차로 - 교차로부근,승용,남,49세,상해없음,승합,남,59세,경상
2015022500100048,2015년 2월 25일 04시,수요일,울산광역시 남구 달동,중상사고,0,2,0,0,차대차 - 측면직각충돌,신호위반,건조,맑음,교차로 - 교차로안,승용,남,50세,중상,승용,남,65세,중상
2015022500100049,2015년 2월 25일 04시,수요일,울산광역시 남구 삼산동,경상사고,0,0,1,0,차대차 - 측면직각충돌,직진우회전진행방해,건조,맑음,교차로 - 교차로안,화물,남,57세,상해없음,승용,남,26세,경상
2015022500100059,2015년 2월 25일 05시,수요일,울산광역시 북구 명촌동,사망사고,1,3,0,0,차량단독 - 공작물충돌,안전운전불이행,건조,맑음,교차로 - 교차로부근,승용,남,25세,사망,,,,
2015022500100067,2015년 2월 25일 06시,수요일,울산광역시 북구 염포동,중상사고,0,1,0,0,차대차 - 기타,신호위반,건조,맑음,교차로 - 교차로안,원동기,남,65세,중상,승용,남,51세,상해없음
2015022500100085,2015년 2월 25일 07시,수요일,울산광역시 동구 방어동,중상사고,0,2,0,0,차대차 - 기타,신호위반,건조,맑음,교차로 - 교차로안,이륜,남,34세,중상,승용,여,54세,상해없음
2015022500100122,2015년 2월 25일 08시,수요일,울산광역시 남구 신정동,경상사고,0,0,1,0,차대차 - 정면충돌,신호위반,건조,맑음,교차로 - 교차로안,승용,여,41세,상해없음,승용,여,55세,경상
2015022500100168,2015년 2월 25일 10시,수요일,울산광역시 북구 진장동,중상사고,0,1,0,0,차대차 - 기타,안전운전불이행,건조,맑음,단일로 - 기타,화물,남,45세,상해없음,자전거,여,48세,중상
2015022500100280,2015년 2월 25일 14시,수요일,울산광역시 남구 삼산동,중상사고,0,1,0,0,차대차 - 측면직각충돌,신호위반,건조,맑음,교차로 - 교차로안,승용,남,27세,상해없음,승용,남,61세,중상
2015022500100281,2015년 2월 25일 14시,수요일,울산광역시 울주군 온양읍,중상사고,0,1,0,0,차대차 - 기타,안전운전불이행,건조,맑음,단일로 - 기타,승용,여,53세,중상,승용,남,55세,상해없음
2015022500100311,2015년 2월 25일 15시,수요일,울산광역시 북구 신천동,중상사고,0,1,0,0,차대차 - 측면직각충돌,신호위반,건조,맑음,교차로 - 교차로안,승용,여,55세,상해없음,이륜,남,36세,중상
2015022500100405,2015년 2월 25일 18시,수요일,울산광역시 울주군 범서읍,경상사고,0,0,2,0,차대차 - 측면직각충돌,교차로운행방법위반,건조,맑음,교차로 - 교차로안,승용,남,41세,기타불명,승용,남,18세,경상
2015022500100406,2015년 2월 25일 18시,수요일,울산광역시 울주군 언양읍,경상사고,0,0,2,0,차대차 - 추돌 - 주정차중,안전거리미확보,건조,맑음,단일로 - 기타,승용,남,54세,상해없음,승용,남,71세,경상
2015022500100435,2015년 2월 25일 19시,수요일,울산광역시 중구 학성동,경상사고,0,0,2,0,차대차 - 측면직각충돌,안전거리미확보,건조,맑음,단일로 - 기타,승용,남,22세,상해없음,승용,여,54세,경상
2015022500100464,2015년 2월 25일 20시,수요일,울산광역시 남구 무거동,중상사고,0,1,0,0,차대차 - 측면직각충돌,신호위반,건조,맑음,교차로 - 교차로부근,이륜,남,54세,중상,승용,여,50세,상해없음
2015022600100026,2015년 2월 26일 00시,목요일,울산광역시 남구 달동,중상사고,0,1,1,0,차대차 - 추돌 - 주정차중,안전운전불이행,건조,맑음,교차로 - 교차로부근,승용,남,40세,상해없음,승용,남,53세,경상
2015022600100040,2015년 2월 26일 01시,목요일,울산광역시 울주군 청량면,중상사고,0,1,0,0,차대사람 - 길가장자리구역통행중,안전운전불이행,건조,맑음,교차로 - 교차로안,승용,남,46세,상해없음,보행자,남,58세,중상
2015022600100095,2015년 2월 26일 06시,목요일,울산광역시 동구 방어동,경상사고,0,0,1,0,차대차 - 기타,신호위반,건조,맑음,단일로 - 기타,이륜,남,24세,상해없음,승용,여,45세,경상
2015022600100112,2015년 2월 26일 07시,목요일,울산광역시 남구 신정동,경상사고,0,0,1,0,차대차 - 측면직각충돌,안전거리미확보,건조,맑음,단일로 - 기타,승용,남,24세,상해없음,승용,여,56세,경상
2015022600100199,2015년 2월 26일 11시,목요일,울산광역시 북구 상안동,중상사고,0,1,0,0,차대사람 - 횡단중,안전운전불이행,건조,맑음,교차로 - 교차로안,승용,여,25세,상해없음,보행자,남,48세,중상
2015022600100222,2015년 2월 26일 12시,목요일,울산광역시 남구 무거동,중상사고,0,1,0,0,차대차 - 추돌 - 진행중,신호위반,건조,맑음,교차로 - 교차로안,승용,여,46세,상해없음,승용,남,58세,중상
2015022600100256,2015년 2월 26일 13시,목요일,울산광역시 울주군 온산읍,중상사고,0,1,1,0,차대차 - 측면직각충돌,신호위반,건조,맑음,교차로 - 교차로안,이륜,남,19세,기타불명,승용,남,43세,경상
2015022600100286,2015년 2월 26일 14시,목요일,울산광역시 남구 삼산동,경상사고,0,0,1,0,차대사람 - 횡단중,안전운전불이행,건조,맑음,교차로 - 교차로부근,승용,기타불명,기타불명,기타불명,보행자,여,18세,경상
2015022600100287,2015년 2월 26일 14시,목요일,울산광역시 남구 신정동,중상사고,0,1,0,1,차대차 - 정면충돌,안전운전불이행,건조,맑음,교차로 - 교차로부근,자전거,남,78세,중상,자전거,남,14세,부상신고
2015022600100452,2015년 2월 26일 19시,목요일,울산광역시 울주군 청량면,부상신고사고,0,0,0,1,차대차 - 추돌 - 진행중,중앙선침범,건조,맑음,단일로 - 기타,승용,남,65세,상해없음,승용,여,50세,부상신고
2015022600100532,2015년 2월 26일 22시,목요일,울산광역시 중구 태화동,중상사고,0,1,0,0,차대차 - 측면직각충돌,안전운전불이행,건조,맑음,단일로 - 기타,이륜,남,63세,중상,승용,여,25세,상해없음
2015022700100022,2015년 2월 27일 00시,금요일,울산광역시 남구 삼산동,경상사고,0,0,1,0,차대차 - 추돌 - 주정차중,안전거리미확보,건조,맑음,교차로 - 교차로부근,승용,남,47세,상해없음,승용,여,51세,경상
2015022700100057,2015년 2월 27일 03시,금요일,울산광역시 중구 우정동,경상사고,0,0,2,0,차대차 - 기타,중앙선침범,건조,맑음,단일로 - 기타,승용,남,19세,상해없음,승용,남,32세,경상
2015022700100065,2015년 2월 27일 04시,금요일,울산광역시 남구 달동,중상사고,0,1,1,0,차대사람 - 횡단중,보행자보호의무위반,건조,맑음,교차로 - 교차로안,원동기,남,25세,경상,보행자,여,69세,중상
2015022700100227,2015년 2월 27일 12시,금요일,울산광역시 북구 매곡동,중상사고,0,1,0,0,차대사람 - 횡단중,안전운전불이행,건조,맑음,단일로 - 기타,승용,여,53세,상해없음,보행자,여,54세,중상
2015022700100361,2015년 2월 27일 16시,금요일,울산광역시 북구 명촌동,경상사고,0,0,1,1,차대차 - 추돌 - 주정차중,안전운전불이행,건조,맑음,단일로 - 기타,화물,남,59세,부상신고,화물,남,31세,상해없음
2015022700100362,2015년 2월 27일 16시,금요일,울산광역시 남구 달동,중상사고,0,1,0,0,차대사람 - 기타,안전운전불이행,건조,맑음,단일로 - 기타,이륜,남,61세,상해없음,보행자,여,53세,중상
2015022700100363,2015년 2월 27일 16시,금요일,울산광역시 울주군 청량면,중상사고,0,1,0,0,차대사람 - 기타,안전운전불이행,건조,맑음,단일로 - 기타,화물,남,34세,상해없음,보행자,남,39세,중상
2015022700100394,2015년 2월 27일 17시,금요일,울산광역시 남구 무거동,경상사고,0,0,1,0,차대차 - 추돌 - 진행중,안전거리미확보,건조,맑음,단일로 - 기타,승용,남,57세,상해없음,승용,여,51세,경상
2015022700100395,2015년 2월 27일 17시,금요일,울산광역시 울주군 온산읍,중상사고,0,1,0,0,차대사람 - 길가장자리구역통행중,안전운전불이행,건조,맑음,단일로 - 기타,승용,남,68세,상해없음,보행자,남,47세,중상
2015022700100396,2015년 2월 27일 17시,금요일,울산광역시 울주군 온산읍,경상사고,0,0,1,0,차대차 - 측면직각충돌,중앙선침범,건조,맑음,교차로 - 교차로부근,화물,남,51세,상해없음,승용,남,44세,경상
2015022700100513,2015년 2월 27일 20시,금요일,울산광역시 중구 태화동,중상사고,0,1,0,0,차대차 - 측면직각충돌,차로위반,건조,맑음,단일로 - 기타,승용,남,66세,상해없음,원동기,남,35세,중상
2015022700100514,2015년 2월 27일 20시,금요일,울산광역시 남구 삼산동,경상사고,0,0,1,0,차대차 - 추돌 - 진행중,안전운전불이행,건조,맑음,단일로 - 기타,이륜,남,59세,경상,승합,남,42세,상해없음
2015022700100547,2015년 2월 27일 21시,금요일,울산광역시 북구 신천동,경상사고,0,0,1,0,차대차 - 기타,안전운전불이행,건조,맑음,교차로 - 교차로부근,승용,남,31세,상해없음,승용,남,33세,경상
2015022800100108,2015년 2월 28일 06시,토요일,울산광역시 남구 달동,경상사고,0,0,1,0,차대차 - 추돌 - 주정차중,안전운전불이행,건조,맑음,교차로 - 교차로안,승용,남,44세,상해없음,승용,남,29세,경상
2015022800100372,2015년 2월 28일 17시,토요일,울산광역시 중구 우정동,경상사고,0,0,1,0,차대차 - 측면직각충돌,직진우회전진행방해,건조,맑음,교차로 - 교차로안,승용,여,72세,경상,승합,남,29세,상해없음
2015022800100373,2015년 2월 28일 17시,토요일,울산광역시 중구 태화동,경상사고,0,0,3,0,차대차 - 측면직각충돌,직진우회전진행방해,건조,맑음,교차로 - 교차로안,승용,남,47세,상해없음,승용,여,54세,경상
2015022800100407,2015년 2월 28일 18시,토요일,울산광역시 북구 명촌동,경상사고,0,0,3,2,차대차 - 추돌 - 진행중,안전운전불이행,건조,맑음,단일로 - 기타,승용,남,56세,상해없음,승용,남,37세,경상
2015022800100483,2015년 2월 28일 20시,토요일,울산광역시 남구 무거동,경상사고,0,0,1,0,차대사람 - 기타,안전운전불이행,건조,맑음,교차로 - 교차로안,승용,기타불명,기타불명,기타불명,보행자,남,59세,경상
2015022800100484,2015년 2월 28일 20시,토요일,울산광역시 울주군 온산읍,부상신고사고,0,0,0,1,차대차 - 추돌 - 진행중,중앙선침범,습기,비,단일로 - 기타,이륜,남,50세,상해없음,승용,남,30세,부상신고
2015022800100485,2015년 2월 28일 20시,토요일,울산광역시 울주군 범서읍,경상사고,0,0,4,0,차대차 - 추돌 - 진행중,안전운전불이행,습기,비,단일로 - 기타,승용,남,42세,상해없음,승합,여,57세,경상
2015022800100519,2015년 2월 28일 21시,토요일,울산광역시 북구 명촌동,경상사고,0,0,1,0,차대사람 - 횡단중,보행자보호의무위반,습기,비,교차로 - 교차로안,승용,남,21세,상해없음,보행자,남,32세,경상
2015022800100520,2015년 2월 28일 21시,토요일,울산광역시 남구 삼산동,경상사고,0,0,1,0,차대차 - 정면충돌,중앙선침범,습기,비,교차로 - 교차로안,승용,남,35세,상해없음,승용,여,60세,경상
2015022800100521,2015년 2월 28일 21시,토요일,울산광역시 남구 신정동,경상사고,0,0,2,0,차대차 - 기타,신호위반,습기,비,교차로 - 교차로안,승용,여,51세,상해없음,승용,남,57세,경상
2015022800100522,2015년 2월 28일 21시,토요일,울산광역시 남구 옥동,중상사고,0,1,2,0,차대차 - 측면직각충돌,신호위반,습기,비,교차로 - 교차로안,승용,남,52세,상해없음,승용,남,54세,상해없음
2015022800100557,2015년 2월 28일 22시,토요일,울산광역시 중구 반구동,경상사고,0,0,2,0,차대차 - 측면직각충돌,중앙선침범,습기,비,단일로 - 기타,승용,남,53세,상해없음,승용,남,30세,경상
2015022800100558,2015년 2월 28일 22시,토요일,울산광역시 중구 태화동,경상사고,0,0,1,1,차대차 - 기타,직진우회전진행방해,건조,맑음,교차로 - 교차로안,승용,남,51세,상해없음,승용,여,44세,경상
2015022800100559,2015년 2월 28일 22시,토요일,울산광역시 남구 야음동,중상사고,0,2,0,0,차대사람 - 횡단중,신호위반,습기,비,교차로 - 교차로부근,승용,남,57세,상해없음,보행자,남,27세,중상
2015022800100560,2015년 2월 28일 22시,토요일,울산광역시 남구 신정동,경상사고,0,0,3,0,차대차 - 기타,안전거리미확보,습기,비,교차로 - 교차로안,승합,남,46세,상해없음,승용,남,66세,경상
2015022800100561,2015년 2월 28일 22시,토요일,울산광역시 남구 삼산동,경상사고,0,0,1,0,차대사람 - 횡단중,신호위반,습기,비,교차로 - 교차로부근,승용,남,28세,상해없음,보행자,남,23세,경상
2015022800100594,2015년 2월 28일 23시,토요일,울산광역시 울주군 온양읍,중상사고,0,1,0,0,차대사람 - 횡단중,안전운전불이행,습기,비,교차로 - 교차로부근,승용,남,59세,상해없음,보행자,여,28세,중상
2015030100100024,2015년 3월 1일 00시,일요일,울산광역시 울주군 범서읍,중상사고,0,1,1,1,차대차 - 추돌 - 주정차중,안전운전불이행,습기,비,교차로 - 교차로부근,승용,남,56세,상해없음,승용,남,64세,부상신고
2015030100100060,2015년 3월 1일 02시,일요일,울산광역시 남구 신정동,경상사고,0,0,1,1,차대차 - 정면충돌,중앙선침범,습기,비,교차로 - 교차로부근,승용,남,49세,상해없음,승용,여,30세,경상
2015030100100061,2015년 3월 1일 02시,일요일,울산광역시 울주군 온산읍,부상신고사고,0,0,0,1,차대차 - 측면직각충돌,직진우회전진행방해,습기,비,교차로 - 교차로안,이륜,남,44세,부상신고,승용,남,28세,상해없음
2015030100100189,2015년 3월 1일 12시,일요일,울산광역시 북구 신천동,경상사고,0,0,3,2,차대차 - 측면직각충돌,안전운전불이행,건조,맑음,단일로 - 기타,승용,여,51세,경상,승용,남,41세,부상신고
2015030100100376,2015년 3월 1일 19시,일요일,울산광역시 중구 태화동,중상사고,0,1,0,0,차대차 - 기타,신호위반,건조,맑음,교차로 - 교차로안,승용,남,66세,상해없음,승용,남,59세,상해없음
2015030100100401,2015년 3월 1일 20시,일요일,울산광역시 중구 성남동,경상사고,0,0,1,0,차대사람 - 기타,안전운전불이행,건조,맑음,교차로 - 교차로부근,승용,남,62세,상해없음,보행자,남,62세,경상
2015030200100054,2015년 3월 2일 06시,월요일,울산광역시 남구 신정동,경상사고,0,0,2,0,차대차 - 측면직각충돌,신호위반,건조,맑음,교차로 - 교차로안,승용,남,59세,상해없음,화물,남,68세,경상
2015030200100055,2015년 3월 2일 06시,월요일,울산광역시 울주군 온산읍,경상사고,0,0,1,0,차대차 - 측면직각충돌,중앙선침범,건조,맑음,교차로 - 교차로부근,화물,남,66세,상해없음,승용,남,32세,경상
2015030200100078,2015년 3월 2일 07시,월요일,울산광역시 울주군 언양읍,중상사고,0,1,0,0,차대차 - 추돌 - 진행중,안전거리미확보,건조,맑음,단일로 - 기타,화물,남,63세,기타불명,화물,남,62세,중상
2015030200100128,2015년 3월 2일 08시,월요일,울산광역시 중구 학성동,부상신고사고,0,0,0,1,차대차 - 기타,안전거리미확보,건조,맑음,단일로 - 기타,자전거,남,77세,부상신고,승용,남,64세,상해없음
2015030200100165,2015년 3월 2일 09시,월요일,울산광역시 남구 옥동,중상사고,0,1,0,0,차대사람 - 기타,안전운전불이행,건조,맑음,기타 - 기타,승용,남,52세,상해없음,보행자,남,73세,중상
2015030200100166,2015년 3월 2일 09시,월요일,울산광역시 동구 서부동,경상사고,0,0,1,0,차대차 - 기타,안전거리미확보,건조,맑음,단일로 - 기타,승용,남,46세,상해없음,원동기,남,42세,경상
2015030200100230,2015년 3월 2일 11시,월요일,울산광역시 남구 신정동,경상사고,0,0,3,0,차대차 - 추돌 - 주정차중,안전운전불이행,습기,맑음,단일로 - 기타,승용,남,54세,상해없음,승용,여,49세,경상
2015030200100263,2015년 3월 2일 12시,월요일,울산광역시 중구 반구동,경상사고,0,0,2,0,차대차 - 기타,직진우회전진행방해,건조,맑음,교차로 - 교차로안,승용,남,59세,상해없음,승용,남,31세,경상
2015030200100264,2015년 3월 2일 12시,월요일,울산광역시 중구 반구동,경상사고,0,0,1,0,차대사람 - 기타,안전운전불이행,건조,맑음,단일로 - 기타,승용,여,62세,상해없음,보행자,남,24세,경상
2015030200100303,2015년 3월 2일 13시,월요일,울산광역시 동구 방어동,경상사고,0,0,1,0,차대차 - 측면직각충돌,안전운전불이행,건조,맑음,단일로 - 기타,이륜,남,22세,상해없음,이륜,남,36세,경상
2015030200100342,2015년 3월 2일 14시,월요일,울산광역시 남구 삼산동,경상사고,0,0,1,0,차대차 - 기타,교차로운행방법위반,건조,맑음,교차로 - 교차로안,이륜,남,33세,상해없음,승용,남,59세,상해없음
2015030200100343,2015년 3월 2일 14시,월요일,울산광역시 울주군 언양읍,경상사고,0,0,2,0,차대차 - 측면직각충돌,교차로운행방법위반,건조,맑음,교차로 - 교차로안,승용,남,63세,상해없음,승용,남,34세,경상
2015030200100375,2015년 3월 2일 15시,월요일,울산광역시 동구 미포동,경상사고,0,0,3,0,차대차 - 측면직각충돌,중앙선침범,건조,맑음,단일로 - 기타,승용,남,24세,경상,승용,남,58세,경상
2015030200100376,2015년 3월 2일 15시,월요일,울산광역시 울주군 삼남면,경상사고,0,0,1,0,차대차 - 측면직각충돌,중앙선침범,건조,맑음,단일로 - 기타,화물,남,63세,상해없음,승용,남,38세,상해없음
2015030200100433,2015년 3월 2일 17시,월요일,울산광역시 남구 신정동,중상사고,0,1,0,0,차대사람 - 기타,기타,건조,맑음,단일로 - 기타,승합,남,46세,상해없음,보행자,여,35세,중상
2015030200100461,2015년 3월 2일 18시,월요일,울산광역시 남구 야음동,중상사고,0,1,0,0,차대사람 - 기타,보행자보호의무위반,건조,맑음,교차로 - 교차로부근,화물,남,53세,상해없음,보행자,여,11세,중상
2015030200100532,2015년 3월 2일 20시,월요일,울산광역시 동구 방어동,경상사고,0,0,1,0,차대차 - 측면직각충돌,안전운전불이행,건조,맑음,단일로 - 기타,이륜,남,33세,경상,승용,여,30세,기타불명
2015030200100561,2015년 3월 2일 21시,월요일,울산광역시 울주군 온산읍,부상신고사고,0,0,0,1,차대차 - 추돌 - 진행중,신호위반,건조,맑음,교차로 - 교차로안,승용,남,21세,상해없음,원동기,남,64세,부상신고
2015030200100562,2015년 3월 2일 21시,월요일,울산광역시 울주군 서생면,경상사고,0,0,1,0,차대차 - 정면충돌,중앙선침범,건조,맑음,단일로 - 기타,승용,남,48세,기타불명,승용,남,36세,경상
2015030200100581,2015년 3월 2일 22시,월요일,울산광역시 남구 야음동,경상사고,0,0,1,0,차대사람 - 기타,안전운전불이행,건조,맑음,단일로 - 기타,승용,남,33세,상해없음,보행자,남,35세,경상
2015030200100582,2015년 3월 2일 22시,월요일,울산광역시 울주군 언양읍,중상사고,0,1,0,0,차대사람 - 기타,안전운전불이행,건조,흐림,단일로 - 기타,승용,남,24세,상해없음,보행자,남,42세,중상
2015030200100595,2015년 3월 2일 23시,월요일,울산광역시 울주군 언양읍,중상사고,0,1,0,0,차대차 - 추돌 - 진행중,안전운전불이행,건조,맑음,단일로 - 기타,승용,여,24세,중상,승용,남,54세,상해없음
2015030300100011,2015년 3월 3일 00시,화요일,울산광역시 남구 달동,경상사고,0,0,1,0,차량단독 - 기타,안전운전불이행,건조,맑음,단일로 - 기타,승용,남,51세,상해없음,,,,
2015030300100023,2015년 3월 3일 01시,화요일,울산광역시 남구 삼산동,경상사고,0,0,1,0,차대사람 - 기타,불법유턴,건조,맑음,단일로 - 기타,승용,남,40세,상해없음,보행자,남,38세,경상
2015030300100050,2015년 3월 3일 05시,화요일,울산광역시 중구 반구동,중상사고,0,1,0,0,차대차 - 측면직각충돌,신호위반,건조,맑음,교차로 - 교차로안,승용,남,48세,상해없음,승용,여,45세,중상
2015030300100116,2015년 3월 3일 08시,화요일,울산광역시 남구 옥동,중상사고,0,1,0,0,차대차 - 정면충돌,신호위반,건조,맑음,교차로 - 교차로안,승용,남,32세,상해없음,승용,남,47세,중상
2015030300100142,2015년 3월 3일 09시,화요일,울산광역시 동구 방어동,중상사고,0,1,0,0,차대차 - 기타,안전운전불이행,습기,비,교차로 - 교차로안,승용,남,51세,상해없음,이륜,남,29세,중상
2015030300100163,2015년 3월 3일 10시,화요일,울산광역시 남구 달동,중상사고,0,1,0,0,차대차 - 측면직각충돌,교차로운행방법위반,습기,비,교차로 - 교차로안,승용,여,38세,상해없음,승용,여,55세,중상
2015030300100188,2015년 3월 3일 11시,화요일,울산광역시 울주군 웅촌면,중상사고,0,1,0,0,차대차 - 추돌 - 진행중,안전거리미확보,습기,비,교차로 - 교차로부근,화물,남,26세,상해없음,승용,여,57세,중상
2015030300100300,2015년 3월 3일 15시,화요일,울산광역시 중구 반구동,경상사고,0,0,1,1,차대차 - 측면직각충돌,직진우회전진행방해,습기,비,교차로 - 교차로안,승용,남,49세,부상신고,승용,여,40세,경상
2015030300100301,2015년 3월 3일 15시,화요일,울산광역시 남구 신정동,중상사고,0,1,0,0,차대사람 - 기타,안전운전불이행,기타,기타,교차로 - 교차로부근,승용,남,59세,상해없음,보행자,남,40세,중상
2015030300100329,2015년 3월 3일 16시,화요일,울산광역시 남구 두왕동,중상사고,0,1,2,0,차대차 - 추돌 - 진행중,안전운전불이행,건조,맑음,단일로 - 기타,화물,남,45세,기타불명,화물,남,55세,경상
2015030300100330,2015년 3월 3일 16시,화요일,울산광역시 남구 달동,부상신고사고,0,0,0,1,차대차 - 측면직각충돌,차로위반,습기,비,단일로 - 기타,승용,여,50세,상해없음,이륜,남,18세,부상신고
2015030300100331,2015년 3월 3일 16시,화요일,울산광역시 울주군 온산읍,경상사고,0,0,1,0,차대차 - 추돌 - 주정차중,안전운전불이행,습기,비,교차로 - 교차로부근,승용,남,36세,상해없음,화물,남,44세,경상
2015030300100370,2015년 3월 3일 17시,화요일,울산광역시 북구 상안동,경상사고,0,0,1,0,차대사람 - 기타,안전운전불이행,건조,맑음,단일로 - 기타,승용,여,33세,기타불명,보행자,여,17세,경상
2015030300100468,2015년 3월 3일 19시,화요일,울산광역시 남구 삼산동,경상사고,0,0,1,0,차대사람 - 횡단중,보행자보호의무위반,건조,맑음,교차로 - 교차로안,승용,남,24세,상해없음,보행자,여,47세,경상
2015030300100496,2015년 3월 3일 20시,화요일,울산광역시 남구 신정동,경상사고,0,0,1,0,차대차 - 기타,차로위반,건조,맑음,교차로 - 교차로안,승용,남,26세,상해없음,이륜,남,60세,경상
2015030300100524,2015년 3월 3일 21시,화요일,울산광역시 동구 전하동,경상사고,0,0,1,0,차대사람 - 기타,보행자보호의무위반,습기,비,교차로 - 교차로부근,승용,남,51세,상해없음,보행자,여,45세,경상
2015030300100559,2015년 3월 3일 22시,화요일,울산광역시 중구 학성동,경상사고,0,0,1,0,차대차 - 추돌 - 진행중,안전거리미확보,건조,맑음,단일로 - 기타,승용,남,64세,상해없음,승용,남,60세,경상
2015030300100597,2015년 3월 3일 23시,화요일,울산광역시 남구 달동,경상사고,0,0,1,0,차대차 - 기타,안전운전불이행,습기,비,교차로 - 교차로부근,승용,남,61세,상해없음,이륜,남,26세,경상
2015030400100097,2015년 3월 4일 07시,수요일,울산광역시 울주군 온산읍,경상사고,0,0,1,0,차대사람 - 차도통행중,안전운전불이행,건조,맑음,단일로 - 기타,승용,남,23세,상해없음,보행자,남,18세,경상
2015030400100140,2015년 3월 4일 08시,수요일,울산광역시 중구 성남동,중상사고,0,1,0,0,차대차 - 측면직각충돌,중앙선침범,건조,맑음,단일로 - 기타,승용,여,57세,상해없음,원동기,남,37세,기타불명
2015030400100218,2015년 3월 4일 11시,수요일,울산광역시 울주군 범서읍,중상사고,0,1,0,0,차대차 - 정면충돌,중앙선침범,건조,맑음,단일로 - 기타,화물,남,56세,상해없음,특수,남,57세,상해없음
2015030400100445,2015년 3월 4일 18시,수요일,울산광역시 북구 양정동,중상사고,0,1,0,0,차량단독 - 전도전복,안전운전불이행,건조,맑음,교차로 - 교차로부근,이륜,남,39세,중상,,,,
2015030400100480,2015년 3월 4일 19시,수요일,울산광역시 중구 태화동,중상사고,0,1,0,0,차대사람 - 횡단중,안전운전불이행,건조,맑음,단일로 - 기타,승용,남,37세,상해없음,보행자,남,55세,중상
2015030400100514,2015년 3월 4일 20시,수요일,울산광역시 중구 반구동,경상사고,0,0,1,0,차량단독 - 공작물충돌,안전운전불이행,건조,맑음,단일로 - 교량,승용,남,52세,경상,,,,
2015030400100515,2015년 3월 4일 20시,수요일,울산광역시 남구 삼산동,경상사고,0,0,1,0,차대사람 - 보도통행중,보행자보호의무위반,건조,맑음,교차로 - 교차로안,승용,여,55세,상해없음,보행자,남,41세,경상
2015030400100555,2015년 3월 4일 21시,수요일,울산광역시 중구 복산동,중상사고,0,1,0,0,차대사람 - 기타,안전운전불이행,건조,맑음,교차로 - 교차로안,승용,남,48세,상해없음,보행자,남,54세,중상
2015030500100018,2015년 3월 5일 00시,목요일,울산광역시 동구 방어동,경상사고,0,0,4,0,차대차 - 추돌 - 주정차중,안전운전불이행,건조,맑음,교차로 - 교차로부근,승용,남,35세,상해없음,승용,남,55세,경상
2015030500100019,2015년 3월 5일 00시,목요일,울산광역시 울주군 삼남면,경상사고,0,0,1,0,차대차 - 측면직각충돌,교차로운행방법위반,건조,맑음,교차로 - 교차로안,승용,남,65세,상해없음,승용,여,40세,경상
2015030500100049,2015년 3월 5일 04시,목요일,울산광역시 북구 명촌동,중상사고,0,1,0,0,차대차 - 추돌 - 주정차중,안전운전불이행,건조,맑음,교차로 - 교차로안,승용,남,29세,상해없음,승용,남,36세,중상
2015030500100072,2015년 3월 5일 06시,목요일,울산광역시 중구 학산동,중상사고,0,1,0,0,차대사람 - 횡단중,안전운전불이행,건조,맑음,단일로 - 횡단보도상,승용,여,48세,상해없음,보행자,여,67세,중상
2015030500100095,2015년 3월 5일 07시,목요일,울산광역시 북구 호계동,중상사고,0,2,0,1,차대차 - 측면직각충돌,신호위반,건조,맑음,교차로 - 교차로안,승용,남,54세,부상신고,승용,남,49세,중상
2015030500100192,2015년 3월 5일 10시,목요일,울산광역시 남구 신정동,중상사고,0,1,0,0,차대사람 - 길가장자리구역통행중,안전운전불이행,건조,맑음,단일로 - 기타,승용,남,44세,상해없음,보행자,여,62세,중상
2015030500100284,2015년 3월 5일 14시,목요일,울산광역시 남구 달동,경상사고,0,0,2,1,차대차 - 추돌 - 진행중,안전운전불이행,건조,맑음,단일로 - 기타,승합,남,65세,상해없음,승용,남,31세,경상
2015030500100353,2015년 3월 5일 15시,목요일,울산광역시 북구 진장동,중상사고,0,1,1,0,차대차 - 측면직각충돌,안전운전불이행,건조,맑음,교차로 - 교차로안,화물,남,55세,상해없음,이륜,여,26세,경상
2015030500100390,2015년 3월 5일 16시,목요일,울산광역시 울주군 범서읍,경상사고,0,0,1,0,차대사람 - 횡단중,안전운전불이행,건조,맑음,교차로 - 교차로부근,승용,남,34세,상해없음,보행자,여,45세,경상