사고번호,사고일시,요일,시군구,사고내용,사망자수,중상자수,경상자수,부상신고자수,사고유형,법규위반,노면상태,기상상태,도로형태,가해운전자 차종,가해운전자 성별,가해운전자 연령,가해운전자 상해정도,피해운전자 차종,피해운전자 성별,피해운전자 연령,피해운전자 상해정도
2015030500100453,2015년 3월 5일 18시,목요일,울산광역시 남구 옥동,경상사고,0,0,1,0,차대차 - 추돌 - 주정차중,안전운전불이행,건조,맑음,단일로 - 기타,승용,남,41세,상해없음,승용,여,45세,경상
2015030500100504,2015년 3월 5일 19시,목요일,울산광역시 남구 삼산동,중상사고,0,1,0,0,차대차 - 추돌 - 진행중,중앙선침범,건조,맑음,단일로 - 기타,승용,여,36세,상해없음,승용,여,27세,중상
2015030500100541,2015년 3월 5일 20시,목요일,울산광역시 중구 옥교동,경상사고,0,0,3,0,차대차 - 측면직각충돌,안전운전불이행,건조,맑음,단일로 - 기타,승용,여,45세,상해없음,승용,남,56세,경상
2015030600100029,2015년 3월 6일 02시,금요일,울산광역시 울주군 온산읍,중상사고,0,1,0,0,차대사람 - 기타,안전운전불이행,건조,맑음,교차로 - 교차로안,승용,남,27세,기타불명,보행자,여,71세,중상
2015030600100093,2015년 3월 6일 07시,금요일,울산광역시 울주군 온산읍,경상사고,0,0,1,0,차대사람 - 차도통행중,안전운전불이행,건조,맑음,단일로 - 기타,화물,남,43세,기타불명,보행자,남,14세,경상
2015030600100139,2015년 3월 6일 08시,금요일,울산광역시 동구 화정동,경상사고,0,0,2,0,차대사람 - 횡단중,보행자보호의무위반,건조,맑음,교차로 - 교차로부근,이륜,남,35세,상해없음,보행자,여,12세,경상
2015030600100173,2015년 3월 6일 09시,금요일,울산광역시 중구 학성동,중상사고,0,1,0,0,차대사람 - 기타,안전운전불이행,건조,맑음,단일로 - 기타,승용,남,36세,상해없음,보행자,남,58세,중상
2015030600100174,2015년 3월 6일 09시,금요일,울산광역시 중구 교동,중상사고,0,1,1,0,차대사람 - 횡단중,신호위반,건조,맑음,단일로 - 기타,승합,남,56세,상해없음,보행자,여,19세,중상
2015030600100269,2015년 3월 6일 13시,금요일,울산광역시 울주군 언양읍,경상사고,0,0,1,0,차대차 - 추돌 - 진행중,안전거리미확보,건조,맑음,단일로 - 기타,화물,남,53세,상해없음,승용,남,62세,상해없음
2015030600100341,2015년 3월 6일 15시,금요일,울산광역시 북구 진장동,중상사고,0,1,0,0,차대차 - 측면직각충돌,신호위반,건조,맑음,교차로 - 교차로안,화물,남,58세,상해없음,이륜,남,26세,중상
2015030600100383,2015년 3월 6일 16시,금요일,울산광역시 중구 동동,중상사고,0,1,0,0,차대차 - 측면직각충돌,중앙선침범,건조,맑음,단일로 - 기타,승용,남,74세,상해없음,이륜,남,49세,중상
2015030600100420,2015년 3월 6일 17시,금요일,울산광역시 남구 옥동,중상사고,0,1,0,0,차대사람 - 횡단중,안전운전불이행,건조,맑음,단일로 - 기타,승용,여,58세,상해없음,보행자,남,12세,중상
2015030600100421,2015년 3월 6일 17시,금요일,울산광역시 동구 일산동,중상사고,0,1,0,0,차대차 - 추돌 - 진행중,안전운전불이행,건조,맑음,단일로 - 기타,이륜,남,24세,중상,승용,여,30세,상해없음
2015030600100466,2015년 3월 6일 18시,금요일,울산광역시 동구 동부동,중상사고,0,1,0,0,차대사람 - 기타,안전운전불이행,건조,맑음,단일로 - 기타,이륜,남,57세,상해없음,보행자,여,31세,중상
2015030600100503,2015년 3월 6일 19시,금요일,울산광역시 울주군 범서읍,경상사고,0,0,1,0,차대차 - 추돌 - 진행중,안전운전불이행,건조,맑음,단일로 - 기타,승용,남,47세,상해없음,승용,남,28세,경상
2015030600100567,2015년 3월 6일 21시,금요일,울산광역시 남구 신정동,경상사고,0,0,3,0,차대차 - 측면직각충돌,신호위반,건조,맑음,교차로 - 교차로안,승용,여,35세,상해없음,승용,남,40세,경상
2015030600100598,2015년 3월 6일 22시,금요일,울산광역시 동구 화정동,중상사고,0,1,0,0,차대사람 - 횡단중,보행자보호의무위반,건조,맑음,교차로 - 교차로부근,승용,남,53세,상해없음,보행자,여,17세,중상
2015030700100030,2015년 3월 7일 00시,토요일,울산광역시 중구 우정동,사망사고,1,1,0,0,차대사람 - 기타,안전운전불이행,건조,맑음,교차로 - 교차로안,이륜,남,38세,중상,보행자,남,48세,사망
2015030700100121,2015년 3월 7일 05시,토요일,울산광역시 울주군 청량면,경상사고,0,0,1,0,차대차 - 추돌 - 진행중,신호위반,건조,맑음,교차로 - 교차로안,승용,남,34세,상해없음,승용,남,51세,경상
2015030700100189,2015년 3월 7일 09시,토요일,울산광역시 중구 반구동,경상사고,0,0,1,1,차대차 - 추돌 - 진행중,과속,건조,맑음,단일로 - 기타,승용,남,30세,부상신고,승용,여,63세,경상
2015030700100190,2015년 3월 7일 09시,토요일,울산광역시 북구 창평동,중상사고,0,1,1,0,차대차 - 추돌 - 주정차중,안전운전불이행,건조,맑음,단일로 - 기타,승합,남,45세,상해없음,건설기계,남,38세,상해없음
2015030700100217,2015년 3월 7일 10시,토요일,울산광역시 울주군 서생면,중상사고,0,1,0,0,차대차 - 측면직각충돌,교차로운행방법위반,건조,맑음,교차로 - 교차로부근,농기계,남,55세,중상,승용,여,60세,상해없음
2015030700100250,2015년 3월 7일 11시,토요일,울산광역시 울주군 삼남면,중상사고,0,1,0,0,차대차 - 측면직각충돌,중앙선침범,건조,맑음,교차로 - 교차로안,화물,남,61세,상해없음,화물,남,58세,중상
2015030700100283,2015년 3월 7일 13시,토요일,울산광역시 울주군 두서면,중상사고,0,1,1,0,차대차 - 추돌 - 진행중,안전운전불이행,건조,맑음,단일로 - 기타,승용,남,61세,상해없음,승용,여,37세,중상
2015030700100384,2015년 3월 7일 16시,토요일,울산광역시 울주군 서생면,경상사고,0,0,4,0,차대차 - 측면직각충돌,중앙선침범,건조,맑음,단일로 - 기타,승용,남,34세,상해없음,승용,남,33세,경상
2015030700100419,2015년 3월 7일 17시,토요일,울산광역시 동구 방어동,중상사고,0,1,1,0,차대차 - 기타,안전거리미확보,건조,맑음,단일로 - 기타,승용,남,34세,상해없음,이륜,남,41세,중상
2015030700100498,2015년 3월 7일 19시,토요일,울산광역시 북구 매곡동,중상사고,0,4,0,0,차대차 - 추돌 - 진행중,중앙선침범,건조,맑음,단일로 - 기타,승용,남,53세,상해없음,승용,남,22세,중상
2015030700100499,2015년 3월 7일 19시,토요일,울산광역시 남구 삼산동,사망사고,1,0,0,0,차대사람 - 횡단중,신호위반,건조,흐림,교차로 - 교차로안,승용,남,43세,상해없음,보행자,여,39세,사망
2015030700100603,2015년 3월 7일 23시,토요일,울산광역시 남구 달동,경상사고,0,0,1,0,차대차 - 측면직각충돌,직진우회전진행방해,건조,맑음,교차로 - 교차로안,이륜,남,18세,경상,승용,남,61세,상해없음
2015030800100045,2015년 3월 8일 01시,일요일,울산광역시 남구 신정동,중상사고,0,1,0,0,차대차 - 측면직각충돌,중앙선침범,건조,맑음,단일로 - 기타,이륜,남,21세,중상,승용,여,48세,상해없음
2015030800100222,2015년 3월 8일 13시,일요일,울산광역시 남구 달동,경상사고,0,0,1,0,차대사람 - 기타,안전운전불이행,건조,맑음,교차로 - 교차로부근,승합,남,46세,상해없음,보행자,남,66세,경상
2015030800100301,2015년 3월 8일 16시,일요일,울산광역시 중구 학산동,중상사고,0,1,0,0,차대차 - 측면직각충돌,안전운전불이행,건조,맑음,단일로 - 기타,승용,남,54세,상해없음,자전거,남,75세,중상
2015030800100327,2015년 3월 8일 17시,일요일,울산광역시 울주군 언양읍,경상사고,0,0,1,0,차대차 - 측면직각충돌,안전운전불이행,건조,맑음,단일로 - 기타,이륜,남,17세,경상,승용,여,49세,상해없음
2015030800100328,2015년 3월 8일 17시,일요일,울산광역시 울주군 온산읍,중상사고,0,1,0,0,차대차 - 측면직각충돌,중앙선침범,건조,맑음,단일로 - 기타,승용,남,22세,기타불명,이륜,남,33세,중상
2015030800100363,2015년 3월 8일 18시,일요일,울산광역시 북구 화봉동,중상사고,0,2,0,0,차대차 - 정면충돌,중앙선침범,건조,맑음,단일로 - 교량,승용,남,53세,상해없음,승용,여,25세,중상
2015030800100364,2015년 3월 8일 18시,일요일,울산광역시 남구 달동,경상사고,0,0,2,0,차대사람 - 기타,안전운전불이행,건조,맑음,교차로 - 교차로안,승용,남,29세,상해없음,보행자,남,21세,경상
2015030800100392,2015년 3월 8일 19시,일요일,울산광역시 남구 신정동,경상사고,0,0,2,0,차대차 - 기타,안전운전불이행,건조,맑음,단일로 - 기타,승용,남,45세,상해없음,승용,여,45세,상해없음
2015030800100445,2015년 3월 8일 21시,일요일,울산광역시 울주군 웅촌면,부상신고사고,0,0,0,1,차대차 - 측면직각충돌,신호위반,건조,맑음,교차로 - 교차로부근,이륜,남,33세,부상신고,승용,여,44세,상해없음
2015030800100461,2015년 3월 8일 22시,일요일,울산광역시 북구 신천동,경상사고,0,0,1,0,차량단독 - 공작물충돌,신호위반,건조,맑음,교차로 - 교차로부근,승용,여,50세,경상,,,,
2015030900100064,2015년 3월 9일 07시,월요일,울산광역시 중구 반구동,부상신고사고,0,0,0,1,차대차 - 기타,안전운전불이행,건조,맑음,교차로 - 교차로부근,이륜,남,30세,부상신고,승용,남,33세,상해없음
2015030900100109,2015년 3월 9일 08시,월요일,울산광역시 남구 삼산동,경상사고,0,0,2,0,차대차 - 측면직각충돌,신호위반,건조,맑음,교차로 - 교차로안,승용,남,18세,상해없음,승용,남,61세,경상
2015030900100110,2015년 3월 9일 08시,월요일,울산광역시 울주군 범서읍,부상신고사고,0,0,0,1,차대차 - 측면직각충돌,신호위반,건조,맑음,교차로 - 교차로안,승용,여,35세,상해없음,승용,여,46세,부상신고
2015030900100140,2015년 3월 9일 09시,월요일,울산광역시 중구 서동,경상사고,0,0,1,0,차대사람 - 기타,안전운전불이행,건조,맑음,단일로 - 기타,승합,남,36세,상해없음,보행자,남,67세,경상
2015030900100141,2015년 3월 9일 09시,월요일,울산광역시 울주군 삼동면,사망사고,1,0,0,0,차대차 - 추돌 - 진행중,안전운전불이행,건조,맑음,단일로 - 기타,승용,여,43세,상해없음,농기계,남,80세,사망
2015030900100215,2015년 3월 9일 12시,월요일,울산광역시 남구 야음동,경상사고,0,0,1,0,차대차 - 기타,신호위반,건조,맑음,교차로 - 교차로안,원동기,남,41세,상해없음,승용,여,38세,경상
2015030900100358,2015년 3월 9일 17시,월요일,울산광역시 울주군 삼남면,경상사고,0,0,1,0,차대차 - 추돌 - 주정차중,안전운전불이행,건조,맑음,교차로 - 교차로부근,화물,남,53세,기타불명,화물,남,37세,경상
2015030900100390,2015년 3월 9일 18시,월요일,울산광역시 동구 방어동,경상사고,0,0,1,0,차대차 - 측면직각충돌,안전운전불이행,건조,맑음,단일로 - 기타,이륜,남,33세,경상,승용,남,48세,상해없음
2015030900100486,2015년 3월 9일 21시,월요일,울산광역시 울주군 온산읍,경상사고,0,0,1,0,차대차 - 기타,직진우회전진행방해,건조,맑음,교차로 - 교차로안,승용,남,50세,상해없음,화물,남,45세,경상
2015030900100487,2015년 3월 9일 21시,월요일,울산광역시 울주군 범서읍,부상신고사고,0,0,0,1,차대차 - 기타,안전거리미확보,건조,맑음,단일로 - 기타,승용,남,43세,상해없음,승용,남,51세,상해없음
2015030900100508,2015년 3월 9일 22시,월요일,울산광역시 남구 달동,경상사고,0,0,1,0,차대차 - 측면직각충돌,교차로운행방법위반,건조,맑음,교차로 - 교차로안,승용,남,68세,상해없음,승용,남,28세,경상
2015030900100534,2015년 3월 9일 23시,월요일,울산광역시 남구 달동,중상사고,0,1,1,0,차대차 - 추돌 - 진행중,안전운전불이행,건조,맑음,교차로 - 교차로부근,승용,남,34세,상해없음,승용,남,55세,중상
2015031000100037,2015년 3월 10일 03시,화요일,울산광역시 남구 달동,중상사고,0,1,1,0,차대차 - 측면직각충돌,직진우회전진행방해,건조,맑음,교차로 - 교차로안,승용,남,57세,상해없음,승용,남,60세,경상
2015031000100058,2015년 3월 10일 06시,화요일,울산광역시 중구 복산동,중상사고,0,1,1,0,차대차 - 추돌 - 진행중,안전거리미확보,건조,맑음,단일로 - 기타,승용,남,70세,경상,승용,남,40세,상해없음
2015031000100059,2015년 3월 10일 06시,화요일,울산광역시 북구 중산동,경상사고,0,0,1,0,차량단독 - 공작물충돌,안전운전불이행,건조,맑음,단일로 - 기타,승용,남,54세,경상,,,,
2015031000100197,2015년 3월 10일 11시,화요일,울산광역시 북구 염포동,중상사고,0,1,0,0,차대차 - 기타,안전거리미확보,건조,맑음,단일로 - 기타,화물,남,49세,상해없음,승용,여,57세,중상
2015031000100198,2015년 3월 10일 11시,화요일,울산광역시 울주군 범서읍,중상사고,0,1,0,0,차대차 - 기타,교차로운행방법위반,건조,맑음,교차로 - 교차로안,승용,남,43세,기타불명,자전거,남,62세,중상
2015031000100225,2015년 3월 10일 12시,화요일,울산광역시 남구 삼산동,경상사고,0,0,1,0,차대차 - 측면직각충돌,교차로운행방법위반,건조,맑음,교차로 - 교차로안,승용,여,40세,상해없음,승용,여,47세,경상
2015031000100248,2015년 3월 10일 13시,화요일,울산광역시 동구 전하동,중상사고,0,1,0,0,차대차 - 측면직각충돌,교차로운행방법위반,건조,맑음,교차로 - 교차로안,이륜,남,34세,상해없음,이륜,여,53세,중상
2015031000100341,2015년 3월 10일 16시,화요일,울산광역시 남구 무거동,부상신고사고,0,0,0,1,차대차 - 기타,안전운전불이행,건조,맑음,단일로 - 기타,승합,여,40세,상해없음,자전거,남,11세,부상신고
2015031000100373,2015년 3월 10일 17시,화요일,울산광역시 중구 다운동,중상사고,0,1,0,0,차대사람 - 기타,보행자보호의무위반,건조,맑음,단일로 - 기타,승용,여,50세,상해없음,보행자,여,56세,중상
2015031000100374,2015년 3월 10일 17시,화요일,울산광역시 울주군 온산읍,경상사고,0,0,1,0,차대차 - 측면직각충돌,안전운전불이행,건조,맑음,단일로 - 기타,승용,남,62세,상해없음,승용,남,28세,경상
2015031000100447,2015년 3월 10일 19시,화요일,울산광역시 울주군 상북면,경상사고,0,0,3,0,차대차 - 추돌 - 주정차중,안전거리미확보,건조,맑음,단일로 - 기타,승용,여,26세,상해없음,승용,남,44세,경상
2015031000100493,2015년 3월 10일 21시,화요일,울산광역시 남구 삼산동,중상사고,0,1,0,0,차대차 - 측면직각충돌,안전운전불이행,건조,맑음,교차로 - 교차로부근,이륜,남,48세,중상,승용,남,69세,상해없음
2015031000100516,2015년 3월 10일 22시,화요일,울산광역시 동구 방어동,사망사고,1,0,0,0,차대차 - 측면직각충돌,과속,건조,맑음,교차로 - 교차로안,승용,남,51세,상해없음,이륜,남,88세,사망
2015031000100548,2015년 3월 10일 23시,화요일,울산광역시 중구 다운동,경상사고,0,0,1,0,차대차 - 추돌 - 진행중,안전운전불이행,건조,맑음,단일로 - 기타,승용,남,31세,상해없음,이륜,남,37세,경상
2015031000100549,2015년 3월 10일 23시,화요일,울산광역시 동구 화정동,중상사고,0,1,0,0,차대차 - 기타,직진우회전진행방해,건조,맑음,교차로 - 교차로부근,승용,여,50세,상해없음,이륜,남,39세,중상
2015031100100027,2015년 3월 11일 01시,수요일,울산광역시 동구 화정동,중상사고,0,1,0,0,차대차 - 기타,안전운전불이행,건조,맑음,단일로 - 기타,승용,남,32세,상해없음,이륜,남,42세,중상
2015031100100077,2015년 3월 11일 06시,수요일,울산광역시 울주군 온산읍,경상사고,0,0,1,0,차대차 - 추돌 - 진행중,중앙선침범,건조,맑음,교차로 - 교차로부근,승용,남,72세,상해없음,원동기,남,36세,경상
2015031100100133,2015년 3월 11일 08시,수요일,울산광역시 중구 태화동,경상사고,0,0,1,0,차대차 - 추돌 - 주정차중,안전운전불이행,건조,맑음,교차로 - 교차로부근,승용,남,48세,상해없음,승용,남,28세,경상
2015031100100161,2015년 3월 11일 09시,수요일,울산광역시 남구 신정동,경상사고,0,0,2,0,차대차 - 추돌 - 진행중,안전운전불이행,건조,맑음,교차로 - 교차로부근,이륜,남,41세,경상,승용,남,31세,상해없음
2015031100100218,2015년 3월 11일 12시,수요일,울산광역시 남구 삼산동,경상사고,0,0,1,0,차대차 - 추돌 - 주정차중,안전운전불이행,건조,맑음,단일로 - 기타,승용,남,39세,상해없음,승용,남,38세,경상
2015031100100219,2015년 3월 11일 12시,수요일,울산광역시 울주군 언양읍,중상사고,0,1,1,0,차대차 - 추돌 - 주정차중,안전운전불이행,건조,맑음,단일로 - 기타,승용,남,75세,중상,승용,여,46세,경상
2015031100100317,2015년 3월 11일 15시,수요일,울산광역시 남구 삼산동,중상사고,0,1,0,0,차대차 - 측면직각충돌,안전거리미확보,건조,맑음,교차로 - 교차로부근,화물,남,63세,상해없음,이륜,남,55세,중상
2015031100100477,2015년 3월 11일 20시,수요일,울산광역시 북구 양정동,중상사고,0,1,2,0,차대차 - 기타,신호위반,건조,맑음,단일로 - 기타,승용,남,55세,상해없음,승용,남,27세,중상
2015031100100573,2015년 3월 11일 23시,수요일,울산광역시 북구 진장동,중상사고,0,1,0,0,차대차 - 기타,안전운전불이행,건조,맑음,단일로 - 교량,승용,남,54세,기타불명,승용,여,35세,중상
2015031200100016,2015년 3월 12일 00시,목요일,울산광역시 남구 신정동,중상사고,0,1,2,0,차대차 - 정면충돌,중앙선침범,건조,맑음,단일로 - 기타,승용,남,34세,상해없음,승용,남,50세,중상
2015031200100089,2015년 3월 12일 06시,목요일,울산광역시 북구 상안동,중상사고,0,1,1,1,차대차 - 기타,신호위반,건조,맑음,교차로 - 교차로안,승용,남,49세,부상신고,승용,남,43세,경상
2015031200100112,2015년 3월 12일 07시,목요일,울산광역시 북구 상안동,중상사고,0,2,1,0,차대차 - 측면직각충돌,교차로운행방법위반,건조,맑음,교차로 - 교차로안,승용,여,39세,중상,승용,여,53세,중상
2015031200100113,2015년 3월 12일 07시,목요일,울산광역시 남구 신정동,중상사고,0,1,1,0,차대차 - 추돌 - 주정차중,안전거리미확보,건조,맑음,단일로 - 기타,승용,남,54세,상해없음,승용,남,32세,중상
2015031200100253,2015년 3월 12일 11시,목요일,울산광역시 북구 연암동,경상사고,0,0,1,0,차대차 - 기타,안전운전불이행,건조,맑음,교차로 - 교차로부근,화물,남,44세,상해없음,승용,남,27세,경상
2015031200100276,2015년 3월 12일 12시,목요일,울산광역시 중구 성남동,중상사고,0,2,0,0,차대차 - 측면직각충돌,안전거리미확보,건조,맑음,교차로 - 교차로안,승용,남,30세,상해없음,이륜,남,23세,중상
2015031200100390,2015년 3월 12일 16시,목요일,울산광역시 중구 약사동,중상사고,0,1,0,0,차대차 - 정면충돌,중앙선침범,건조,맑음,단일로 - 기타,승용,남,61세,상해없음,승용,남,56세,중상
2015031200100391,2015년 3월 12일 16시,목요일,울산광역시 북구 매곡동,중상사고,0,1,0,1,차대차 - 기타,중앙선침범,건조,맑음,단일로 - 기타,승용,남,61세,부상신고,화물,남,47세,중상
2015031200100392,2015년 3월 12일 16시,목요일,울산광역시 울주군 언양읍,경상사고,0,0,1,0,차대사람 - 차도통행중,안전운전불이행,건조,맑음,단일로 - 기타,승용,남,53세,기타불명,보행자,여,6세,경상
2015031200100474,2015년 3월 12일 18시,목요일,울산광역시 동구 일산동,중상사고,0,1,0,0,차대차 - 기타,안전운전불이행,건조,맑음,단일로 - 기타,이륜,남,26세,상해없음,자전거,여,60세,중상
2015031200100475,2015년 3월 12일 18시,목요일,울산광역시 울주군 온산읍,경상사고,0,0,1,0,차대차 - 측면직각충돌,안전운전불이행,건조,맑음,교차로 - 교차로부근,승용,남,47세,상해없음,화물,남,32세,상해없음
2015031200100476,2015년 3월 12일 18시,목요일,울산광역시 울주군 삼남면,중상사고,0,1,0,0,차대차 - 측면직각충돌,교차로운행방법위반,건조,맑음,교차로 - 교차로안,승용,남,43세,상해없음,승합,남,19세,중상
2015031200100526,2015년 3월 12일 19시,목요일,울산광역시 남구 무거동,중상사고,0,1,0,0,차대사람 - 횡단중,보행자보호의무위반,건조,맑음,교차로 - 교차로부근,승용,여,44세,상해없음,보행자,여,28세,중상
2015031200100564,2015년 3월 12일 20시,목요일,울산광역시 중구 유곡동,사망사고,1,0,1,0,차대차 - 추돌 - 진행중,안전운전불이행,건조,맑음,교차로 - 교차로안,이륜,남,37세,사망,화물,남,40세,경상
2015031200100599,2015년 3월 12일 21시,목요일,울산광역시 남구 무거동,경상사고,0,0,1,0,차대사람 - 보도통행중,기타,건조,맑음,단일로 - 기타,승용,남,54세,상해없음,보행자,여,48세,경상
2015031200100653,2015년 3월 12일 23시,목요일,울산광역시 남구 두왕동,중상사고,0,1,0,0,차대차 - 추돌 - 주정차중,안전운전불이행,건조,맑음,교차로 - 교차로부근,화물,남,48세,상해없음,승용,남,25세,중상
2015031300100158,2015년 3월 13일 08시,금요일,울산광역시 중구 다운동,중상사고,0,1,1,0,차대차 - 기타,교차로운행방법위반,건조,맑음,교차로 - 교차로안,승용,남,50세,중상,승용,여,30세,경상
2015031300100188,2015년 3월 13일 09시,금요일,울산광역시 남구 신정동,경상사고,0,0,1,0,차대사람 - 기타,보행자보호의무위반,기타,맑음,단일로 - 기타,화물,남,57세,상해없음,보행자,여,63세,경상
2015031300100290,2015년 3월 13일 12시,금요일,울산광역시 울주군 온산읍,중상사고,0,1,0,0,차대차 - 측면직각충돌,교차로운행방법위반,건조,맑음,교차로 - 교차로안,이륜,남,33세,상해없음,이륜,남,54세,중상
2015031300100384,2015년 3월 13일 15시,금요일,울산광역시 울주군 웅촌면,경상사고,0,0,1,0,차대차 - 측면직각충돌,차로위반,건조,맑음,단일로 - 기타,승용,남,43세,상해없음,승용,남,37세,경상
2015031300100420,2015년 3월 13일 16시,금요일,울산광역시 남구 삼산동,중상사고,0,1,0,0,차대차 - 측면직각충돌,안전운전불이행,건조,맑음,교차로 - 교차로안,승용,남,47세,상해없음,승용,남,46세,중상
2015031300100459,2015년 3월 13일 17시,금요일,울산광역시 울주군 온산읍,부상신고사고,0,0,0,1,차대차 - 추돌 - 진행중,안전거리미확보,건조,맑음,단일로 - 기타,원동기,남,70세,부상신고,승용,여,36세,상해없음
2015031300100493,2015년 3월 13일 18시,금요일,울산광역시 중구 복산동,경상사고,0,0,2,0,차대차 - 측면직각충돌,안전거리미확보,건조,맑음,교차로 - 교차로안,승용,남,73세,상해없음,승용,남,42세,경상
2015031300100547,2015년 3월 13일 19시,금요일,울산광역시 북구 천곡동,부상신고사고,0,0,0,1,차대차 - 기타,안전거리미확보,건조,맑음,교차로 - 교차로안,이륜,남,31세,부상신고,승용,남,62세,상해없음
2015031300100635,2015년 3월 13일 21시,금요일,울산광역시 중구 약사동,경상사고,0,0,1,0,차대차 - 측면직각충돌,안전운전불이행,건조,맑음,교차로 - 교차로안,승용,남,20세,상해없음,자전거,남,78세,경상
2015031300100636,2015년 3월 13일 21시,금요일,울산광역시 북구 염포동,경상사고,0,0,3,0,차대차 - 추돌 - 주정차중,안전운전불이행,건조,맑음,단일로 - 기타,승용,남,34세,상해없음,승용,여,51세,경상
2015031300100666,2015년 3월 13일 22시,금요일,울산광역시 동구 서부동,경상사고,0,0,2,0,차대차 - 기타,안전운전불이행,건조,맑음,단일로 - 기타,승용,남,40세,상해없음,승용,여,43세,경상
2015031400100020,2015년 3월 14일 00시,토요일,울산광역시 남구 무거동,경상사고,0,0,1,0,차대차 - 기타,안전운전불이행,건조,맑음,교차로 - 교차로안,승용,남,35세,상해없음,승용,남,59세,경상
2015031400100053,2015년 3월 14일 01시,토요일,울산광역시 남구 무거동,경상사고,0,0,1,0,차대사람 - 기타,안전운전불이행,건조,맑음,교차로 - 교차로안,이륜,남,24세,기타불명,보행자,여,28세,경상
2015031400100115,2015년 3월 14일 05시,토요일,울산광역시 북구 염포동,중상사고,0,1,1,0,차대차 - 추돌 - 진행중,안전운전불이행,건조,맑음,단일로 - 기타,승용,남,27세,경상,승용,남,62세,중상
2015031400100116,2015년 3월 14일 05시,토요일,울산광역시 울주군 온양읍,경상사고,0,0,1,0,차대차 - 기타,기타,건조,맑음,교차로 - 교차로부근,승용,남,44세,경상,화물,남,54세,상해없음
2015031400100169,2015년 3월 14일 08시,토요일,울산광역시 중구 태화동,경상사고,0,0,5,0,차대차 - 기타,안전운전불이행,건조,맑음,단일로 - 기타,승용,남,50세,상해없음,승용,여,58세,경상
2015031400100170,2015년 3월 14일 08시,토요일,울산광역시 남구 달동,경상사고,0,0,1,0,차대차 - 기타,교차로운행방법위반,건조,맑음,교차로 - 교차로안,화물,남,34세,상해없음,승합,남,57세,상해없음
2015031400100171,2015년 3월 14일 08시,토요일,울산광역시 울주군 언양읍,경상사고,0,0,1,0,차대차 - 측면직각충돌,직진우회전진행방해,건조,맑음,교차로 - 교차로안,승용,남,45세,상해없음,농기계,남,60세,경상
2015031400100199,2015년 3월 14일 09시,토요일,울산광역시 울주군 청량면,경상사고,0,0,3,1,차대차 - 측면직각충돌,안전운전불이행,건조,맑음,교차로 - 교차로안,승합,여,42세,상해없음,화물,남,43세,경상
2015031400100306,2015년 3월 14일 12시,토요일,울산광역시 북구 연암동,부상신고사고,0,0,0,1,차대차 - 측면직각충돌,교차로운행방법위반,건조,맑음,교차로 - 교차로부근,원동기,남,62세,부상신고,승용,남,26세,상해없음
2015031400100466,2015년 3월 14일 16시,토요일,울산광역시 동구 화정동,경상사고,0,0,1,0,차대차 - 기타,교차로운행방법위반,건조,맑음,교차로 - 교차로안,이륜,남,19세,경상,승용,남,34세,기타불명
2015031400100606,2015년 3월 14일 20시,토요일,울산광역시 북구 명촌동,경상사고,0,0,2,0,차대차 - 측면직각충돌,교차로운행방법위반,건조,맑음,교차로 - 교차로안,승용,남,55세,상해없음,승용,남,29세,경상
2015031400100663,2015년 3월 14일 22시,토요일,울산광역시 울주군 언양읍,경상사고,0,0,1,0,차대사람 - 차도통행중,안전운전불이행,건조,맑음,단일로 - 기타,승용,남,40세,상해없음,보행자,남,17세,경상
2015031400100676,2015년 3월 14일 23시,토요일,울산광역시 울주군 두서면,중상사고,0,2,0,0,차대차 - 기타,차로위반,건조,맑음,단일로 - 기타,승용,남,30세,상해없음,승용,남,52세,상해없음
2015031500100136,2015년 3월 15일 08시,일요일,울산광역시 중구 학산동,경상사고,0,0,1,0,차대차 - 기타,안전운전불이행,건조,맑음,단일로 - 기타,승용,남,55세,상해없음,자전거,남,67세,경상
2015031500100221,2015년 3월 15일 12시,일요일,울산광역시 울주군 두동면,경상사고,0,0,4,1,차대차 - 측면직각충돌,안전운전불이행,건조,맑음,교차로 - 교차로안,승용,남,53세,상해없음,승용,여,40세,경상
2015031500100326,2015년 3월 15일 15시,일요일,울산광역시 남구 두왕동,중상사고,0,1,1,0,차대차 - 추돌 - 진행중,안전거리미확보,건조,맑음,교차로 - 교차로부근,승용,남,43세,상해없음,승합,남,36세,중상
2015031500100357,2015년 3월 15일 16시,일요일,울산광역시 남구 달동,경상사고,0,0,3,1,차대차 - 추돌 - 진행중,안전거리미확보,건조,맑음,단일로 - 기타,승합,남,44세,상해없음,승용,여,42세,경상
2015031500100393,2015년 3월 15일 17시,일요일,울산광역시 중구 남외동,경상사고,0,0,1,0,차대사람 - 기타,안전운전불이행,건조,맑음,단일로 - 기타,승합,남,61세,상해없음,보행자,남,55세,경상
2015031500100429,2015년 3월 15일 18시,일요일,울산광역시 남구 달동,경상사고,0,0,1,0,차대사람 - 기타,안전운전불이행,건조,맑음,교차로 - 교차로부근,승용,남,41세,상해없음,보행자,남,44세,경상
2015031500100528,2015년 3월 15일 21시,일요일,울산광역시 중구 서동,경상사고,0,0,3,0,차대차 - 측면직각충돌,안전운전불이행,건조,맑음,단일로 - 기타,승용,남,27세,상해없음,승용,여,57세,경상