사고번호,사고일시,요일,시군구,사고내용,사망자수,중상자수,경상자수,부상신고자수,사고유형,법규위반,노면상태,기상상태,도로형태,가해운전자 차종,가해운전자 성별,가해운전자 연령,가해운전자 상해정도,피해운전자 차종,피해운전자 성별,피해운전자 연령,피해운전자 상해정도
2015040300100114,2015년 4월 3일 05시,금요일,울산광역시 남구 달동,경상사고,0,0,1,0,차대차 - 기타,안전운전불이행,습기,비,교차로 - 교차로부근,승용,남,27세,상해없음,승용,남,65세,경상
2015040300100129,2015년 4월 3일 06시,금요일,울산광역시 동구 화정동,중상사고,0,1,0,0,차대차 - 기타,신호위반,건조,맑음,교차로 - 교차로안,이륜,남,30세,상해없음,이륜,남,65세,중상
2015040300100427,2015년 4월 3일 16시,금요일,울산광역시 울주군 청량면,중상사고,0,1,0,0,차대차 - 기타,차로위반,건조,맑음,단일로 - 기타,화물,남,47세,상해없음,승용,남,49세,중상
2015040300100522,2015년 4월 3일 18시,금요일,울산광역시 남구 달동,중상사고,0,1,0,0,차대차 - 추돌 - 주정차중,안전거리미확보,건조,맑음,단일로 - 기타,승용,기타불명,기타불명,기타불명,승용,여,55세,중상
2015040300100561,2015년 4월 3일 19시,금요일,울산광역시 북구 신천동,중상사고,0,1,0,0,차대차 - 측면직각충돌,안전운전불이행,건조,흐림,단일로 - 기타,이륜,남,19세,중상,승용,남,37세,상해없음
2015040300100637,2015년 4월 3일 21시,금요일,울산광역시 중구 반구동,부상신고사고,0,0,0,1,차대사람 - 기타,안전운전불이행,건조,맑음,단일로 - 기타,승용,남,49세,기타불명,보행자,여,7세,부상신고
2015040300100711,2015년 4월 3일 23시,금요일,울산광역시 남구 달동,중상사고,0,1,1,0,차대차 - 기타,안전운전불이행,건조,맑음,단일로 - 기타,승용,남,19세,상해없음,승용,남,24세,중상
2015040300100712,2015년 4월 3일 23시,금요일,울산광역시 남구 삼산동,경상사고,0,0,1,0,차대차 - 기타,안전운전불이행,기타,기타,단일로 - 기타,승용,남,46세,상해없음,승용,남,39세,경상
2015040400100136,2015년 4월 4일 07시,토요일,울산광역시 남구 신정동,경상사고,0,0,2,0,차대차 - 측면직각충돌,안전운전불이행,건조,맑음,교차로 - 교차로안,승합,남,48세,상해없음,승용,남,49세,상해없음
2015040400100137,2015년 4월 4일 07시,토요일,울산광역시 울주군 온산읍,부상신고사고,0,0,0,1,차대차 - 추돌 - 진행중,안전운전불이행,건조,맑음,교차로 - 교차로부근,이륜,남,48세,부상신고,화물,남,53세,상해없음
2015040400100138,2015년 4월 4일 07시,토요일,울산광역시 울주군 온산읍,경상사고,0,0,1,0,차대차 - 기타,안전거리미확보,건조,맑음,교차로 - 교차로부근,특수,남,44세,상해없음,승용,남,39세,경상
2015040400100224,2015년 4월 4일 10시,토요일,울산광역시 남구 무거동,경상사고,0,0,2,0,차대차 - 기타,안전거리미확보,건조,맑음,단일로 - 기타,승용,남,33세,상해없음,승합,남,53세,상해없음
2015040400100295,2015년 4월 4일 12시,토요일,울산광역시 남구 삼산동,경상사고,0,0,1,0,차대차 - 정면충돌,직진우회전진행방해,건조,맑음,교차로 - 교차로안,승용,남,34세,상해없음,승용,남,28세,경상
2015040400100368,2015년 4월 4일 14시,토요일,울산광역시 울주군 두서면,부상신고사고,0,0,0,1,차대차 - 측면직각충돌,신호위반,건조,맑음,교차로 - 교차로안,원동기,남,80세,상해없음,이륜,남,28세,부상신고
2015040400100394,2015년 4월 4일 15시,토요일,울산광역시 울주군 언양읍,경상사고,0,0,1,0,차대차 - 측면직각충돌,신호위반,건조,맑음,교차로 - 교차로안,승용,여,31세,기타불명,승용,남,37세,경상
2015040400100474,2015년 4월 4일 17시,토요일,울산광역시 남구 삼산동,중상사고,0,1,0,0,차대차 - 측면직각충돌,교차로운행방법위반,습기,비,교차로 - 교차로안,승용,남,37세,상해없음,원동기,남,40세,중상
2015040400100570,2015년 4월 4일 19시,토요일,울산광역시 중구 태화동,경상사고,0,0,1,0,차대차 - 측면직각충돌,안전거리미확보,습기,비,단일로 - 기타,승용,남,47세,상해없음,이륜,남,19세,경상
2015040400100571,2015년 4월 4일 19시,토요일,울산광역시 울주군 온산읍,경상사고,0,0,1,0,차대사람 - 횡단중,안전운전불이행,습기,비,단일로 - 기타,원동기,남,40세,상해없음,보행자,남,27세,경상
2015040400100572,2015년 4월 4일 19시,토요일,울산광역시 울주군 청량면,경상사고,0,0,13,0,차대차 - 측면직각충돌,차로위반,습기,비,단일로 - 교량,화물,남,54세,상해없음,승합,남,45세,경상
2015040400100615,2015년 4월 4일 20시,토요일,울산광역시 중구 성안동,경상사고,0,0,1,0,차대차 - 측면직각충돌,교차로운행방법위반,습기,비,교차로 - 교차로안,이륜,남,16세,경상,승용,남,38세,상해없음
2015040400100669,2015년 4월 4일 21시,토요일,울산광역시 북구 송정동,중상사고,0,1,0,0,차량단독 - 기타,안전운전불이행,습기,비,단일로 - 기타,이륜,남,61세,중상,,,,
2015040400100705,2015년 4월 4일 22시,토요일,울산광역시 남구 달동,경상사고,0,0,1,0,차대차 - 기타,안전거리미확보,습기,비,교차로 - 교차로부근,승용,남,29세,상해없음,승용,여,31세,경상
2015040400100706,2015년 4월 4일 22시,토요일,울산광역시 남구 야음동,경상사고,0,0,2,1,차대차 - 추돌 - 주정차중,안전거리미확보,습기,비,단일로 - 기타,승용,남,32세,상해없음,승용,남,33세,부상신고
2015040400100707,2015년 4월 4일 22시,토요일,울산광역시 남구 삼산동,경상사고,0,0,1,0,차대차 - 기타,신호위반,습기,비,교차로 - 교차로부근,승용,남,55세,상해없음,이륜,남,58세,경상
2015040400100734,2015년 4월 4일 23시,토요일,울산광역시 남구 신정동,중상사고,0,1,1,0,차대차 - 측면직각충돌,신호위반,건조,맑음,교차로 - 교차로안,승용,남,45세,상해없음,승용,남,40세,경상
2015040500100030,2015년 4월 5일 00시,일요일,울산광역시 북구 달천동,경상사고,0,0,1,0,차량단독 - 공작물충돌,안전운전불이행,건조,맑음,단일로 - 기타,승용,여,40세,경상,,,,
2015040500100031,2015년 4월 5일 00시,일요일,울산광역시 동구 서부동,중상사고,0,1,0,0,차대사람 - 기타,안전운전불이행,습기,비,단일로 - 기타,승용,기타불명,기타불명,기타불명,보행자,남,46세,중상
2015040500100069,2015년 4월 5일 02시,일요일,울산광역시 북구 상안동,부상신고사고,0,0,0,1,차량단독 - 공작물충돌,안전운전불이행,습기,비,교차로 - 교차로안,승용,남,25세,부상신고,,,,
2015040500100070,2015년 4월 5일 02시,일요일,울산광역시 북구 화봉동,중상사고,0,1,2,0,차대차 - 측면직각충돌,안전거리미확보,습기,비,미분류 - 미분류,승용,남,26세,상해없음,승용,남,26세,경상
2015040500100071,2015년 4월 5일 02시,일요일,울산광역시 울주군 온산읍,중상사고,0,3,0,0,차대차 - 정면충돌,중앙선침범,습기,비,단일로 - 기타,승용,남,32세,상해없음,승용,남,54세,중상
2015040500100114,2015년 4월 5일 05시,일요일,울산광역시 북구 효문동,경상사고,0,0,1,1,차대차 - 측면직각충돌,신호위반,건조,맑음,교차로 - 교차로안,승용,여,41세,부상신고,승용,남,33세,경상
2015040500100115,2015년 4월 5일 05시,일요일,울산광역시 울주군 온양읍,중상사고,0,1,0,0,차대차 - 측면직각충돌,신호위반,건조,흐림,교차로 - 교차로안,승용,남,46세,기타불명,승용,남,48세,중상
2015040500100310,2015년 4월 5일 15시,일요일,울산광역시 중구 성안동,경상사고,0,0,1,0,차대차 - 측면직각충돌,중앙선침범,건조,맑음,교차로 - 교차로안,승용,남,63세,경상,승용,여,64세,상해없음
2015040500100311,2015년 4월 5일 15시,일요일,울산광역시 남구 삼산동,경상사고,0,0,1,0,차대차 - 기타,안전운전불이행,건조,맑음,단일로 - 기타,이륜,남,33세,경상,승용,여,33세,상해없음
2015040500100339,2015년 4월 5일 16시,일요일,울산광역시 중구 학성동,중상사고,0,1,0,0,차대차 - 기타,안전운전불이행,건조,맑음,단일로 - 기타,자전거,남,78세,상해없음,자전거,남,52세,중상
2015040500100433,2015년 4월 5일 19시,일요일,울산광역시 중구 남외동,중상사고,0,1,0,0,차대사람 - 기타,안전운전불이행,건조,흐림,단일로 - 기타,이륜,남,15세,상해없음,보행자,여,60세,중상
2015040500100442,2015년 4월 5일 20시,일요일,울산광역시 울주군 범서읍,경상사고,0,0,1,0,차대차 - 추돌 - 진행중,안전운전불이행,건조,맑음,단일로 - 기타,승용,남,66세,상해없음,승용,여,43세,경상
2015040500100471,2015년 4월 5일 20시,일요일,울산광역시 울주군 온양읍,중상사고,0,1,1,1,차대차 - 정면충돌,중앙선침범,습기,흐림,단일로 - 기타,승용,남,24세,경상,승용,여,47세,중상
2015040500100508,2015년 4월 5일 21시,일요일,울산광역시 울주군 삼남면,경상사고,0,0,1,1,차대차 - 추돌 - 진행중,안전운전불이행,건조,맑음,단일로 - 기타,승용,남,47세,부상신고,자전거,남,44세,경상
2015040500100531,2015년 4월 5일 22시,일요일,울산광역시 남구 신정동,중상사고,0,1,0,0,차대사람 - 횡단중,신호위반,건조,맑음,단일로 - 횡단보도상,화물,남,54세,상해없음,보행자,남,53세,중상
2015040500100532,2015년 4월 5일 22시,일요일,울산광역시 울주군 온양읍,경상사고,0,0,2,0,차대차 - 추돌 - 진행중,안전운전불이행,건조,맑음,단일로 - 기타,승용,남,53세,상해없음,승용,남,27세,경상
2015040600100104,2015년 4월 6일 07시,월요일,울산광역시 북구 신천동,경상사고,0,0,1,0,차대차 - 추돌 - 주정차중,안전운전불이행,건조,맑음,단일로 - 기타,승용,남,66세,상해없음,승용,여,51세,경상
2015040600100189,2015년 4월 6일 09시,월요일,울산광역시 중구 성안동,경상사고,0,0,3,0,차대차 - 측면직각충돌,교차로운행방법위반,건조,맑음,교차로 - 교차로안,승용,남,29세,경상,승용,남,72세,경상
2015040600100221,2015년 4월 6일 10시,월요일,울산광역시 북구 호계동,중상사고,0,3,0,0,차대차 - 추돌 - 주정차중,안전운전불이행,습기,비,단일로 - 기타,화물,남,44세,상해없음,승용,남,48세,상해없음
2015040600100256,2015년 4월 6일 11시,월요일,울산광역시 중구 태화동,부상신고사고,0,0,0,1,차대차 - 기타,안전운전불이행,습기,비,교차로 - 교차로안,원동기,남,69세,부상신고,화물,남,61세,상해없음
2015040600100281,2015년 4월 6일 12시,월요일,울산광역시 남구 무거동,경상사고,0,0,2,0,차대차 - 기타,안전운전불이행,습기,비,교차로 - 교차로안,승용,여,60세,경상,승용,남,33세,경상
2015040600100282,2015년 4월 6일 12시,월요일,울산광역시 동구 전하동,경상사고,0,0,1,0,차대사람 - 기타,교차로운행방법위반,건조,맑음,교차로 - 교차로안,승용,남,62세,상해없음,보행자,여,67세,경상
2015040600100283,2015년 4월 6일 12시,월요일,울산광역시 울주군 청량면,부상신고사고,0,0,0,1,차량단독 - 전도전복,안전운전불이행,습기,비,단일로 - 기타,화물,남,30세,부상신고,,,,
2015040600100432,2015년 4월 6일 16시,월요일,울산광역시 남구 무거동,중상사고,0,1,0,0,차대사람 - 횡단중,안전운전불이행,건조,맑음,단일로 - 횡단보도부근,승용,여,29세,상해없음,보행자,여,72세,중상
2015040600100469,2015년 4월 6일 17시,월요일,울산광역시 중구 복산동,경상사고,0,0,1,0,차대사람 - 기타,안전운전불이행,건조,맑음,단일로 - 기타,승용,여,47세,상해없음,보행자,남,7세,경상
2015040600100470,2015년 4월 6일 17시,월요일,울산광역시 남구 매암동,중상사고,0,1,0,0,차대차 - 기타,중앙선침범,건조,맑음,교차로 - 교차로부근,화물,남,29세,상해없음,승용,남,59세,중상
2015040600100471,2015년 4월 6일 17시,월요일,울산광역시 남구 달동,중상사고,0,1,0,0,차대차 - 기타,안전거리미확보,습기,비,단일로 - 기타,승용,기타불명,40세,기타불명,이륜,남,26세,중상
2015040600100535,2015년 4월 6일 19시,월요일,울산광역시 북구 천곡동,경상사고,0,0,1,0,차대차 - 기타,안전운전불이행,건조,맑음,교차로 - 교차로안,승용,여,54세,상해없음,이륜,남,22세,경상
2015040600100613,2015년 4월 6일 21시,월요일,울산광역시 중구 유곡동,경상사고,0,0,3,0,차대차 - 측면직각충돌,신호위반,습기,흐림,교차로 - 교차로안,승용,남,29세,상해없음,승합,남,63세,상해없음
2015040600100643,2015년 4월 6일 22시,월요일,울산광역시 울주군 두동면,중상사고,0,1,0,0,차대차 - 기타,안전거리미확보,습기,비,교차로 - 교차로부근,승용,여,50세,상해없음,자전거,여,56세,중상
2015040700100033,2015년 4월 7일 01시,화요일,울산광역시 중구 남외동,중상사고,0,1,0,0,차대사람 - 횡단중,안전운전불이행,습기,흐림,단일로 - 기타,승용,여,55세,상해없음,보행자,여,45세,중상
2015040700100078,2015년 4월 7일 06시,화요일,울산광역시 동구 서부동,중상사고,0,1,0,0,차량단독 - 공작물충돌,안전운전불이행,습기,맑음,단일로 - 기타,이륜,남,31세,중상,,,,
2015040700100101,2015년 4월 7일 07시,화요일,울산광역시 울주군 웅촌면,경상사고,0,0,1,1,차대차 - 측면직각충돌,중앙선침범,건조,흐림,단일로 - 기타,승용,남,65세,상해없음,승용,여,32세,경상
2015040700100184,2015년 4월 7일 09시,화요일,울산광역시 중구 옥교동,중상사고,0,1,0,0,차대사람 - 기타,안전운전불이행,건조,맑음,단일로 - 기타,화물,남,48세,상해없음,보행자,여,56세,중상
2015040700100213,2015년 4월 7일 10시,화요일,울산광역시 중구 태화동,경상사고,0,0,2,0,차대차 - 추돌 - 진행중,안전거리미확보,건조,맑음,교차로 - 교차로안,승용,남,49세,상해없음,승용,남,69세,경상
2015040700100263,2015년 4월 7일 12시,화요일,울산광역시 남구 무거동,경상사고,0,0,1,0,차량단독 - 기타,안전운전불이행,건조,맑음,단일로 - 기타,승합,남,46세,기타불명,,,,
2015040700100351,2015년 4월 7일 15시,화요일,울산광역시 북구 화봉동,중상사고,0,1,0,0,차대차 - 측면직각충돌,신호위반,건조,맑음,교차로 - 교차로안,이륜,남,50세,상해없음,자전거,남,73세,중상
2015040700100408,2015년 4월 7일 17시,화요일,울산광역시 중구 서동,경상사고,0,0,4,0,차대차 - 측면직각충돌,안전거리미확보,건조,맑음,교차로 - 교차로부근,화물,남,52세,상해없음,승용,남,67세,경상
2015040700100567,2015년 4월 7일 22시,화요일,울산광역시 중구 학산동,경상사고,0,0,1,0,차대차 - 추돌 - 진행중,안전운전불이행,건조,맑음,단일로 - 기타,화물,남,38세,상해없음,승용,남,41세,경상
2015040700100568,2015년 4월 7일 22시,화요일,울산광역시 남구 달동,경상사고,0,0,1,0,차대차 - 추돌 - 진행중,안전운전불이행,건조,맑음,교차로 - 교차로부근,승용,남,40세,상해없음,승합,남,52세,경상
2015040800100020,2015년 4월 8일 00시,수요일,울산광역시 동구 전하동,경상사고,0,0,1,0,차대차 - 기타,신호위반,습기,비,교차로 - 교차로안,이륜,남,19세,경상,승용,남,56세,상해없음
2015040800100033,2015년 4월 8일 01시,수요일,울산광역시 울주군 서생면,중상사고,0,1,0,0,차량단독 - 공작물충돌,안전운전불이행,습기,비,단일로 - 기타,승용,남,41세,중상,,,,
2015040800100092,2015년 4월 8일 07시,수요일,울산광역시 남구 무거동,경상사고,0,0,1,0,차대사람 - 기타,신호위반,습기,비,단일로 - 기타,승용,기타불명,기타불명,기타불명,보행자,남,13세,경상
2015040800100093,2015년 4월 8일 07시,수요일,울산광역시 울주군 온산읍,중상사고,0,1,0,0,차대차 - 추돌 - 진행중,안전운전불이행,습기,흐림,단일로 - 기타,승용,남,34세,상해없음,이륜,남,52세,중상
2015040800100186,2015년 4월 8일 10시,수요일,울산광역시 동구 화정동,부상신고사고,0,0,0,1,차대차 - 기타,교차로운행방법위반,건조,맑음,교차로 - 교차로안,이륜,남,44세,부상신고,승용,여,63세,상해없음
2015040800100187,2015년 4월 8일 10시,수요일,울산광역시 동구 방어동,경상사고,0,0,1,0,차대차 - 기타,안전운전불이행,건조,맑음,단일로 - 기타,승용,남,58세,상해없음,승용,남,34세,경상
2015040800100275,2015년 4월 8일 13시,수요일,울산광역시 남구 부곡동,경상사고,0,0,1,0,차대차 - 기타,신호위반,건조,흐림,교차로 - 교차로안,승용,남,53세,상해없음,승용,남,46세,경상
2015040800100310,2015년 4월 8일 14시,수요일,울산광역시 남구 신정동,중상사고,0,1,0,0,차대차 - 기타,직진우회전진행방해,건조,흐림,교차로 - 교차로안,승합,남,53세,상해없음,자전거,남,52세,중상
2015040800100344,2015년 4월 8일 15시,수요일,울산광역시 북구 호계동,경상사고,0,0,1,0,차대차 - 기타,안전운전불이행,건조,맑음,교차로 - 교차로부근,화물,남,55세,상해없음,승용,여,46세,경상
2015040800100465,2015년 4월 8일 19시,수요일,울산광역시 울주군 언양읍,경상사고,0,0,1,0,차대사람 - 횡단중,보행자보호의무위반,건조,맑음,교차로 - 교차로안,승용,남,30세,상해없음,보행자,남,26세,경상
2015040800100497,2015년 4월 8일 20시,수요일,울산광역시 남구 삼산동,부상신고사고,0,0,0,1,차대차 - 기타,안전운전불이행,건조,맑음,교차로 - 교차로부근,승용,남,25세,상해없음,화물,남,50세,부상신고
2015040800100498,2015년 4월 8일 20시,수요일,울산광역시 남구 신정동,중상사고,0,1,0,0,차대사람 - 차도통행중,안전운전불이행,건조,맑음,교차로 - 교차로부근,원동기,남,18세,상해없음,보행자,여,44세,중상
2015040800100499,2015년 4월 8일 20시,수요일,울산광역시 울주군 온산읍,중상사고,0,1,1,0,차대차 - 추돌 - 주정차중,안전운전불이행,건조,맑음,교차로 - 교차로부근,승용,남,41세,상해없음,승용,남,32세,중상
2015040800100602,2015년 4월 8일 23시,수요일,울산광역시 울주군 언양읍,부상신고사고,0,0,0,2,차대차 - 정면충돌,중앙선침범,건조,맑음,교차로 - 교차로부근,승용,여,33세,상해없음,승용,남,61세,부상신고
2015040900100036,2015년 4월 9일 02시,목요일,울산광역시 남구 달동,중상사고,0,1,2,0,차대차 - 추돌 - 주정차중,안전운전불이행,건조,맑음,단일로 - 기타,승용,남,41세,상해없음,승용,남,49세,중상
2015040900100045,2015년 4월 9일 03시,목요일,울산광역시 남구 달동,중상사고,0,1,1,0,차대차 - 측면직각충돌,교차로운행방법위반,건조,맑음,교차로 - 교차로안,승용,남,56세,상해없음,승용,남,54세,경상
2015040900100108,2015년 4월 9일 07시,목요일,울산광역시 북구 상안동,경상사고,0,0,1,0,차대차 - 기타,신호위반,건조,맑음,교차로 - 교차로안,승용,남,41세,상해없음,원동기,남,31세,경상
2015040900100109,2015년 4월 9일 07시,목요일,울산광역시 중구 옥교동,경상사고,0,0,1,0,차대사람 - 기타,안전운전불이행,건조,맑음,단일로 - 기타,승용,여,47세,상해없음,보행자,여,76세,경상
2015040900100110,2015년 4월 9일 07시,목요일,울산광역시 북구 염포동,경상사고,0,0,2,0,차대차 - 추돌 - 주정차중,안전운전불이행,건조,맑음,교차로 - 교차로부근,승용,남,33세,상해없음,승용,여,29세,경상
2015040900100230,2015년 4월 9일 11시,목요일,울산광역시 북구 화봉동,중상사고,0,2,3,0,차대차 - 측면직각충돌,안전운전불이행,건조,맑음,단일로 - 기타,승합,남,72세,상해없음,화물,남,49세,상해없음
2015040900100231,2015년 4월 9일 11시,목요일,울산광역시 북구 시례동,중상사고,0,1,0,0,차대차 - 측면직각충돌,교차로운행방법위반,건조,맑음,교차로 - 교차로안,이륜,남,62세,중상,승용,여,31세,상해없음
2015040900100260,2015년 4월 9일 12시,목요일,울산광역시 남구 달동,중상사고,0,1,0,0,차대차 - 측면직각충돌,안전운전불이행,건조,맑음,단일로 - 기타,화물,남,42세,상해없음,원동기,남,40세,중상
2015040900100261,2015년 4월 9일 12시,목요일,울산광역시 울주군 삼동면,중상사고,0,1,0,0,차대차 - 추돌 - 진행중,안전거리미확보,건조,맑음,단일로 - 기타,화물,남,52세,기타불명,자전거,남,71세,중상
2015040900100439,2015년 4월 9일 18시,목요일,울산광역시 북구 양정동,경상사고,0,0,1,0,차대차 - 측면직각충돌,직진우회전진행방해,건조,맑음,교차로 - 교차로안,승용,남,51세,상해없음,승용,여,46세,경상
2015040900100440,2015년 4월 9일 18시,목요일,울산광역시 동구 방어동,경상사고,0,0,1,0,차대차 - 측면직각충돌,안전운전불이행,건조,맑음,교차로 - 교차로안,승용,남,45세,상해없음,이륜,남,20세,경상
2015040900100441,2015년 4월 9일 18시,목요일,울산광역시 울주군 서생면,사망사고,1,0,0,0,차량단독 - 도로외이탈 - 추락,안전운전불이행,건조,맑음,단일로 - 기타,이륜,남,40세,사망,,,,
2015040900100508,2015년 4월 9일 20시,목요일,울산광역시 남구 신정동,경상사고,0,0,1,0,차대차 - 기타,안전운전불이행,건조,맑음,교차로 - 교차로부근,승용,남,72세,상해없음,자전거,남,62세,경상
2015040900100534,2015년 4월 9일 21시,목요일,울산광역시 중구 성안동,경상사고,0,0,1,0,차대사람 - 길가장자리구역통행중,안전운전불이행,건조,맑음,단일로 - 기타,승용,남,46세,기타불명,보행자,남,48세,경상
2015040900100535,2015년 4월 9일 21시,목요일,울산광역시 남구 삼산동,경상사고,0,0,1,0,차대차 - 측면직각충돌,신호위반,건조,맑음,교차로 - 교차로안,승용,남,31세,상해없음,승용,여,54세,경상
2015040900100553,2015년 4월 9일 22시,목요일,울산광역시 남구 삼산동,중상사고,0,1,0,0,차대차 - 측면직각충돌,신호위반,건조,맑음,교차로 - 교차로부근,승용,남,41세,상해없음,승용,여,48세,중상
2015040900100580,2015년 4월 9일 23시,목요일,울산광역시 북구 신천동,부상신고사고,0,0,0,1,차대차 - 기타,직진우회전진행방해,건조,맑음,교차로 - 교차로안,원동기,남,38세,부상신고,화물,남,40세,상해없음
2015041000100149,2015년 4월 10일 08시,금요일,울산광역시 울주군 언양읍,중상사고,0,1,0,0,차대차 - 측면직각충돌,교차로운행방법위반,건조,맑음,교차로 - 교차로안,승용,남,62세,기타불명,자전거,남,16세,중상
2015041000100181,2015년 4월 10일 09시,금요일,울산광역시 남구 신정동,경상사고,0,0,2,0,차대차 - 측면직각충돌,직진우회전진행방해,건조,맑음,교차로 - 교차로안,승용,남,41세,경상,승용,남,38세,경상
2015041000100226,2015년 4월 10일 11시,금요일,울산광역시 중구 성안동,경상사고,0,0,1,0,차대사람 - 차도통행중,안전운전불이행,건조,맑음,단일로 - 횡단보도부근,화물,남,48세,상해없음,보행자,여,63세,경상
2015041000100283,2015년 4월 10일 13시,금요일,울산광역시 북구 양정동,중상사고,0,4,0,0,차대차 - 기타,안전거리미확보,건조,맑음,교차로 - 교차로부근,승용,남,35세,상해없음,승용,여,54세,중상
2015041000100284,2015년 4월 10일 13시,금요일,울산광역시 울주군 언양읍,경상사고,0,0,1,0,차대사람 - 횡단중,안전운전불이행,건조,맑음,교차로 - 교차로부근,승용,남,45세,상해없음,보행자,남,7세,경상
2015041000100361,2015년 4월 10일 15시,금요일,울산광역시 중구 다운동,중상사고,0,2,0,0,차대차 - 추돌 - 진행중,안전운전불이행,건조,맑음,단일로 - 기타,이륜,남,83세,중상,승용,남,39세,상해없음
2015041000100408,2015년 4월 10일 16시,금요일,울산광역시 중구 서동,중상사고,0,1,0,0,차대차 - 기타,안전운전불이행,건조,맑음,교차로 - 교차로안,자전거,남,11세,중상,승용,남,49세,상해없음
2015041000100446,2015년 4월 10일 17시,금요일,울산광역시 북구 매곡동,중상사고,0,1,0,0,차대사람 - 기타,신호위반,건조,맑음,교차로 - 교차로안,승용,여,30세,상해없음,보행자,여,60세,중상
2015041000100447,2015년 4월 10일 17시,금요일,울산광역시 중구 남외동,중상사고,0,1,0,0,차대차 - 추돌 - 주정차중,안전운전불이행,건조,맑음,교차로 - 교차로안,이륜,남,17세,상해없음,승용,남,51세,상해없음
2015041000100491,2015년 4월 10일 18시,금요일,울산광역시 남구 신정동,중상사고,0,1,0,0,차대차 - 측면직각충돌,안전운전불이행,건조,맑음,단일로 - 기타,승용,남,37세,상해없음,자전거,남,25세,중상
2015041000100492,2015년 4월 10일 18시,금요일,울산광역시 남구 야음동,중상사고,0,1,0,0,차대사람 - 기타,안전운전불이행,건조,맑음,교차로 - 교차로안,승용,여,43세,상해없음,보행자,여,76세,중상
2015041000100538,2015년 4월 10일 19시,금요일,울산광역시 중구 태화동,중상사고,0,1,0,0,차대사람 - 기타,안전운전불이행,건조,맑음,단일로 - 기타,화물,남,58세,상해없음,보행자,남,59세,중상
2015041000100677,2015년 4월 10일 23시,금요일,울산광역시 북구 연암동,경상사고,0,0,2,0,차대차 - 추돌 - 주정차중,안전운전불이행,건조,맑음,단일로 - 기타,승용,남,43세,상해없음,승용,여,52세,경상
2015041100100035,2015년 4월 11일 00시,토요일,울산광역시 중구 남외동,중상사고,0,1,2,0,차대차 - 기타,안전운전불이행,건조,맑음,교차로 - 교차로안,승용,남,29세,중상,승용,여,52세,경상
2015041100100067,2015년 4월 11일 02시,토요일,울산광역시 북구 연암동,중상사고,0,1,0,0,차량단독 - 공작물충돌,안전운전불이행,건조,맑음,교차로 - 교차로안,승용,남,33세,중상,,,,
2015041100100156,2015년 4월 11일 07시,토요일,울산광역시 울주군 온산읍,중상사고,0,2,0,0,차대차 - 추돌 - 주정차중,안전거리미확보,건조,맑음,교차로 - 교차로부근,화물,남,55세,상해없음,승용,남,26세,중상
2015041100100177,2015년 4월 11일 08시,토요일,울산광역시 남구 달동,경상사고,0,0,1,0,차대차 - 측면직각충돌,안전운전불이행,건조,맑음,단일로 - 기타,승용,남,31세,상해없음,승용,남,33세,경상
2015041100100200,2015년 4월 11일 09시,토요일,울산광역시 북구 연암동,경상사고,0,0,1,0,차대차 - 기타,중앙선침범,건조,맑음,교차로 - 교차로부근,승용,남,30세,상해없음,승용,여,42세,경상
2015041100100232,2015년 4월 11일 10시,토요일,울산광역시 동구 화정동,경상사고,0,0,1,0,차대차 - 측면직각충돌,기타,건조,맑음,단일로 - 기타,승용,남,62세,상해없음,이륜,남,65세,경상
2015041100100380,2015년 4월 11일 14시,토요일,울산광역시 중구 학성동,중상사고,0,1,0,0,차량단독 - 공작물충돌,안전운전불이행,건조,맑음,단일로 - 기타,이륜,남,65세,중상,,,,
2015041100100510,2015년 4월 11일 17시,토요일,울산광역시 동구 전하동,경상사고,0,0,1,0,차대사람 - 길가장자리구역통행중,안전운전불이행,건조,맑음,단일로 - 기타,승용,여,42세,상해없음,보행자,남,58세,경상
2015041100100511,2015년 4월 11일 17시,토요일,울산광역시 울주군 온산읍,경상사고,0,0,1,0,차대차 - 기타,신호위반,건조,맑음,교차로 - 교차로안,승용,남,48세,상해없음,승용,남,48세,경상
2015041100100550,2015년 4월 11일 18시,토요일,울산광역시 중구 약사동,중상사고,0,1,0,0,차대차 - 추돌 - 진행중,안전운전불이행,건조,맑음,단일로 - 기타,승용,남,49세,상해없음,승용,남,43세,중상
2015041100100551,2015년 4월 11일 18시,토요일,울산광역시 중구 성남동,경상사고,0,0,1,0,차대사람 - 기타,안전운전불이행,건조,흐림,단일로 - 기타,승용,남,61세,상해없음,보행자,여,21세,경상
2015041100100594,2015년 4월 11일 19시,토요일,울산광역시 남구 선암동,중상사고,0,1,4,0,차대차 - 측면직각충돌,신호위반,건조,맑음,교차로 - 교차로부근,승용,남,72세,상해없음,승용,남,54세,경상
2015041100100625,2015년 4월 11일 20시,토요일,울산광역시 울주군 언양읍,중상사고,0,1,0,0,차대차 - 추돌 - 진행중,안전운전불이행,건조,맑음,교차로 - 교차로부근,승용,남,48세,상해없음,이륜,남,29세,중상
2015041100100686,2015년 4월 11일 22시,토요일,울산광역시 남구 달동,경상사고,0,0,1,0,차대차 - 측면직각충돌,불법유턴,건조,맑음,교차로 - 교차로부근,자전거,여,59세,경상,이륜,남,32세,상해없음