사고번호,사고일시,요일,시군구,사고내용,사망자수,중상자수,경상자수,부상신고자수,사고유형,법규위반,노면상태,기상상태,도로형태,가해운전자 차종,가해운전자 성별,가해운전자 연령,가해운전자 상해정도,피해운전자 차종,피해운전자 성별,피해운전자 연령,피해운전자 상해정도
2015042800100335,2015년 4월 28일 13시,화요일,울산광역시 북구 연암동,중상사고,0,1,2,1,차대차 - 측면직각충돌,직진우회전진행방해,건조,맑음,교차로 - 교차로안,승용,남,42세,부상신고,승용,남,38세,경상
2015042800100336,2015년 4월 28일 13시,화요일,울산광역시 남구 신정동,경상사고,0,0,1,0,차대차 - 기타,기타,건조,맑음,교차로 - 교차로안,특수,남,46세,상해없음,승합,남,38세,경상
2015042800100528,2015년 4월 28일 18시,화요일,울산광역시 남구 신정동,중상사고,0,1,0,0,차대차 - 측면직각충돌,중앙선침범,건조,맑음,단일로 - 기타,승용,여,42세,상해없음,이륜,남,37세,중상
2015042800100597,2015년 4월 28일 20시,화요일,울산광역시 울주군 상북면,경상사고,0,0,5,0,차대차 - 측면직각충돌,신호위반,습기,비,교차로 - 교차로안,승합,남,63세,상해없음,승용,남,46세,경상
2015042800100632,2015년 4월 28일 21시,화요일,울산광역시 북구 연암동,중상사고,0,1,1,0,차대차 - 측면직각충돌,안전운전불이행,건조,맑음,단일로 - 기타,승용,남,51세,중상,화물,남,62세,경상
2015042800100633,2015년 4월 28일 21시,화요일,울산광역시 북구 명촌동,중상사고,0,1,0,0,차대차 - 추돌 - 진행중,안전거리미확보,습기,비,단일로 - 기타,승용,남,59세,상해없음,승용,여,48세,중상
2015042800100666,2015년 4월 28일 22시,화요일,울산광역시 북구 진장동,경상사고,0,0,1,0,차대차 - 추돌 - 진행중,안전운전불이행,습기,비,교차로 - 교차로안,승용,남,34세,상해없음,승용,남,29세,경상
2015042800100667,2015년 4월 28일 22시,화요일,울산광역시 남구 삼산동,경상사고,0,0,1,0,차대차 - 기타,안전운전불이행,습기,비,교차로 - 교차로안,승용,여,48세,상해없음,이륜,남,40세,경상
2015042800100668,2015년 4월 28일 22시,화요일,울산광역시 동구 화정동,중상사고,0,1,0,0,차대차 - 추돌 - 진행중,안전거리미확보,건조,맑음,단일로 - 기타,승용,여,43세,상해없음,원동기,남,30세,중상
2015042800100699,2015년 4월 28일 23시,화요일,울산광역시 북구 효문동,부상신고사고,0,0,0,1,차량단독 - 공작물충돌,안전운전불이행,습기,비,단일로 - 기타,승용,남,49세,부상신고,,,,
2015042900100033,2015년 4월 29일 01시,수요일,울산광역시 중구 복산동,부상신고사고,0,0,0,1,차량단독 - 공작물충돌,안전운전불이행,건조,맑음,교차로 - 교차로안,승용,남,38세,부상신고,,,,
2015042900100052,2015년 4월 29일 02시,수요일,울산광역시 남구 달동,중상사고,0,1,0,0,차대사람 - 기타,안전운전불이행,습기,비,단일로 - 기타,승용,남,31세,상해없음,보행자,여,56세,중상
2015042900100155,2015년 4월 29일 08시,수요일,울산광역시 남구 신정동,경상사고,0,0,1,0,차대차 - 측면직각충돌,직진우회전진행방해,건조,맑음,교차로 - 교차로부근,승용,남,32세,상해없음,자전거,여,45세,경상
2015042900100197,2015년 4월 29일 09시,수요일,울산광역시 중구 유곡동,경상사고,0,0,1,0,차대차 - 측면직각충돌,안전운전불이행,건조,맑음,교차로 - 교차로안,승합,남,56세,상해없음,이륜,남,74세,경상
2015042900100228,2015년 4월 29일 10시,수요일,울산광역시 울주군 범서읍,경상사고,0,0,1,0,차대차 - 기타,안전운전불이행,습기,비,단일로 - 기타,승용,여,53세,상해없음,승용,여,55세,경상
2015042900100229,2015년 4월 29일 10시,수요일,울산광역시 울주군 온양읍,중상사고,0,1,0,0,차대사람 - 횡단중,안전운전불이행,습기,비,단일로 - 기타,승용,남,39세,상해없음,보행자,여,74세,중상
2015042900100264,2015년 4월 29일 11시,수요일,울산광역시 남구 삼산동,중상사고,0,1,0,0,차대차 - 추돌 - 주정차중,안전운전불이행,습기,비,교차로 - 교차로부근,승용,남,41세,상해없음,승용,여,34세,중상
2015042900100378,2015년 4월 29일 14시,수요일,울산광역시 중구 학성동,경상사고,0,0,1,0,차대사람 - 횡단중,신호위반,습기,비,단일로 - 횡단보도상,이륜,남,52세,상해없음,보행자,여,60세,경상
2015042900100379,2015년 4월 29일 14시,수요일,울산광역시 중구 반구동,중상사고,0,1,0,0,차대사람 - 횡단중,안전운전불이행,습기,비,교차로 - 교차로안,화물,남,40세,상해없음,보행자,여,63세,중상
2015042900100417,2015년 4월 29일 15시,수요일,울산광역시 남구 달동,경상사고,0,0,1,0,차대차 - 추돌 - 주정차중,안전거리미확보,습기,비,교차로 - 교차로안,승용,남,64세,상해없음,승용,남,53세,경상
2015042900100418,2015년 4월 29일 15시,수요일,울산광역시 울주군 온산읍,경상사고,0,0,1,0,차대차 - 측면직각충돌,기타,습기,비,단일로 - 기타,승용,여,51세,상해없음,이륜,남,50세,경상
2015042900100441,2015년 4월 29일 16시,수요일,울산광역시 남구 무거동,경상사고,0,0,2,0,차대차 - 측면직각충돌,중앙선침범,습기,흐림,교차로 - 교차로부근,승용,남,43세,상해없음,승용,남,46세,경상
2015042900100529,2015년 4월 29일 18시,수요일,울산광역시 동구 화정동,중상사고,0,1,0,0,차대차 - 정면충돌,신호위반,건조,맑음,교차로 - 교차로안,승용,남,34세,상해없음,이륜,여,58세,중상
2015042900100558,2015년 4월 29일 19시,수요일,울산광역시 남구 신정동,경상사고,0,0,1,0,차대차 - 기타,중앙선침범,건조,맑음,단일로 - 기타,원동기,남,56세,경상,승용,남,48세,상해없음
2015042900100596,2015년 4월 29일 20시,수요일,울산광역시 울주군 온산읍,경상사고,0,0,1,0,차대차 - 추돌 - 진행중,안전운전불이행,건조,맑음,교차로 - 교차로부근,승용,남,43세,상해없음,승용,남,32세,경상
2015042900100629,2015년 4월 29일 21시,수요일,울산광역시 중구 약사동,경상사고,0,0,2,0,차대차 - 측면직각충돌,안전운전불이행,습기,비,단일로 - 기타,승용,남,60세,상해없음,승용,남,46세,경상
2015042900100630,2015년 4월 29일 21시,수요일,울산광역시 북구 상안동,중상사고,0,1,3,1,차대차 - 추돌 - 주정차중,안전운전불이행,건조,흐림,단일로 - 기타,승용,여,33세,부상신고,승용,남,31세,경상
2015042900100655,2015년 4월 29일 22시,수요일,울산광역시 동구 방어동,중상사고,0,1,0,0,차대사람 - 기타,안전운전불이행,건조,맑음,교차로 - 교차로부근,승용,남,52세,상해없음,보행자,남,56세,중상
2015042900100684,2015년 4월 29일 23시,수요일,울산광역시 남구 신정동,경상사고,0,0,1,0,차대사람 - 기타,안전운전불이행,건조,맑음,단일로 - 기타,승용,남,52세,상해없음,보행자,남,50세,경상
2015042900100685,2015년 4월 29일 23시,수요일,울산광역시 남구 무거동,경상사고,0,0,1,0,차대차 - 기타,안전운전불이행,건조,맑음,교차로 - 교차로부근,승용,여,49세,상해없음,승용,여,56세,경상
2015043000100022,2015년 4월 30일 00시,목요일,울산광역시 남구 옥동,중상사고,0,1,0,0,차대차 - 측면직각충돌,신호위반,건조,맑음,교차로 - 교차로안,승합,여,67세,상해없음,승용,남,43세,중상
2015043000100023,2015년 4월 30일 00시,목요일,울산광역시 남구 달동,경상사고,0,0,2,0,차대사람 - 기타,신호위반,건조,맑음,교차로 - 교차로부근,승용,남,24세,상해없음,보행자,남,50세,경상
2015043000100076,2015년 4월 30일 04시,목요일,울산광역시 북구 신천동,경상사고,0,0,1,0,차대차 - 측면직각충돌,신호위반,건조,맑음,교차로 - 교차로안,승용,남,36세,상해없음,화물,남,48세,경상
2015043000100097,2015년 4월 30일 06시,목요일,울산광역시 북구 효문동,중상사고,0,1,0,1,차대차 - 측면직각충돌,안전운전불이행,건조,흐림,단일로 - 기타,원동기,남,25세,중상,승용,남,59세,부상신고
2015043000100098,2015년 4월 30일 06시,목요일,울산광역시 동구 서부동,중상사고,0,1,1,0,차대차 - 기타,차로위반,건조,맑음,단일로 - 기타,승용,남,38세,상해없음,이륜,남,37세,경상
2015043000100120,2015년 4월 30일 07시,목요일,울산광역시 동구 방어동,중상사고,0,1,0,0,차대차 - 측면직각충돌,안전운전불이행,건조,맑음,단일로 - 기타,이륜,남,31세,상해없음,기타불명,기타불명,기타불명,기타불명
2015043000100314,2015년 4월 30일 13시,목요일,울산광역시 남구 무거동,경상사고,0,0,1,0,차대차 - 기타,안전거리미확보,건조,맑음,단일로 - 기타,승용,남,48세,상해없음,승용,여,45세,경상
2015043000100420,2015년 4월 30일 16시,목요일,울산광역시 울주군 두서면,경상사고,0,0,1,0,차대차 - 추돌 - 진행중,안전운전불이행,건조,맑음,단일로 - 기타,승합,남,49세,상해없음,승용,여,37세,경상
2015043000100457,2015년 4월 30일 16시,목요일,울산광역시 남구 무거동,경상사고,0,0,1,0,차대차 - 측면직각충돌,안전운전불이행,습기,흐림,단일로 - 기타,승용,남,33세,상해없음,자전거,남,27세,경상
2015043000100503,2015년 4월 30일 17시,목요일,울산광역시 중구 우정동,중상사고,0,1,0,0,차대사람 - 기타,안전운전불이행,건조,맑음,단일로 - 기타,승용,남,62세,상해없음,보행자,남,42세,중상
2015043000100579,2015년 4월 30일 19시,목요일,울산광역시 북구 신천동,경상사고,0,0,1,0,차대사람 - 횡단중,안전운전불이행,건조,맑음,교차로 - 교차로안,승용,여,45세,상해없음,보행자,여,75세,경상
2015043000100580,2015년 4월 30일 19시,목요일,울산광역시 울주군 범서읍,경상사고,0,0,3,0,차대차 - 추돌 - 주정차중,안전운전불이행,건조,맑음,교차로 - 교차로부근,승용,남,39세,상해없음,승용,여,41세,경상
2015043000100614,2015년 4월 30일 20시,목요일,울산광역시 남구 신정동,경상사고,0,0,2,0,차대차 - 추돌 - 주정차중,안전운전불이행,건조,맑음,단일로 - 기타,승합,남,63세,상해없음,승용,남,35세,경상
2015043000100734,2015년 4월 30일 23시,목요일,울산광역시 중구 태화동,중상사고,0,1,0,0,차대차 - 측면직각충돌,안전운전불이행,건조,맑음,단일로 - 횡단보도상,승용,남,62세,상해없음,자전거,여,70세,중상
2015043000100735,2015년 4월 30일 23시,목요일,울산광역시 남구 신정동,경상사고,0,0,2,0,차대차 - 추돌 - 진행중,안전운전불이행,건조,맑음,단일로 - 기타,승용,남,34세,상해없음,승용,남,69세,경상
2015050100100115,2015년 5월 1일 06시,금요일,울산광역시 동구 방어동,경상사고,0,0,1,0,차대차 - 추돌 - 주정차중,안전운전불이행,건조,맑음,단일로 - 기타,승용,남,44세,상해없음,승용,남,35세,경상
2015050100100241,2015년 5월 1일 10시,금요일,울산광역시 북구 신천동,중상사고,0,1,0,0,차대사람 - 기타,안전운전불이행,건조,맑음,단일로 - 기타,승용,남,48세,상해없음,보행자,여,13세,중상
2015050100100242,2015년 5월 1일 10시,금요일,울산광역시 남구 옥동,경상사고,0,0,1,0,차대차 - 기타,안전운전불이행,기타,맑음,단일로 - 기타,승용,여,30세,상해없음,승용,여,66세,경상
2015050100100277,2015년 5월 1일 11시,금요일,울산광역시 중구 남외동,중상사고,0,1,0,0,차대차 - 추돌 - 진행중,안전운전불이행,건조,맑음,단일로 - 기타,승용,여,33세,상해없음,이륜,남,50세,중상
2015050100100323,2015년 5월 1일 12시,금요일,울산광역시 남구 옥동,중상사고,0,1,1,0,차대차 - 기타,차로위반,건조,맑음,단일로 - 기타,승용,여,35세,상해없음,승용,여,48세,중상
2015050100100363,2015년 5월 1일 13시,금요일,울산광역시 울주군 온산읍,중상사고,0,2,0,0,차대차 - 정면충돌,중앙선침범,건조,맑음,단일로 - 기타,화물,남,54세,중상,승용,여,34세,중상
2015050100100404,2015년 5월 1일 14시,금요일,울산광역시 북구 천곡동,경상사고,0,0,1,0,차대차 - 측면직각충돌,안전운전불이행,건조,맑음,단일로 - 기타,승용,여,56세,상해없음,자전거,남,9세,경상
2015050100100482,2015년 5월 1일 16시,금요일,울산광역시 남구 무거동,경상사고,0,0,7,0,차대차 - 추돌 - 진행중,안전운전불이행,건조,맑음,단일로 - 기타,승용,남,56세,상해없음,승용,남,54세,상해없음
2015050100100483,2015년 5월 1일 16시,금요일,울산광역시 남구 달동,중상사고,0,1,1,0,차대차 - 기타,신호위반,건조,맑음,교차로 - 교차로안,승용,여,35세,상해없음,승용,남,43세,경상
2015050100100536,2015년 5월 1일 17시,금요일,울산광역시 동구 방어동,중상사고,0,1,1,0,차대차 - 기타,교차로운행방법위반,건조,맑음,교차로 - 교차로안,이륜,남,20세,상해없음,이륜,남,32세,경상
2015050100100537,2015년 5월 1일 17시,금요일,울산광역시 동구 동부동,중상사고,0,1,1,0,차대차 - 추돌 - 주정차중,안전운전불이행,건조,맑음,단일로 - 기타,승용,남,70세,경상,승용,남,55세,기타불명
2015050100100538,2015년 5월 1일 17시,금요일,울산광역시 울주군 서생면,중상사고,0,1,0,0,차대차 - 측면직각충돌,차로위반,건조,맑음,단일로 - 기타,이륜,남,37세,상해없음,승용,남,51세,중상
2015050100100539,2015년 5월 1일 17시,금요일,울산광역시 울주군 범서읍,경상사고,0,0,1,0,차대차 - 기타,안전운전불이행,건조,맑음,교차로 - 교차로부근,승용,남,65세,상해없음,승용,남,37세,경상
2015050100100580,2015년 5월 1일 18시,금요일,울산광역시 남구 신정동,중상사고,0,1,1,0,차대차 - 추돌 - 진행중,직진우회전진행방해,건조,맑음,교차로 - 교차로안,승용,남,60세,상해없음,승용,여,48세,중상
2015050100100710,2015년 5월 1일 22시,금요일,울산광역시 중구 남외동,중상사고,0,1,0,0,차대차 - 측면직각충돌,교차로운행방법위반,건조,맑음,교차로 - 교차로안,이륜,남,30세,중상,승용,남,37세,상해없음
2015050100100726,2015년 5월 1일 23시,금요일,울산광역시 남구 신정동,경상사고,0,0,3,0,차대차 - 추돌 - 주정차중,안전운전불이행,건조,맑음,교차로 - 교차로부근,승용,여,43세,상해없음,승용,남,50세,경상
2015050100100727,2015년 5월 1일 23시,금요일,울산광역시 동구 주전동,부상신고사고,0,0,0,2,차량단독 - 전도전복,안전운전불이행,건조,맑음,단일로 - 기타,화물,남,22세,상해없음,,,,
2015050200100132,2015년 5월 2일 08시,토요일,울산광역시 남구 신정동,중상사고,0,1,0,0,차대차 - 기타,교차로운행방법위반,기타,맑음,교차로 - 교차로안,승용,남,60세,상해없음,승용,여,50세,중상
2015050200100237,2015년 5월 2일 11시,토요일,울산광역시 중구 반구동,중상사고,0,1,0,0,차대차 - 기타,중앙선침범,건조,맑음,단일로 - 기타,승용,남,36세,상해없음,승용,남,49세,상해없음
2015050200100309,2015년 5월 2일 13시,토요일,울산광역시 남구 신정동,경상사고,0,0,1,0,차대차 - 기타,안전운전불이행,건조,맑음,교차로 - 교차로안,승용,남,61세,상해없음,원동기,여,42세,경상
2015050200100394,2015년 5월 2일 15시,토요일,울산광역시 북구 진장동,경상사고,0,0,2,0,차대차 - 추돌 - 주정차중,안전운전불이행,건조,맑음,단일로 - 기타,승용,여,55세,상해없음,승용,여,36세,상해없음
2015050200100436,2015년 5월 2일 16시,토요일,울산광역시 동구 방어동,경상사고,0,0,1,0,차대차 - 기타,중앙선침범,건조,맑음,단일로 - 기타,승용,남,60세,상해없음,승용,남,43세,경상
2015050200100560,2015년 5월 2일 19시,토요일,울산광역시 남구 삼산동,경상사고,0,0,1,0,차대차 - 기타,차로위반,건조,맑음,단일로 - 기타,화물,여,51세,상해없음,승용,남,40세,경상
2015050200100629,2015년 5월 2일 21시,토요일,울산광역시 남구 삼산동,경상사고,0,0,2,0,차대차 - 측면직각충돌,직진우회전진행방해,건조,맑음,교차로 - 교차로안,승용,여,28세,상해없음,승용,남,29세,경상
2015050200100676,2015년 5월 2일 22시,토요일,울산광역시 동구 화정동,경상사고,0,0,1,0,차대사람 - 횡단중,보행자보호의무위반,건조,맑음,교차로 - 교차로부근,승용,남,27세,상해없음,보행자,여,60세,경상
2015050300100054,2015년 5월 3일 01시,일요일,울산광역시 남구 신정동,경상사고,0,0,1,0,차대차 - 추돌 - 진행중,안전운전불이행,건조,맑음,단일로 - 기타,승용,기타불명,기타불명,기타불명,이륜,남,27세,경상
2015050300100055,2015년 5월 3일 01시,일요일,울산광역시 북구 염포동,중상사고,0,2,0,0,차대차 - 기타,안전운전불이행,건조,흐림,단일로 - 기타,승용,남,24세,상해없음,승용,여,29세,중상
2015050300100101,2015년 5월 3일 03시,일요일,울산광역시 북구 연암동,경상사고,0,0,2,0,차대차 - 추돌 - 진행중,안전운전불이행,습기,비,단일로 - 기타,승용,남,19세,상해없음,승용,남,60세,경상
2015050300100102,2015년 5월 3일 03시,일요일,울산광역시 중구 성남동,중상사고,0,1,3,0,차대차 - 기타,안전운전불이행,습기,비,단일로 - 기타,승용,남,33세,경상,승용,남,47세,기타불명
2015050300100103,2015년 5월 3일 03시,일요일,울산광역시 울주군 온산읍,경상사고,0,0,1,0,차량단독 - 공작물충돌,안전운전불이행,습기,비,교차로 - 교차로안,승용,남,33세,경상,,,,
2015050300100165,2015년 5월 3일 08시,일요일,울산광역시 울주군 웅촌면,사망사고,2,1,0,0,차대사람 - 길가장자리구역통행중,안전운전불이행,습기,비,단일로 - 기타,승용,남,43세,중상,보행자,남,36세,사망
2015050300100309,2015년 5월 3일 15시,일요일,울산광역시 남구 여천동,경상사고,0,0,1,0,차대차 - 기타,안전운전불이행,습기,비,교차로 - 교차로부근,화물,남,62세,상해없음,승용,여,35세,경상
2015050300100310,2015년 5월 3일 15시,일요일,울산광역시 울주군 두동면,중상사고,0,2,0,0,차대차 - 정면충돌,중앙선침범,습기,비,단일로 - 기타,승용,남,52세,상해없음,승용,남,64세,중상
2015050300100415,2015년 5월 3일 18시,일요일,울산광역시 중구 학산동,중상사고,0,1,0,0,차대사람 - 횡단중,보행자보호의무위반,습기,비,단일로 - 기타,승용,여,48세,상해없음,보행자,여,74세,중상
2015050300100416,2015년 5월 3일 18시,일요일,울산광역시 울주군 서생면,경상사고,0,0,4,0,차대차 - 정면충돌,중앙선침범,습기,비,단일로 - 기타,승용,남,57세,상해없음,승용,남,51세,상해없음
2015050300100441,2015년 5월 3일 19시,일요일,울산광역시 중구 북정동,경상사고,0,0,3,0,차대차 - 추돌 - 진행중,안전운전불이행,습기,비,교차로 - 교차로부근,승용,남,47세,상해없음,승용,여,45세,경상
2015050300100442,2015년 5월 3일 19시,일요일,울산광역시 북구 호계동,경상사고,0,0,1,0,차대차 - 기타,안전운전불이행,습기,비,단일로 - 기타,승용,여,34세,상해없음,화물,남,38세,경상
2015050300100477,2015년 5월 3일 20시,일요일,울산광역시 북구 상안동,부상신고사고,0,0,0,1,차량단독 - 전도전복,안전운전불이행,습기,비,교차로 - 교차로안,승용,남,31세,부상신고,,,,
2015050300100478,2015년 5월 3일 20시,일요일,울산광역시 중구 반구동,경상사고,0,0,1,0,차대사람 - 횡단중,신호위반,습기,비,단일로 - 기타,이륜,남,24세,상해없음,보행자,여,40세,경상
2015050300100479,2015년 5월 3일 20시,일요일,울산광역시 남구 달동,경상사고,0,0,4,0,차대차 - 측면직각충돌,직진우회전진행방해,습기,비,교차로 - 교차로안,승용,여,46세,경상,승용,남,60세,경상
2015050300100480,2015년 5월 3일 20시,일요일,울산광역시 북구 염포동,중상사고,0,1,0,0,차대사람 - 횡단중,안전운전불이행,습기,비,교차로 - 교차로안,승용,여,50세,상해없음,보행자,남,50세,중상
2015050300100481,2015년 5월 3일 20시,일요일,울산광역시 동구 서부동,중상사고,0,1,0,0,차대차 - 기타,안전거리미확보,습기,비,교차로 - 교차로안,승용,남,61세,상해없음,이륜,남,43세,중상
2015050300100482,2015년 5월 3일 20시,일요일,울산광역시 울주군 온산읍,중상사고,0,1,0,0,차대차 - 측면직각충돌,직진우회전진행방해,건조,맑음,교차로 - 교차로안,이륜,남,49세,중상,승용,여,49세,상해없음
2015050400100011,2015년 5월 4일 00시,월요일,울산광역시 울주군 범서읍,부상신고사고,0,0,0,1,차량단독 - 전도전복,안전운전불이행,습기,비,교차로 - 교차로안,승용,남,28세,부상신고,,,,
2015050400100051,2015년 5월 4일 06시,월요일,울산광역시 중구 성남동,중상사고,0,1,0,0,차대차 - 측면직각충돌,안전거리미확보,건조,맑음,교차로 - 교차로부근,승용,남,52세,상해없음,이륜,남,53세,중상
2015050400100052,2015년 5월 4일 06시,월요일,울산광역시 중구 성남동,경상사고,0,0,1,0,차대차 - 측면직각충돌,중앙선침범,건조,맑음,교차로 - 교차로안,승용,남,31세,상해없음,승용,남,24세,경상
2015050400100053,2015년 5월 4일 06시,월요일,울산광역시 울주군 온산읍,중상사고,0,1,0,0,차대차 - 추돌 - 진행중,안전운전불이행,건조,맑음,교차로 - 교차로안,기타불명,기타불명,기타불명,기타불명,원동기,남,39세,중상
2015050400100077,2015년 5월 4일 07시,월요일,울산광역시 남구 달동,중상사고,0,1,0,0,차대차 - 측면직각충돌,안전운전불이행,건조,맑음,단일로 - 기타,승용,남,48세,상해없음,승용,여,28세,중상
2015050400100140,2015년 5월 4일 09시,월요일,울산광역시 남구 신정동,경상사고,0,0,1,0,차대사람 - 기타,안전운전불이행,건조,맑음,단일로 - 횡단보도상,승용,남,46세,상해없음,보행자,남,14세,경상
2015050400100175,2015년 5월 4일 10시,월요일,울산광역시 울주군 범서읍,경상사고,0,0,1,0,차대차 - 추돌 - 진행중,안전거리미확보,건조,맑음,교차로 - 교차로부근,승용,여,46세,상해없음,승용,여,42세,경상
2015050400100233,2015년 5월 4일 11시,월요일,울산광역시 중구 태화동,중상사고,0,1,0,0,차대사람 - 기타,안전운전불이행,건조,맑음,단일로 - 기타,승용,여,45세,상해없음,보행자,여,72세,중상
2015050400100234,2015년 5월 4일 11시,월요일,울산광역시 중구 북정동,경상사고,0,0,1,0,차대사람 - 기타,안전운전불이행,건조,맑음,단일로 - 기타,승용,여,42세,상해없음,보행자,남,17세,경상
2015050400100321,2015년 5월 4일 13시,월요일,울산광역시 북구 매곡동,중상사고,0,1,0,0,차대차 - 측면직각충돌,안전운전불이행,건조,맑음,단일로 - 기타,승용,남,30세,상해없음,이륜,남,19세,중상
2015050400100410,2015년 5월 4일 15시,월요일,울산광역시 중구 학성동,경상사고,0,0,2,0,차대차 - 측면직각충돌,안전운전불이행,기타,맑음,단일로 - 기타,자전거,남,54세,경상,자전거,남,56세,경상
2015050400100450,2015년 5월 4일 16시,월요일,울산광역시 북구 명촌동,경상사고,0,0,1,0,차대차 - 측면직각충돌,중앙선침범,건조,맑음,단일로 - 기타,승용,남,51세,상해없음,이륜,남,49세,경상
2015050400100451,2015년 5월 4일 16시,월요일,울산광역시 남구 무거동,경상사고,0,0,2,0,차대차 - 추돌 - 주정차중,안전운전불이행,건조,맑음,교차로 - 교차로부근,승용,남,61세,상해없음,승용,남,28세,경상
2015050400100496,2015년 5월 4일 17시,월요일,울산광역시 중구 북정동,중상사고,0,1,2,0,차대차 - 측면직각충돌,안전운전불이행,건조,맑음,단일로 - 기타,특수,남,49세,상해없음,승용,여,37세,경상
2015050400100497,2015년 5월 4일 17시,월요일,울산광역시 북구 연암동,중상사고,0,1,0,0,차대사람 - 기타,안전운전불이행,건조,맑음,단일로 - 기타,승용,남,25세,상해없음,보행자,여,38세,중상
2015050400100546,2015년 5월 4일 18시,월요일,울산광역시 울주군 온양읍,중상사고,0,1,0,0,차대차 - 추돌 - 주정차중,안전거리미확보,건조,맑음,단일로 - 기타,화물,남,70세,기타불명,승용,여,58세,중상
2015050400100622,2015년 5월 4일 20시,월요일,울산광역시 남구 달동,경상사고,0,0,3,1,차대차 - 기타,안전운전불이행,건조,맑음,교차로 - 교차로안,승용,남,37세,경상,승용,남,54세,경상
2015050400100641,2015년 5월 4일 21시,월요일,울산광역시 중구 동동,중상사고,0,1,0,0,차대차 - 기타,안전운전불이행,건조,맑음,단일로 - 기타,자전거,기타불명,기타불명,기타불명,자전거,남,14세,중상
2015050400100642,2015년 5월 4일 21시,월요일,울산광역시 중구 태화동,경상사고,0,0,1,0,차대사람 - 횡단중,안전운전불이행,건조,맑음,단일로 - 기타,승용,여,49세,상해없음,보행자,여,8세,경상
2015050400100643,2015년 5월 4일 21시,월요일,울산광역시 울주군 온양읍,경상사고,0,0,2,0,차대차 - 측면직각충돌,교차로운행방법위반,건조,맑음,교차로 - 교차로안,승용,남,38세,상해없음,승용,남,41세,경상
2015050500100035,2015년 5월 5일 01시,화요일,울산광역시 남구 신정동,경상사고,0,0,2,0,차대차 - 기타,안전운전불이행,건조,맑음,단일로 - 기타,승용,남,47세,기타불명,승용,남,39세,경상
2015050500100075,2015년 5월 5일 04시,화요일,울산광역시 남구 달동,경상사고,0,0,1,0,차대사람 - 보도통행중,안전운전불이행,건조,맑음,교차로 - 교차로안,승용,남,39세,상해없음,보행자,남,41세,경상
2015050500100076,2015년 5월 5일 04시,화요일,울산광역시 북구 산하동,경상사고,0,0,1,0,차량단독 - 기타,안전운전불이행,건조,맑음,교차로 - 교차로부근,화물,남,29세,경상,,,,
2015050500100205,2015년 5월 5일 11시,화요일,울산광역시 남구 달동,중상사고,0,1,2,0,차대차 - 추돌 - 진행중,안전운전불이행,건조,맑음,교차로 - 교차로안,승합,남,49세,상해없음,화물,남,29세,경상
2015050500100240,2015년 5월 5일 12시,화요일,울산광역시 남구 달동,경상사고,0,0,1,0,차대사람 - 횡단중,안전운전불이행,건조,맑음,교차로 - 교차로부근,승용,기타불명,기타불명,기타불명,보행자,남,16세,경상
2015050500100276,2015년 5월 5일 13시,화요일,울산광역시 남구 달동,경상사고,0,0,1,0,차대차 - 측면직각충돌,안전운전불이행,건조,맑음,단일로 - 기타,승용,남,28세,상해없음,승용,남,55세,경상
2015050500100348,2015년 5월 5일 15시,화요일,울산광역시 남구 달동,중상사고,0,1,3,0,차대차 - 측면직각충돌,중앙선침범,건조,맑음,단일로 - 기타,승용,여,56세,상해없음,이륜,남,43세,중상
2015050500100384,2015년 5월 5일 16시,화요일,울산광역시 남구 달동,경상사고,0,0,1,0,차대차 - 측면직각충돌,신호위반,건조,맑음,교차로 - 교차로안,승용,남,32세,상해없음,원동기,남,24세,경상
2015050500100385,2015년 5월 5일 16시,화요일,울산광역시 울주군 온산읍,중상사고,0,2,3,0,차대차 - 기타,중앙선침범,건조,맑음,교차로 - 교차로부근,승용,남,51세,상해없음,화물,남,60세,중상
2015050500100456,2015년 5월 5일 18시,화요일,울산광역시 남구 달동,중상사고,0,1,0,0,차대차 - 측면직각충돌,직진우회전진행방해,건조,맑음,교차로 - 교차로안,원동기,남,37세,중상,승합,남,49세,상해없음
2015050500100520,2015년 5월 5일 20시,화요일,울산광역시 남구 신정동,부상신고사고,0,0,0,1,차대사람 - 기타,안전운전불이행,건조,맑음,단일로 - 기타,승용,남,62세,상해없음,보행자,여,84세,부상신고
2015050500100570,2015년 5월 5일 22시,화요일,울산광역시 동구 방어동,경상사고,0,0,1,0,차대차 - 기타,안전운전불이행,건조,맑음,교차로 - 교차로안,승용,남,35세,상해없음,이륜,남,17세,경상
2015050500100586,2015년 5월 5일 23시,화요일,울산광역시 남구 달동,경상사고,0,0,3,1,차대차 - 기타,안전운전불이행,건조,맑음,단일로 - 기타,승용,남,46세,상해없음,승용,남,43세,부상신고
2015050600100015,2015년 5월 6일 00시,수요일,울산광역시 북구 명촌동,경상사고,0,0,1,0,차대차 - 기타,신호위반,건조,맑음,교차로 - 교차로안,승용,남,25세,상해없음,승용,남,58세,경상
2015050600100064,2015년 5월 6일 06시,수요일,울산광역시 중구 학산동,경상사고,0,0,1,0,차대차 - 기타,안전운전불이행,건조,맑음,단일로 - 기타,승용,남,24세,상해없음,원동기,남,59세,경상