사고번호,사고일시,요일,시군구,사고내용,사망자수,중상자수,경상자수,부상신고자수,사고유형,법규위반,노면상태,기상상태,도로형태,가해운전자 차종,가해운전자 성별,가해운전자 연령,가해운전자 상해정도,피해운전자 차종,피해운전자 성별,피해운전자 연령,피해운전자 상해정도
2015050600100229,2015년 5월 6일 11시,수요일,울산광역시 중구 남외동,경상사고,0,0,1,0,차대차 - 측면직각충돌,안전운전불이행,건조,맑음,교차로 - 교차로안,자전거,남,80세,경상,승용,남,42세,상해없음
2015050600100257,2015년 5월 6일 12시,수요일,울산광역시 북구 신천동,중상사고,0,1,0,0,차대차 - 기타,직진우회전진행방해,건조,맑음,교차로 - 교차로안,기타불명,기타불명,기타불명,기타불명,이륜,남,59세,중상
2015050600100286,2015년 5월 6일 13시,수요일,울산광역시 북구 호계동,중상사고,0,1,0,0,차대사람 - 차도통행중,안전운전불이행,건조,맑음,교차로 - 교차로안,승용,남,29세,상해없음,보행자,남,28세,중상
2015050600100510,2015년 5월 6일 19시,수요일,울산광역시 북구 화봉동,경상사고,0,0,1,0,차대차 - 측면직각충돌,안전운전불이행,건조,맑음,단일로 - 기타,이륜,남,19세,상해없음,이륜,남,28세,경상
2015050600100580,2015년 5월 6일 21시,수요일,울산광역시 중구 성안동,경상사고,0,0,1,0,차대차 - 측면직각충돌,신호위반,건조,맑음,교차로 - 교차로안,승용,여,32세,상해없음,승용,남,29세,경상
2015050600100581,2015년 5월 6일 21시,수요일,울산광역시 중구 다운동,중상사고,0,1,0,0,차대차 - 기타,안전운전불이행,건조,맑음,교차로 - 교차로부근,승용,남,30세,상해없음,자전거,여,17세,중상
2015050600100582,2015년 5월 6일 21시,수요일,울산광역시 울주군 언양읍,중상사고,0,1,1,0,차대차 - 측면직각충돌,차로위반,건조,맑음,단일로 - 기타,승용,남,25세,경상,승용,여,48세,중상
2015050600100606,2015년 5월 6일 22시,수요일,울산광역시 남구 신정동,경상사고,0,0,1,0,차대사람 - 기타,안전운전불이행,건조,맑음,단일로 - 기타,승용,여,55세,상해없음,보행자,여,31세,경상
2015050700100020,2015년 5월 7일 00시,목요일,울산광역시 북구 신천동,부상신고사고,0,0,0,1,차대차 - 기타,안전운전불이행,건조,맑음,단일로 - 기타,승용,남,47세,부상신고,승용,남,40세,기타불명
2015050700100037,2015년 5월 7일 01시,목요일,울산광역시 남구 달동,경상사고,0,0,3,0,차대차 - 측면직각충돌,직진우회전진행방해,건조,맑음,교차로 - 교차로안,승용,남,29세,상해없음,승합,남,35세,경상
2015050700100067,2015년 5월 7일 05시,목요일,울산광역시 남구 용연동,중상사고,0,1,0,0,차대차 - 기타,직진우회전진행방해,건조,맑음,교차로 - 교차로안,승용,남,56세,중상,승용,남,48세,상해없음
2015050700100176,2015년 5월 7일 09시,목요일,울산광역시 남구 선암동,경상사고,0,0,2,0,차대차 - 측면직각충돌,신호위반,건조,맑음,교차로 - 교차로부근,승용,여,24세,경상,승용,남,60세,경상
2015050700100207,2015년 5월 7일 10시,목요일,울산광역시 중구 태화동,중상사고,0,1,0,0,차대사람 - 기타,안전운전불이행,건조,맑음,교차로 - 교차로안,승용,남,49세,상해없음,보행자,여,63세,중상
2015050700100299,2015년 5월 7일 13시,목요일,울산광역시 북구 중산동,중상사고,0,2,0,0,차대차 - 추돌 - 주정차중,안전운전불이행,건조,맑음,단일로 - 기타,화물,남,50세,중상,화물,남,52세,상해없음
2015050700100361,2015년 5월 7일 15시,목요일,울산광역시 중구 복산동,경상사고,0,0,1,0,차대차 - 측면직각충돌,안전거리미확보,건조,맑음,단일로 - 기타,이륜,남,69세,경상,승용,여,42세,상해없음
2015050700100362,2015년 5월 7일 15시,목요일,울산광역시 동구 서부동,사망사고,1,0,0,0,차대사람 - 기타,안전운전불이행,건조,맑음,단일로 - 기타,승합,남,44세,상해없음,보행자,남,63세,사망
2015050700100416,2015년 5월 7일 16시,목요일,울산광역시 울주군 범서읍,경상사고,0,0,1,0,차대차 - 측면직각충돌,안전운전불이행,건조,맑음,교차로 - 교차로안,승용,남,70세,기타불명,이륜,남,20세,경상
2015050700100457,2015년 5월 7일 17시,목요일,울산광역시 동구 방어동,경상사고,0,0,1,0,차대차 - 기타,안전거리미확보,건조,맑음,단일로 - 횡단보도상,승용,여,41세,상해없음,승용,남,19세,경상
2015050700100498,2015년 5월 7일 18시,목요일,울산광역시 울주군 온산읍,경상사고,0,0,1,0,차대사람 - 횡단중,안전운전불이행,건조,맑음,단일로 - 기타,승용,남,57세,상해없음,보행자,남,6세,경상
2015050700100559,2015년 5월 7일 20시,목요일,울산광역시 남구 신정동,경상사고,0,0,1,0,차대사람 - 기타,안전운전불이행,건조,맑음,단일로 - 기타,승용,남,21세,상해없음,보행자,여,16세,경상
2015050700100594,2015년 5월 7일 21시,목요일,울산광역시 남구 신정동,중상사고,0,1,0,0,차대사람 - 기타,안전운전불이행,건조,맑음,단일로 - 기타,승용,남,52세,상해없음,보행자,남,53세,중상
2015050700100648,2015년 5월 7일 23시,목요일,울산광역시 북구 진장동,경상사고,0,0,1,0,차대차 - 측면직각충돌,신호위반,건조,맑음,교차로 - 교차로안,승용,남,26세,상해없음,자전거,남,37세,경상
2015050700100649,2015년 5월 7일 23시,목요일,울산광역시 북구 산하동,중상사고,0,1,0,0,차대차 - 기타,중앙선침범,건조,맑음,단일로 - 기타,기타불명,기타불명,기타불명,기타불명,승용,남,27세,상해없음
2015050800100040,2015년 5월 8일 02시,금요일,울산광역시 남구 달동,경상사고,0,0,1,0,차대차 - 기타,안전운전불이행,건조,맑음,교차로 - 교차로안,승용,남,31세,상해없음,승용,남,28세,상해없음
2015050800100111,2015년 5월 8일 07시,금요일,울산광역시 남구 신정동,경상사고,0,0,1,0,차대차 - 측면직각충돌,차로위반,건조,맑음,단일로 - 기타,자전거,남,75세,경상,승용,남,56세,상해없음
2015050800100199,2015년 5월 8일 09시,금요일,울산광역시 남구 옥동,중상사고,0,1,0,0,차대차 - 추돌 - 주정차중,안전운전불이행,건조,맑음,교차로 - 교차로부근,승용,남,25세,상해없음,승용,여,47세,중상
2015050800100334,2015년 5월 8일 14시,금요일,울산광역시 북구 효문동,경상사고,0,0,1,0,차대차 - 기타,불법유턴,건조,맑음,단일로 - 기타,자전거,남,39세,경상,승합,남,47세,상해없음
2015050800100370,2015년 5월 8일 15시,금요일,울산광역시 중구 태화동,경상사고,0,0,1,0,차대차 - 추돌 - 주정차중,안전거리미확보,건조,맑음,단일로 - 기타,승용,남,40세,상해없음,승합,남,36세,경상
2015050800100371,2015년 5월 8일 15시,금요일,울산광역시 남구 옥동,경상사고,0,0,1,0,차대차 - 측면직각충돌,교차로운행방법위반,건조,맑음,교차로 - 교차로안,승용,남,63세,상해없음,승용,남,43세,경상
2015050800100505,2015년 5월 8일 18시,금요일,울산광역시 남구 삼산동,중상사고,0,1,0,0,차대차 - 기타,차로위반,건조,맑음,단일로 - 횡단보도상,자전거,남,44세,중상,화물,남,45세,상해없음
2015050800100506,2015년 5월 8일 18시,금요일,울산광역시 울주군 범서읍,경상사고,0,0,1,0,차대차 - 측면직각충돌,교차로운행방법위반,건조,맑음,교차로 - 교차로안,자전거,남,60세,경상,승합,남,45세,상해없음
2015050800100557,2015년 5월 8일 19시,금요일,울산광역시 남구 삼산동,경상사고,0,0,1,0,차대사람 - 횡단중,안전운전불이행,건조,맑음,교차로 - 교차로부근,승용,남,38세,상해없음,보행자,남,15세,경상
2015050800100600,2015년 5월 8일 20시,금요일,울산광역시 중구 옥교동,중상사고,0,1,0,0,차대사람 - 기타,과속,건조,맑음,단일로 - 기타,승용,남,49세,상해없음,보행자,남,39세,중상
2015050800100661,2015년 5월 8일 22시,금요일,울산광역시 중구 유곡동,경상사고,0,0,2,0,차대차 - 측면직각충돌,불법유턴,건조,맑음,교차로 - 교차로안,자전거,남,14세,경상,이륜,남,17세,경상
2015050800100662,2015년 5월 8일 22시,금요일,울산광역시 울주군 온양읍,중상사고,0,1,0,0,차대차 - 측면직각충돌,신호위반,건조,맑음,교차로 - 교차로안,화물,남,53세,상해없음,승합,남,44세,상해없음
2015050800100689,2015년 5월 8일 23시,금요일,울산광역시 북구 호계동,중상사고,0,1,1,0,차대사람 - 횡단중,안전운전불이행,건조,맑음,단일로 - 기타,이륜,남,25세,경상,보행자,여,53세,중상
2015050800100690,2015년 5월 8일 23시,금요일,울산광역시 동구 일산동,중상사고,0,1,4,0,차대차 - 기타,안전운전불이행,건조,맑음,단일로 - 기타,승용,남,45세,상해없음,승용,남,46세,중상
2015050800100691,2015년 5월 8일 23시,금요일,울산광역시 동구 서부동,중상사고,0,1,2,0,차대차 - 측면직각충돌,신호위반,건조,맑음,교차로 - 교차로안,승용,남,56세,경상,승용,남,49세,중상
2015050900100072,2015년 5월 9일 04시,토요일,울산광역시 중구 남외동,경상사고,0,0,3,0,차대차 - 추돌 - 진행중,안전운전불이행,건조,맑음,교차로 - 교차로안,승용,남,21세,상해없음,승용,남,21세,상해없음
2015050900100206,2015년 5월 9일 10시,토요일,울산광역시 남구 달동,중상사고,0,1,0,0,차대사람 - 횡단중,보행자보호의무위반,건조,맑음,교차로 - 교차로안,승용,남,27세,상해없음,보행자,여,69세,중상
2015050900100207,2015년 5월 9일 10시,토요일,울산광역시 남구 야음동,중상사고,0,1,0,0,차대차 - 측면직각충돌,교차로운행방법위반,건조,맑음,교차로 - 교차로부근,승용,여,52세,상해없음,자전거,여,72세,중상
2015050900100245,2015년 5월 9일 11시,토요일,울산광역시 북구 연암동,경상사고,0,0,1,0,차대사람 - 기타,안전운전불이행,건조,맑음,단일로 - 기타,승용,여,35세,상해없음,보행자,여,19세,경상
2015050900100290,2015년 5월 9일 12시,토요일,울산광역시 북구 진장동,경상사고,0,0,1,0,차대차 - 측면직각충돌,안전운전불이행,건조,맑음,단일로 - 기타,화물,남,55세,상해없음,승용,여,61세,경상
2015050900100341,2015년 5월 9일 13시,토요일,울산광역시 남구 옥동,경상사고,0,0,1,0,차대사람 - 기타,기타,건조,맑음,단일로 - 기타,이륜,남,42세,상해없음,보행자,여,52세,경상
2015050900100342,2015년 5월 9일 13시,토요일,울산광역시 울주군 범서읍,부상신고사고,0,0,0,1,차대차 - 정면충돌,안전운전불이행,건조,맑음,교차로 - 교차로안,승용,여,62세,상해없음,자전거,남,6세,부상신고
2015050900100382,2015년 5월 9일 14시,토요일,울산광역시 중구 학성동,경상사고,0,0,2,0,차대차 - 기타,안전운전불이행,건조,맑음,교차로 - 교차로안,승용,남,50세,상해없음,이륜,여,56세,경상
2015050900100383,2015년 5월 9일 14시,토요일,울산광역시 중구 남외동,경상사고,0,0,1,0,차대차 - 측면직각충돌,신호위반,건조,맑음,교차로 - 교차로안,승용,남,31세,상해없음,승용,여,40세,경상
2015050900100466,2015년 5월 9일 16시,토요일,울산광역시 중구 우정동,경상사고,0,0,1,0,차대차 - 측면직각충돌,신호위반,건조,맑음,교차로 - 교차로안,이륜,남,23세,경상,승용,남,46세,상해없음
2015050900100629,2015년 5월 9일 20시,토요일,울산광역시 중구 반구동,중상사고,0,1,0,0,차대차 - 기타,안전운전불이행,건조,맑음,단일로 - 기타,자전거,남,49세,상해없음,자전거,남,17세,중상
2015050900100723,2015년 5월 9일 23시,토요일,울산광역시 남구 삼산동,경상사고,0,0,1,0,차량단독 - 공작물충돌,안전운전불이행,건조,맑음,교차로 - 교차로안,승용,남,29세,상해없음,,,,
2015051000100025,2015년 5월 10일 00시,일요일,울산광역시 남구 야음동,중상사고,0,1,2,0,차대차 - 기타,안전운전불이행,건조,맑음,교차로 - 교차로안,승용,남,60세,경상,승용,남,30세,중상
2015051000100182,2015년 5월 10일 10시,일요일,울산광역시 북구 염포동,중상사고,0,1,2,0,차대차 - 추돌 - 진행중,안전운전불이행,건조,맑음,교차로 - 교차로부근,승용,남,32세,상해없음,승용,남,46세,중상
2015051000100216,2015년 5월 10일 11시,일요일,울산광역시 남구 신정동,경상사고,0,0,1,0,차대차 - 측면직각충돌,중앙선침범,건조,맑음,교차로 - 교차로부근,승용,남,25세,상해없음,이륜,남,62세,경상
2015051000100217,2015년 5월 10일 11시,일요일,울산광역시 남구 신정동,경상사고,0,0,1,0,차대차 - 측면직각충돌,교차로운행방법위반,건조,맑음,단일로 - 기타,자전거,여,45세,경상,승용,남,43세,상해없음
2015051000100218,2015년 5월 10일 11시,일요일,울산광역시 울주군 범서읍,경상사고,0,0,2,0,차대차 - 측면직각충돌,교차로운행방법위반,건조,맑음,교차로 - 교차로안,승용,남,32세,상해없음,승용,남,25세,경상
2015051000100278,2015년 5월 10일 13시,일요일,울산광역시 울주군 온산읍,경상사고,0,0,1,0,차대차 - 정면충돌,교차로운행방법위반,건조,맑음,교차로 - 교차로안,승용,남,53세,상해없음,자전거,남,10세,경상
2015051000100438,2015년 5월 10일 17시,일요일,울산광역시 남구 신정동,경상사고,0,0,1,0,차대사람 - 차도통행중,안전운전불이행,건조,맑음,단일로 - 기타,자전거,여,26세,상해없음,보행자,여,72세,경상
2015051000100556,2015년 5월 10일 21시,일요일,울산광역시 중구 복산동,경상사고,0,0,3,0,차대차 - 기타,신호위반,건조,맑음,교차로 - 교차로안,승용,남,61세,상해없음,승용,여,31세,경상
2015051000100557,2015년 5월 10일 21시,일요일,울산광역시 남구 무거동,경상사고,0,0,1,0,차대차 - 측면직각충돌,신호위반,건조,맑음,교차로 - 교차로안,원동기,남,21세,경상,승용,남,63세,상해없음
2015051000100558,2015년 5월 10일 21시,일요일,울산광역시 남구 달동,경상사고,0,0,1,0,차대차 - 기타,안전운전불이행,건조,맑음,교차로 - 교차로부근,승용,남,53세,상해없음,자전거,남,15세,경상
2015051000100582,2015년 5월 10일 22시,일요일,울산광역시 남구 달동,경상사고,0,0,1,0,차대차 - 추돌 - 주정차중,안전운전불이행,건조,맑음,단일로 - 기타,승용,남,43세,상해없음,승용,남,27세,상해없음
2015051000100600,2015년 5월 10일 23시,일요일,울산광역시 남구 신정동,경상사고,0,0,3,0,차대차 - 기타,안전운전불이행,건조,맑음,교차로 - 교차로안,화물,남,55세,경상,승용,남,26세,경상
2015051100100030,2015년 5월 11일 01시,월요일,울산광역시 남구 달동,중상사고,0,1,0,0,차대사람 - 횡단중,안전운전불이행,건조,맑음,교차로 - 교차로부근,승용,남,25세,상해없음,보행자,여,24세,중상
2015051100100362,2015년 5월 11일 14시,월요일,울산광역시 동구 화정동,중상사고,0,1,4,0,차대차 - 추돌 - 주정차중,안전운전불이행,건조,맑음,단일로 - 기타,승용,남,22세,상해없음,승용,여,53세,중상
2015051100100399,2015년 5월 11일 15시,월요일,울산광역시 남구 달동,경상사고,0,0,2,0,차대차 - 추돌 - 주정차중,안전운전불이행,건조,맑음,단일로 - 기타,승용,여,29세,상해없음,승용,남,58세,경상
2015051100100400,2015년 5월 11일 15시,월요일,울산광역시 동구 미포동,경상사고,0,0,1,0,차대차 - 추돌 - 진행중,안전운전불이행,건조,맑음,단일로 - 기타,승용,여,42세,상해없음,승용,여,38세,경상
2015051100100434,2015년 5월 11일 16시,월요일,울산광역시 중구 다운동,중상사고,0,1,0,0,차대차 - 기타,교차로운행방법위반,습기,비,교차로 - 교차로안,승용,여,54세,상해없음,원동기,남,23세,중상
2015051100100536,2015년 5월 11일 18시,월요일,울산광역시 울주군 서생면,중상사고,0,3,2,0,차대차 - 정면충돌,중앙선침범,습기,비,단일로 - 기타,승용,남,53세,상해없음,승용,남,64세,중상
2015051100100537,2015년 5월 11일 18시,월요일,울산광역시 울주군 언양읍,경상사고,0,0,1,0,차대차 - 측면직각충돌,신호위반,습기,비,교차로 - 교차로안,승용,남,33세,상해없음,승용,여,33세,경상
2015051100100594,2015년 5월 11일 19시,월요일,울산광역시 남구 무거동,중상사고,0,1,2,0,차대차 - 추돌 - 주정차중,안전거리미확보,습기,비,교차로 - 교차로부근,승합,남,30세,상해없음,승용,남,38세,경상
2015051100100654,2015년 5월 11일 20시,월요일,울산광역시 북구 화봉동,경상사고,0,0,1,0,차대차 - 측면직각충돌,중앙선침범,습기,비,교차로 - 교차로부근,기타불명,기타불명,기타불명,기타불명,승용,남,43세,경상
2015051100100655,2015년 5월 11일 20시,월요일,울산광역시 남구 삼산동,중상사고,0,1,0,0,차대사람 - 횡단중,안전운전불이행,습기,비,교차로 - 교차로안,승용,남,62세,상해없음,보행자,여,42세,중상
2015051100100656,2015년 5월 11일 20시,월요일,울산광역시 남구 여천동,중상사고,0,2,0,0,차대차 - 추돌 - 주정차중,안전운전불이행,습기,비,교차로 - 교차로부근,승용,남,52세,상해없음,승용,남,36세,중상
2015051100100719,2015년 5월 11일 21시,월요일,울산광역시 북구 효문동,중상사고,0,1,1,0,차대사람 - 횡단중,신호위반,습기,맑음,단일로 - 횡단보도상,승용,남,42세,상해없음,보행자,남,52세,중상
2015051100100779,2015년 5월 11일 22시,월요일,울산광역시 남구 무거동,중상사고,0,1,0,0,차대사람 - 횡단중,보행자보호의무위반,습기,비,교차로 - 교차로부근,승용,남,44세,상해없음,보행자,여,53세,중상
2015051100100780,2015년 5월 11일 22시,월요일,울산광역시 남구 삼산동,경상사고,0,0,2,0,차대차 - 추돌 - 진행중,안전거리미확보,습기,비,단일로 - 기타,화물,남,48세,상해없음,승용,남,68세,경상
2015051100100837,2015년 5월 11일 23시,월요일,울산광역시 중구 성남동,경상사고,0,0,1,0,차대차 - 기타,중앙선침범,습기,비,교차로 - 교차로안,승용,남,35세,상해없음,승용,여,25세,경상
2015051100100838,2015년 5월 11일 23시,월요일,울산광역시 동구 전하동,경상사고,0,0,1,0,차대사람 - 보도통행중,보행자보호의무위반,습기,비,교차로 - 교차로부근,승용,여,56세,상해없음,보행자,여,44세,경상
2015051200100057,2015년 5월 12일 01시,화요일,울산광역시 중구 복산동,중상사고,0,1,0,0,차대사람 - 횡단중,안전운전불이행,습기,비,단일로 - 횡단보도상,승용,남,49세,상해없음,보행자,여,55세,중상
2015051200100147,2015년 5월 12일 07시,화요일,울산광역시 북구 화봉동,중상사고,0,1,0,0,차대차 - 측면직각충돌,불법유턴,건조,맑음,단일로 - 기타,자전거,남,70세,중상,승용,남,59세,상해없음
2015051200100189,2015년 5월 12일 08시,화요일,울산광역시 울주군 온산읍,경상사고,0,0,1,0,차대차 - 정면충돌,신호위반,습기,비,교차로 - 교차로안,승용,여,48세,상해없음,승용,여,58세,경상
2015051200100234,2015년 5월 12일 09시,화요일,울산광역시 남구 달동,중상사고,0,1,0,0,차대차 - 측면직각충돌,신호위반,습기,비,교차로 - 교차로안,승용,남,27세,상해없음,승용,남,53세,중상
2015051200100258,2015년 5월 12일 10시,화요일,울산광역시 울주군 언양읍,경상사고,0,0,2,0,차대차 - 추돌 - 진행중,안전운전불이행,건조,맑음,교차로 - 교차로안,승용,남,61세,상해없음,승용,남,76세,경상
2015051200100297,2015년 5월 12일 11시,화요일,울산광역시 울주군 청량면,경상사고,0,0,1,0,차대사람 - 길가장자리구역통행중,안전운전불이행,습기,맑음,단일로 - 기타,승합,남,42세,상해없음,보행자,여,56세,경상
2015051200100356,2015년 5월 12일 13시,화요일,울산광역시 남구 신정동,경상사고,0,0,3,0,차대차 - 측면직각충돌,안전운전불이행,건조,맑음,교차로 - 교차로안,승합,남,63세,상해없음,승용,남,44세,경상
2015051200100357,2015년 5월 12일 13시,화요일,울산광역시 울주군 온양읍,경상사고,0,0,1,0,차대차 - 추돌 - 진행중,중앙선침범,건조,맑음,단일로 - 교량,화물,남,51세,상해없음,승용,여,57세,경상
2015051200100386,2015년 5월 12일 14시,화요일,울산광역시 중구 태화동,경상사고,0,0,1,0,차대차 - 측면직각충돌,안전운전불이행,건조,맑음,단일로 - 기타,승용,여,34세,상해없음,이륜,남,73세,경상
2015051200100387,2015년 5월 12일 14시,화요일,울산광역시 남구 삼산동,중상사고,0,1,3,0,차대차 - 측면직각충돌,신호위반,건조,맑음,교차로 - 교차로안,승용,남,67세,상해없음,승용,남,51세,경상
2015051200100408,2015년 5월 12일 15시,화요일,울산광역시 남구 무거동,경상사고,0,0,1,0,차대사람 - 기타,보행자보호의무위반,건조,맑음,교차로 - 교차로부근,승용,남,33세,상해없음,보행자,여,7세,경상
2015051200100516,2015년 5월 12일 18시,화요일,울산광역시 중구 태화동,경상사고,0,0,1,0,차대차 - 기타,안전운전불이행,건조,맑음,단일로 - 기타,화물,남,37세,상해없음,원동기,남,32세,경상
2015051200100517,2015년 5월 12일 18시,화요일,울산광역시 울주군 온산읍,경상사고,0,0,1,0,차대사람 - 차도통행중,안전운전불이행,건조,맑음,단일로 - 기타,승용,남,29세,상해없음,보행자,남,48세,경상
2015051200100658,2015년 5월 12일 22시,화요일,울산광역시 울주군 웅촌면,경상사고,0,0,5,0,차대차 - 측면직각충돌,안전운전불이행,건조,맑음,단일로 - 기타,승용,여,20세,기타불명,승용,남,29세,경상
2015051300100023,2015년 5월 13일 00시,수요일,울산광역시 중구 북정동,경상사고,0,0,2,0,차대차 - 기타,안전운전불이행,건조,맑음,단일로 - 기타,승용,남,42세,상해없음,승용,남,43세,경상
2015051300100042,2015년 5월 13일 02시,수요일,울산광역시 남구 달동,경상사고,0,0,1,0,차대사람 - 기타,안전운전불이행,건조,맑음,교차로 - 교차로안,승용,남,60세,상해없음,보행자,남,29세,경상
2015051300100047,2015년 5월 13일 03시,수요일,울산광역시 울주군 범서읍,사망사고,1,0,0,0,차대사람 - 길가장자리구역통행중,안전운전불이행,건조,맑음,단일로 - 기타,승용,남,25세,상해없음,보행자,남,42세,사망
2015051300100088,2015년 5월 13일 06시,수요일,울산광역시 남구 여천동,중상사고,0,1,0,0,차대차 - 측면직각충돌,신호위반,건조,맑음,교차로 - 교차로안,승용,남,49세,상해없음,승용,여,33세,중상
2015051300100353,2015년 5월 13일 13시,수요일,울산광역시 북구 연암동,경상사고,0,0,1,0,차대사람 - 기타,안전운전불이행,건조,맑음,단일로 - 기타,승용,여,57세,기타불명,보행자,여,22세,경상
2015051300100385,2015년 5월 13일 14시,수요일,울산광역시 남구 용연동,경상사고,0,0,2,0,차대차 - 측면직각충돌,교차로운행방법위반,건조,맑음,교차로 - 교차로안,화물,남,56세,상해없음,화물,남,40세,경상
2015051300100433,2015년 5월 13일 15시,수요일,울산광역시 북구 명촌동,경상사고,0,0,1,0,차대차 - 측면직각충돌,안전운전불이행,건조,맑음,단일로 - 교량,자전거,남,44세,상해없음,자전거,남,42세,경상
2015051300100434,2015년 5월 13일 15시,수요일,울산광역시 남구 여천동,중상사고,0,1,0,0,차대차 - 기타,안전운전불이행,건조,맑음,교차로 - 교차로부근,화물,남,35세,상해없음,원동기,남,27세,중상
2015051300100435,2015년 5월 13일 15시,수요일,울산광역시 울주군 범서읍,경상사고,0,0,1,0,차대사람 - 기타,안전운전불이행,건조,맑음,기타 - 기타,승용,남,30세,상해없음,보행자,남,7세,경상
2015051300100663,2015년 5월 13일 21시,수요일,울산광역시 남구 신정동,경상사고,0,0,4,0,차대차 - 추돌 - 진행중,안전운전불이행,건조,맑음,교차로 - 교차로부근,건설기계,남,44세,상해없음,승용,남,44세,경상
2015051300100711,2015년 5월 13일 23시,수요일,울산광역시 중구 반구동,경상사고,0,0,3,0,차대사람 - 기타,안전운전불이행,건조,맑음,교차로 - 교차로안,승용,남,44세,상해없음,보행자,남,54세,경상
2015051400100016,2015년 5월 14일 00시,목요일,울산광역시 남구 선암동,중상사고,0,1,4,0,차대차 - 추돌 - 주정차중,안전운전불이행,건조,맑음,교차로 - 교차로부근,승용,남,45세,상해없음,승용,여,48세,경상
2015051400100105,2015년 5월 14일 07시,목요일,울산광역시 동구 전하동,중상사고,0,1,0,0,차대차 - 기타,차로위반,건조,맑음,단일로 - 기타,승용,여,43세,상해없음,이륜,남,31세,중상
2015051400100211,2015년 5월 14일 10시,목요일,울산광역시 동구 방어동,경상사고,0,0,1,0,차대차 - 측면직각충돌,안전운전불이행,건조,맑음,단일로 - 기타,이륜,남,44세,상해없음,승용,여,42세,경상
2015051400100252,2015년 5월 14일 12시,목요일,울산광역시 북구 양정동,경상사고,0,0,2,0,차대차 - 추돌 - 진행중,안전거리미확보,건조,맑음,단일로 - 기타,승용,남,22세,상해없음,승용,남,22세,경상
2015051400100253,2015년 5월 14일 12시,목요일,울산광역시 울주군 웅촌면,경상사고,0,0,2,0,차대차 - 추돌 - 주정차중,안전운전불이행,건조,맑음,단일로 - 기타,화물,남,53세,상해없음,승용,여,61세,경상
2015051400100314,2015년 5월 14일 14시,목요일,울산광역시 남구 야음동,중상사고,0,1,0,0,차대차 - 측면직각충돌,안전운전불이행,건조,맑음,교차로 - 교차로안,승용,여,47세,상해없음,원동기,남,23세,중상
2015051400100337,2015년 5월 14일 15시,목요일,울산광역시 북구 상안동,부상신고사고,0,0,0,1,차대차 - 기타,불법유턴,건조,맑음,교차로 - 교차로안,이륜,남,76세,부상신고,승용,여,27세,상해없음
2015051400100338,2015년 5월 14일 15시,목요일,울산광역시 중구 남외동,경상사고,0,0,1,0,차대사람 - 기타,안전운전불이행,건조,맑음,단일로 - 기타,승용,남,29세,상해없음,보행자,여,62세,경상
2015051400100339,2015년 5월 14일 15시,목요일,울산광역시 중구 복산동,중상사고,0,2,0,0,차대사람 - 횡단중,보행자보호의무위반,건조,맑음,단일로 - 횡단보도상,승용,여,36세,상해없음,보행자,남,63세,중상
2015051400100376,2015년 5월 14일 16시,목요일,울산광역시 중구 서동,경상사고,0,0,2,0,차대차 - 추돌 - 주정차중,안전운전불이행,건조,맑음,교차로 - 교차로부근,승용,남,70세,상해없음,승용,여,48세,경상
2015051400100464,2015년 5월 14일 18시,목요일,울산광역시 울주군 온산읍,경상사고,0,0,1,0,차대차 - 기타,중앙선침범,건조,맑음,단일로 - 기타,승용,남,26세,상해없음,원동기,남,49세,경상
2015051400100465,2015년 5월 14일 18시,목요일,울산광역시 울주군 온양읍,경상사고,0,0,3,1,차대차 - 추돌 - 주정차중,안전거리미확보,건조,맑음,교차로 - 교차로부근,승용,남,30세,상해없음,승용,남,35세,부상신고
2015051400100499,2015년 5월 14일 19시,목요일,울산광역시 남구 신정동,중상사고,0,1,0,0,차대차 - 추돌 - 주정차중,기타,건조,맑음,단일로 - 기타,승합,남,54세,상해없음,원동기,남,43세,중상
2015051400100541,2015년 5월 14일 20시,목요일,울산광역시 남구 신정동,경상사고,0,0,1,0,차대차 - 기타,안전거리미확보,건조,맑음,단일로 - 기타,승용,남,50세,상해없음,승용,남,60세,경상
2015051400100568,2015년 5월 14일 21시,목요일,울산광역시 중구 서동,중상사고,0,1,0,0,차대사람 - 횡단중,신호위반,건조,맑음,교차로 - 교차로안,승용,남,33세,상해없음,보행자,남,50세,중상
2015051500100086,2015년 5월 15일 05시,금요일,울산광역시 중구 복산동,중상사고,0,1,0,1,차대차 - 측면직각충돌,기타,건조,맑음,단일로 - 기타,이륜,남,18세,부상신고,승용,남,67세,상해없음
2015051500100103,2015년 5월 15일 06시,금요일,울산광역시 중구 학성동,경상사고,0,0,1,0,차대사람 - 기타,안전운전불이행,건조,맑음,단일로 - 기타,승용,남,58세,상해없음,보행자,여,34세,경상
2015051500100104,2015년 5월 15일 06시,금요일,울산광역시 울주군 온산읍,경상사고,0,0,1,0,차대차 - 추돌 - 진행중,안전운전불이행,건조,맑음,단일로 - 기타,승용,여,61세,상해없음,승용,여,41세,경상
2015051500100126,2015년 5월 15일 07시,금요일,울산광역시 울주군 온산읍,중상사고,0,1,0,0,차대차 - 측면직각충돌,안전운전불이행,건조,맑음,단일로 - 기타,승용,남,27세,상해없음,이륜,남,57세,중상