사고번호,사고일시,요일,시군구,사고내용,사망자수,중상자수,경상자수,부상신고자수,사고유형,법규위반,노면상태,기상상태,도로형태,가해운전자 차종,가해운전자 성별,가해운전자 연령,가해운전자 상해정도,피해운전자 차종,피해운전자 성별,피해운전자 연령,피해운전자 상해정도
2015051500100368,2015년 5월 15일 14시,금요일,울산광역시 북구 연암동,경상사고,0,0,1,0,차대차 - 측면직각충돌,차로위반,건조,맑음,단일로 - 기타,화물,남,47세,상해없음,특수,남,68세,상해없음
2015051500100369,2015년 5월 15일 14시,금요일,울산광역시 울주군 온산읍,경상사고,0,0,1,0,차대차 - 측면직각충돌,신호위반,건조,맑음,교차로 - 교차로안,특수,남,51세,상해없음,이륜,남,59세,경상
2015051500100412,2015년 5월 15일 15시,금요일,울산광역시 중구 남외동,경상사고,0,0,1,0,차대차 - 기타,교차로운행방법위반,건조,맑음,교차로 - 교차로안,승용,여,44세,상해없음,이륜,남,25세,경상
2015051500100413,2015년 5월 15일 15시,금요일,울산광역시 중구 성남동,경상사고,0,0,1,0,차대사람 - 횡단중,보행자보호의무위반,건조,맑음,단일로 - 기타,원동기,남,16세,상해없음,보행자,여,54세,경상
2015051500100444,2015년 5월 15일 16시,금요일,울산광역시 중구 약사동,부상신고사고,0,0,0,1,차대사람 - 기타,안전운전불이행,건조,맑음,단일로 - 기타,승용,남,57세,기타불명,보행자,남,66세,부상신고
2015051500100445,2015년 5월 15일 16시,금요일,울산광역시 남구 야음동,경상사고,0,0,1,0,차대사람 - 횡단중,기타,건조,맑음,교차로 - 교차로안,승용,여,48세,상해없음,보행자,남,8세,경상
2015051500100492,2015년 5월 15일 17시,금요일,울산광역시 남구 신정동,경상사고,0,0,1,0,차대차 - 측면직각충돌,안전운전불이행,건조,맑음,단일로 - 기타,화물,남,45세,상해없음,자전거,남,69세,경상
2015051500100541,2015년 5월 15일 18시,금요일,울산광역시 남구 삼산동,경상사고,0,0,1,0,차대차 - 측면직각충돌,기타,건조,맑음,단일로 - 기타,승용,남,55세,상해없음,승용,여,28세,경상
2015051500100765,2015년 5월 15일 23시,금요일,울산광역시 중구 옥교동,경상사고,0,0,1,0,차대차 - 추돌 - 주정차중,안전운전불이행,습기,비,단일로 - 기타,승용,남,50세,상해없음,승용,남,33세,경상
2015051600100028,2015년 5월 16일 00시,토요일,울산광역시 남구 달동,경상사고,0,0,1,0,차대차 - 기타,안전운전불이행,습기,비,단일로 - 기타,이륜,남,18세,경상,승용,남,52세,상해없음
2015051600100029,2015년 5월 16일 00시,토요일,울산광역시 남구 삼산동,경상사고,0,0,2,0,차대차 - 기타,안전운전불이행,습기,비,단일로 - 기타,승용,남,41세,상해없음,승용,남,20세,경상
2015051600100030,2015년 5월 16일 00시,토요일,울산광역시 남구 신정동,경상사고,0,0,1,0,차대차 - 측면직각충돌,안전거리미확보,습기,비,단일로 - 기타,승용,남,72세,상해없음,승용,남,61세,경상
2015051600100054,2015년 5월 16일 01시,토요일,울산광역시 남구 무거동,경상사고,0,0,1,0,차대차 - 추돌 - 주정차중,안전운전불이행,습기,비,교차로 - 교차로안,승용,남,43세,상해없음,화물,남,60세,경상
2015051600100090,2015년 5월 16일 03시,토요일,울산광역시 동구 화정동,중상사고,0,2,0,0,차대차 - 기타,안전운전불이행,습기,흐림,단일로 - 기타,승용,여,55세,상해없음,이륜,남,19세,중상
2015051600100107,2015년 5월 16일 04시,토요일,울산광역시 중구 장현동,부상신고사고,0,0,0,1,차대차 - 기타,안전운전불이행,건조,맑음,단일로 - 기타,승용,남,24세,부상신고,화물,남,35세,기타불명
2015051600100142,2015년 5월 16일 06시,토요일,울산광역시 울주군 청량면,경상사고,0,0,1,0,차대차 - 측면직각충돌,안전운전불이행,건조,맑음,단일로 - 기타,승용,남,42세,상해없음,자전거,남,46세,경상
2015051600100162,2015년 5월 16일 07시,토요일,울산광역시 울주군 온양읍,중상사고,0,1,0,0,차대차 - 측면직각충돌,신호위반,건조,흐림,교차로 - 교차로안,승용,남,33세,상해없음,승용,남,25세,중상
2015051600100163,2015년 5월 16일 07시,토요일,울산광역시 울주군 범서읍,부상신고사고,0,0,0,3,차대차 - 기타,안전거리미확보,건조,맑음,미분류 - 미분류,승용,여,35세,상해없음,승용,남,72세,부상신고
2015051600100188,2015년 5월 16일 08시,토요일,울산광역시 남구 신정동,중상사고,0,1,0,0,차대차 - 기타,기타,건조,맑음,단일로 - 기타,화물,남,57세,상해없음,자전거,남,55세,중상
2015051600100216,2015년 5월 16일 09시,토요일,울산광역시 남구 무거동,경상사고,0,0,3,1,차대차 - 측면직각충돌,안전거리미확보,건조,맑음,단일로 - 기타,승용,여,41세,부상신고,승용,남,27세,경상
2015051600100253,2015년 5월 16일 10시,토요일,울산광역시 남구 무거동,부상신고사고,0,0,0,1,차대사람 - 길가장자리구역통행중,안전운전불이행,건조,맑음,단일로 - 기타,승용,기타불명,기타불명,기타불명,보행자,남,19세,부상신고
2015051600100376,2015년 5월 16일 13시,토요일,울산광역시 남구 야음동,중상사고,0,1,0,0,차대사람 - 횡단중,안전운전불이행,건조,맑음,단일로 - 기타,승용,남,29세,상해없음,보행자,남,68세,중상
2015051600100377,2015년 5월 16일 13시,토요일,울산광역시 울주군 온산읍,중상사고,0,4,0,0,차대차 - 추돌 - 진행중,안전거리미확보,건조,맑음,교차로 - 교차로부근,건설기계,남,47세,상해없음,승용,남,36세,중상
2015051600100463,2015년 5월 16일 15시,토요일,울산광역시 남구 무거동,경상사고,0,0,1,0,차대차 - 기타,신호위반,건조,맑음,교차로 - 교차로안,승용,여,50세,상해없음,승용,남,52세,경상
2015051600100514,2015년 5월 16일 16시,토요일,울산광역시 동구 화정동,경상사고,0,0,1,0,차대사람 - 기타,안전운전불이행,건조,맑음,단일로 - 기타,화물,남,38세,상해없음,보행자,남,3세,경상
2015051600100525,2015년 5월 16일 17시,토요일,울산광역시 울주군 언양읍,경상사고,0,0,1,0,차량단독 - 기타,기타,건조,맑음,단일로 - 기타,승합,남,49세,상해없음,,,,
2015051600100574,2015년 5월 16일 17시,토요일,울산광역시 북구 중산동,중상사고,0,1,0,0,차대차 - 기타,직진우회전진행방해,건조,맑음,교차로 - 교차로안,화물,남,48세,상해없음,원동기,남,58세,중상
2015051600100575,2015년 5월 16일 17시,토요일,울산광역시 남구 달동,중상사고,0,1,0,0,차대차 - 기타,중앙선침범,건조,맑음,단일로 - 기타,승용,여,50세,상해없음,이륜,남,39세,중상
2015051600100704,2015년 5월 16일 20시,토요일,울산광역시 울주군 서생면,중상사고,0,1,0,0,차대사람 - 기타,중앙선침범,건조,맑음,단일로 - 기타,승용,남,37세,상해없음,보행자,여,81세,중상
2015051700100045,2015년 5월 17일 01시,일요일,울산광역시 북구 명촌동,경상사고,0,0,1,0,차량단독 - 공작물충돌,안전운전불이행,건조,흐림,단일로 - 기타,승용,남,26세,경상,,,,
2015051700100062,2015년 5월 17일 02시,일요일,울산광역시 남구 달동,경상사고,0,0,1,0,차대사람 - 길가장자리구역통행중,안전운전불이행,건조,맑음,단일로 - 기타,승용,남,27세,상해없음,보행자,남,41세,경상
2015051700100210,2015년 5월 17일 10시,일요일,울산광역시 남구 달동,경상사고,0,0,2,0,차대차 - 측면직각충돌,안전운전불이행,건조,맑음,교차로 - 교차로안,승용,여,50세,상해없음,승용,여,38세,경상
2015051700100211,2015년 5월 17일 10시,일요일,울산광역시 남구 신정동,경상사고,0,0,1,0,차대차 - 기타,안전운전불이행,기타,맑음,교차로 - 교차로안,화물,남,35세,상해없음,승용,남,38세,경상
2015051700100304,2015년 5월 17일 14시,일요일,울산광역시 울주군 범서읍,중상사고,0,1,2,0,차대차 - 추돌 - 진행중,안전거리미확보,건조,맑음,단일로 - 기타,승용,여,25세,상해없음,승용,남,31세,상해없음
2015051700100365,2015년 5월 17일 15시,일요일,울산광역시 울주군 두동면,중상사고,0,1,1,0,차대차 - 측면직각충돌,안전운전불이행,건조,맑음,단일로 - 기타,승용,남,52세,상해없음,화물,남,76세,중상
2015051700100402,2015년 5월 17일 16시,일요일,울산광역시 남구 무거동,경상사고,0,0,1,0,차대차 - 기타,안전운전불이행,기타,맑음,단일로 - 기타,승용,여,28세,상해없음,이륜,남,17세,경상
2015051700100463,2015년 5월 17일 17시,일요일,울산광역시 중구 다운동,부상신고사고,0,0,0,1,차대차 - 기타,안전운전불이행,건조,맑음,교차로 - 교차로안,이륜,남,25세,부상신고,승용,여,53세,상해없음
2015051700100515,2015년 5월 17일 19시,일요일,울산광역시 북구 염포동,경상사고,0,0,3,0,차대차 - 측면직각충돌,안전운전불이행,건조,맑음,교차로 - 교차로부근,이륜,남,25세,경상,승용,남,26세,경상
2015051700100597,2015년 5월 17일 22시,일요일,울산광역시 울주군 범서읍,중상사고,0,1,0,0,차대사람 - 횡단중,보행자보호의무위반,건조,맑음,교차로 - 교차로부근,승용,남,59세,상해없음,보행자,여,56세,중상
2015051800100015,2015년 5월 18일 00시,월요일,울산광역시 남구 무거동,경상사고,0,0,1,0,차대차 - 기타,안전운전불이행,건조,맑음,교차로 - 교차로안,승용,남,49세,상해없음,자전거,남,22세,경상
2015051800100033,2015년 5월 18일 02시,월요일,울산광역시 남구 달동,중상사고,0,1,0,0,차대사람 - 횡단중,신호위반,건조,맑음,교차로 - 교차로부근,이륜,남,19세,상해없음,보행자,여,37세,중상
2015051800100050,2015년 5월 18일 05시,월요일,울산광역시 남구 달동,경상사고,0,0,1,0,차대차 - 측면직각충돌,직진우회전진행방해,건조,맑음,교차로 - 교차로안,승용,남,27세,상해없음,승용,남,65세,경상
2015051800100064,2015년 5월 18일 06시,월요일,울산광역시 울주군 온산읍,경상사고,0,0,1,2,차대차 - 추돌 - 주정차중,안전운전불이행,건조,맑음,단일로 - 기타,승용,남,47세,상해없음,승용,남,59세,부상신고
2015051800100065,2015년 5월 18일 06시,월요일,울산광역시 울주군 웅촌면,경상사고,0,0,1,0,차대차 - 추돌 - 진행중,안전운전불이행,건조,맑음,단일로 - 기타,건설기계,남,32세,상해없음,승용,여,49세,경상
2015051800100177,2015년 5월 18일 09시,월요일,울산광역시 중구 교동,중상사고,0,1,0,0,차대사람 - 횡단중,보행자보호의무위반,습기,비,단일로 - 횡단보도상,화물,남,65세,상해없음,보행자,여,74세,중상
2015051800100178,2015년 5월 18일 09시,월요일,울산광역시 북구 신천동,중상사고,0,1,0,0,차대사람 - 횡단중,안전운전불이행,건조,맑음,단일로 - 기타,승용,남,59세,상해없음,보행자,남,80세,중상
2015051800100208,2015년 5월 18일 10시,월요일,울산광역시 남구 신정동,중상사고,0,2,0,0,차대차 - 기타,안전운전불이행,건조,맑음,교차로 - 교차로안,승용,남,49세,상해없음,승용,남,60세,중상
2015051800100277,2015년 5월 18일 12시,월요일,울산광역시 중구 약사동,경상사고,0,0,1,0,차량단독 - 기타,안전운전불이행,습기,비,단일로 - 기타,화물,남,61세,경상,,,,
2015051800100340,2015년 5월 18일 14시,월요일,울산광역시 중구 약사동,경상사고,0,0,1,0,차대차 - 기타,신호위반,습기,비,단일로 - 기타,화물,남,59세,상해없음,이륜,남,24세,경상
2015051800100514,2015년 5월 18일 18시,월요일,울산광역시 북구 양정동,중상사고,0,1,0,0,차대차 - 측면직각충돌,불법유턴,습기,비,교차로 - 교차로안,승용,남,63세,상해없음,이륜,남,26세,중상
2015051800100515,2015년 5월 18일 18시,월요일,울산광역시 동구 방어동,경상사고,0,0,1,0,차대차 - 기타,안전운전불이행,습기,비,교차로 - 교차로안,승용,여,46세,상해없음,승용,여,39세,경상
2015051800100548,2015년 5월 18일 19시,월요일,울산광역시 중구 반구동,경상사고,0,0,1,0,차대차 - 추돌 - 주정차중,안전운전불이행,습기,비,단일로 - 기타,승용,남,33세,상해없음,승용,남,59세,상해없음
2015051900100038,2015년 5월 19일 01시,화요일,울산광역시 중구 학성동,경상사고,0,0,1,0,차대차 - 기타,신호위반,건조,맑음,교차로 - 교차로안,승용,여,46세,상해없음,승용,여,48세,경상
2015051900100039,2015년 5월 19일 01시,화요일,울산광역시 남구 신정동,경상사고,0,0,1,0,차대차 - 측면직각충돌,신호위반,건조,흐림,교차로 - 교차로안,승용,남,52세,상해없음,승용,남,36세,경상
2015051900100068,2015년 5월 19일 04시,화요일,울산광역시 중구 태화동,중상사고,0,1,0,0,차량단독 - 공작물충돌,안전운전불이행,건조,맑음,단일로 - 기타,이륜,남,23세,중상,,,,
2015051900100080,2015년 5월 19일 05시,화요일,울산광역시 울주군 범서읍,중상사고,0,1,0,0,차대차 - 측면직각충돌,신호위반,습기,비,교차로 - 교차로안,화물,남,55세,상해없음,승용,여,53세,중상
2015051900100090,2015년 5월 19일 06시,화요일,울산광역시 북구 연암동,중상사고,0,1,0,0,차대차 - 측면직각충돌,안전거리미확보,건조,맑음,교차로 - 교차로부근,승합,남,35세,상해없음,이륜,남,24세,중상
2015051900100091,2015년 5월 19일 06시,화요일,울산광역시 남구 무거동,경상사고,0,0,1,0,차대차 - 측면직각충돌,교차로운행방법위반,건조,맑음,교차로 - 교차로부근,승용,남,63세,상해없음,승합,남,34세,상해없음
2015051900100164,2015년 5월 19일 08시,화요일,울산광역시 중구 복산동,경상사고,0,0,2,0,차대사람 - 기타,신호위반,건조,맑음,교차로 - 교차로부근,승합,남,41세,상해없음,보행자,남,8세,경상
2015051900100165,2015년 5월 19일 08시,화요일,울산광역시 남구 삼산동,중상사고,0,1,0,0,차대차 - 측면직각충돌,안전운전불이행,건조,맑음,교차로 - 교차로안,화물,남,59세,상해없음,자전거,남,73세,중상
2015051900100166,2015년 5월 19일 08시,화요일,울산광역시 남구 신정동,경상사고,0,0,1,0,차대사람 - 횡단중,안전운전불이행,건조,맑음,교차로 - 교차로안,승용,기타불명,기타불명,기타불명,보행자,남,8세,경상
2015051900100258,2015년 5월 19일 11시,화요일,울산광역시 북구 진장동,경상사고,0,0,1,0,차대차 - 측면직각충돌,신호위반,건조,맑음,교차로 - 교차로안,승합,남,38세,상해없음,승용,남,28세,경상
2015051900100289,2015년 5월 19일 12시,화요일,울산광역시 동구 화정동,경상사고,0,0,2,0,차대차 - 기타,안전운전불이행,건조,맑음,교차로 - 교차로안,승용,기타불명,45세,기타불명,이륜,남,47세,경상
2015051900100319,2015년 5월 19일 13시,화요일,울산광역시 남구 매암동,중상사고,0,1,0,0,차대차 - 기타,안전운전불이행,건조,맑음,단일로 - 기타,특수,남,46세,중상,특수,남,58세,상해없음
2015051900100320,2015년 5월 19일 13시,화요일,울산광역시 동구 방어동,경상사고,0,0,1,0,차대차 - 기타,안전운전불이행,건조,맑음,단일로 - 기타,승용,남,30세,상해없음,승용,남,38세,경상
2015051900100508,2015년 5월 19일 18시,화요일,울산광역시 남구 옥동,경상사고,0,0,1,0,차대차 - 기타,안전운전불이행,건조,맑음,교차로 - 교차로부근,화물,남,67세,상해없음,승합,남,51세,경상
2015051900100603,2015년 5월 19일 21시,화요일,울산광역시 중구 학산동,중상사고,0,1,0,0,차대사람 - 기타,안전운전불이행,건조,맑음,단일로 - 기타,자전거,남,45세,상해없음,보행자,여,72세,중상
2015051900100630,2015년 5월 19일 22시,화요일,울산광역시 중구 우정동,경상사고,0,0,1,0,차대사람 - 횡단중,안전운전불이행,건조,맑음,교차로 - 교차로안,승용,남,78세,상해없음,보행자,여,16세,경상
2015051900100631,2015년 5월 19일 22시,화요일,울산광역시 남구 신정동,경상사고,0,0,1,0,차대차 - 기타,안전운전불이행,건조,맑음,단일로 - 기타,승용,남,65세,상해없음,승용,남,56세,경상
2015051900100652,2015년 5월 19일 23시,화요일,울산광역시 북구 연암동,경상사고,0,0,1,1,차대차 - 측면직각충돌,안전거리미확보,건조,맑음,단일로 - 기타,승용,여,42세,부상신고,화물,남,40세,경상
2015051900100653,2015년 5월 19일 23시,화요일,울산광역시 울주군 삼남면,경상사고,0,0,2,0,차대차 - 정면충돌,안전운전불이행,건조,맑음,단일로 - 기타,승용,남,46세,상해없음,승용,남,33세,경상
2015052000100017,2015년 5월 20일 00시,수요일,울산광역시 북구 연암동,경상사고,0,0,1,0,차대차 - 추돌 - 주정차중,안전운전불이행,건조,맑음,교차로 - 교차로부근,승용,남,37세,상해없음,승용,남,43세,경상
2015052000100171,2015년 5월 20일 08시,수요일,울산광역시 울주군 언양읍,사망사고,1,0,0,0,차대차 - 측면직각충돌,교차로운행방법위반,건조,맑음,교차로 - 교차로안,화물,남,53세,상해없음,자전거,남,11세,사망
2015052000100278,2015년 5월 20일 12시,수요일,울산광역시 남구 삼산동,경상사고,0,0,1,0,차대차 - 추돌 - 진행중,안전거리미확보,건조,맑음,교차로 - 교차로부근,화물,남,48세,상해없음,승용,남,65세,경상
2015052000100279,2015년 5월 20일 12시,수요일,울산광역시 울주군 언양읍,경상사고,0,0,1,0,차대사람 - 기타,교차로운행방법위반,건조,맑음,교차로 - 교차로부근,승용,남,70세,상해없음,보행자,여,40세,경상
2015052000100310,2015년 5월 20일 13시,수요일,울산광역시 중구 남외동,경상사고,0,0,1,0,차대차 - 기타,중앙선침범,건조,맑음,단일로 - 기타,자전거,남,68세,경상,승용,여,35세,상해없음
2015052000100345,2015년 5월 20일 14시,수요일,울산광역시 남구 신정동,경상사고,0,0,1,0,차대차 - 기타,안전운전불이행,건조,맑음,단일로 - 기타,승용,남,62세,상해없음,승용,여,56세,경상
2015052000100481,2015년 5월 20일 17시,수요일,울산광역시 남구 야음동,경상사고,0,0,1,0,차대차 - 추돌 - 주정차중,안전운전불이행,건조,맑음,단일로 - 기타,승용,남,55세,상해없음,화물,남,32세,경상
2015052000100482,2015년 5월 20일 17시,수요일,울산광역시 울주군 범서읍,중상사고,0,1,0,0,차대사람 - 차도통행중,안전운전불이행,건조,맑음,교차로 - 교차로부근,승용,남,49세,상해없음,보행자,여,69세,중상
2015052000100577,2015년 5월 20일 19시,수요일,울산광역시 중구 복산동,경상사고,0,0,2,0,차대사람 - 횡단중,신호위반,건조,맑음,교차로 - 교차로안,이륜,남,27세,경상,보행자,남,13세,경상
2015052000100578,2015년 5월 20일 19시,수요일,울산광역시 울주군 범서읍,부상신고사고,0,0,0,1,차대차 - 정면충돌,안전운전불이행,건조,맑음,단일로 - 기타,자전거,남,17세,부상신고,자전거,남,38세,상해없음
2015052000100646,2015년 5월 20일 21시,수요일,울산광역시 남구 신정동,경상사고,0,0,1,0,차대차 - 측면직각충돌,안전운전불이행,건조,맑음,단일로 - 기타,승용,남,51세,상해없음,승합,남,21세,경상
2015052000100673,2015년 5월 20일 22시,수요일,울산광역시 중구 반구동,중상사고,0,1,0,0,차대사람 - 기타,기타,건조,맑음,단일로 - 기타,승용,남,34세,상해없음,보행자,남,18세,중상
2015052100100039,2015년 5월 21일 01시,목요일,울산광역시 남구 달동,중상사고,0,1,0,0,차대사람 - 횡단중,안전운전불이행,건조,맑음,교차로 - 교차로안,승용,남,33세,상해없음,보행자,남,59세,중상
2015052100100045,2015년 5월 21일 02시,목요일,울산광역시 남구 무거동,경상사고,0,0,1,0,차대차 - 추돌 - 진행중,안전거리미확보,건조,맑음,단일로 - 기타,화물,남,44세,상해없음,승합,남,40세,경상
2015052100100046,2015년 5월 21일 02시,목요일,울산광역시 울주군 범서읍,경상사고,0,0,1,0,차대차 - 기타,안전운전불이행,건조,맑음,교차로 - 교차로안,승용,남,52세,기타불명,승용,남,43세,경상
2015052100100067,2015년 5월 21일 04시,목요일,울산광역시 북구 염포동,중상사고,0,1,0,0,차대차 - 정면충돌,중앙선침범,건조,맑음,단일로 - 기타,승용,여,46세,상해없음,이륜,남,38세,중상
2015052100100485,2015년 5월 21일 17시,목요일,울산광역시 북구 화봉동,경상사고,0,0,1,1,차대차 - 기타,직진우회전진행방해,건조,맑음,교차로 - 교차로안,승용,여,45세,부상신고,승용,남,29세,경상
2015052100100486,2015년 5월 21일 17시,목요일,울산광역시 중구 다운동,경상사고,0,0,1,0,차대사람 - 횡단중,신호위반,건조,맑음,단일로 - 횡단보도상,승용,남,55세,상해없음,보행자,남,21세,경상
2015052100100641,2015년 5월 21일 21시,목요일,울산광역시 남구 삼산동,경상사고,0,0,1,0,차대차 - 측면직각충돌,안전운전불이행,건조,맑음,교차로 - 교차로부근,승용,남,66세,상해없음,승용,남,28세,상해없음
2015052100100642,2015년 5월 21일 21시,목요일,울산광역시 동구 화정동,중상사고,0,2,1,0,차대차 - 기타,중앙선침범,건조,맑음,단일로 - 기타,승용,남,33세,상해없음,승용,남,26세,중상
2015052100100674,2015년 5월 21일 22시,목요일,울산광역시 동구 서부동,사망사고,1,0,0,0,차대사람 - 기타,안전운전불이행,건조,맑음,단일로 - 기타,승용,남,45세,상해없음,보행자,남,51세,사망
2015052200100077,2015년 5월 22일 05시,금요일,울산광역시 남구 신정동,중상사고,0,1,0,0,차대차 - 측면직각충돌,불법유턴,건조,맑음,교차로 - 교차로부근,자전거,남,49세,중상,승용,남,50세,상해없음
2015052200100093,2015년 5월 22일 06시,금요일,울산광역시 울주군 온산읍,부상신고사고,0,0,0,1,차대사람 - 횡단중,안전운전불이행,건조,맑음,단일로 - 기타,승용,여,46세,상해없음,보행자,남,75세,부상신고
2015052200100125,2015년 5월 22일 07시,금요일,울산광역시 중구 약사동,경상사고,0,0,1,0,차대사람 - 길가장자리구역통행중,안전운전불이행,건조,맑음,단일로 - 기타,기타불명,기타불명,기타불명,기타불명,보행자,남,13세,경상
2015052200100126,2015년 5월 22일 07시,금요일,울산광역시 중구 남외동,경상사고,0,0,1,0,차대차 - 측면직각충돌,안전운전불이행,건조,맑음,교차로 - 교차로부근,화물,남,61세,상해없음,승합,남,50세,상해없음
2015052200100127,2015년 5월 22일 07시,금요일,울산광역시 울주군 온산읍,경상사고,0,0,1,0,차대차 - 측면직각충돌,안전운전불이행,건조,맑음,교차로 - 교차로안,승용,여,27세,상해없음,자전거,남,61세,경상
2015052200100180,2015년 5월 22일 08시,금요일,울산광역시 남구 달동,중상사고,0,1,1,0,차대차 - 측면직각충돌,안전거리미확보,건조,맑음,교차로 - 교차로부근,화물,남,63세,경상,승용,남,31세,중상
2015052200100248,2015년 5월 22일 10시,금요일,울산광역시 남구 무거동,중상사고,0,1,0,0,차대차 - 측면직각충돌,안전운전불이행,건조,맑음,단일로 - 기타,승용,남,70세,기타불명,승용,남,31세,중상
2015052200100282,2015년 5월 22일 11시,금요일,울산광역시 동구 화정동,중상사고,0,1,0,0,차대차 - 기타,안전운전불이행,건조,맑음,교차로 - 교차로안,승합,여,37세,상해없음,이륜,여,54세,중상
2015052200100283,2015년 5월 22일 11시,금요일,울산광역시 울주군 웅촌면,경상사고,0,0,1,0,차대차 - 측면직각충돌,신호위반,건조,맑음,교차로 - 교차로안,승용,여,52세,상해없음,승용,남,47세,경상
2015052200100519,2015년 5월 22일 17시,금요일,울산광역시 남구 삼산동,중상사고,0,1,0,0,차대차 - 측면직각충돌,직진우회전진행방해,건조,맑음,교차로 - 교차로안,승합,남,44세,상해없음,이륜,남,40세,중상
2015052200100520,2015년 5월 22일 17시,금요일,울산광역시 남구 달동,경상사고,0,0,1,0,차대차 - 기타,기타,건조,맑음,단일로 - 기타,승용,남,60세,상해없음,자전거,남,31세,경상
2015052200100650,2015년 5월 22일 20시,금요일,울산광역시 울주군 범서읍,경상사고,0,0,1,0,차대사람 - 기타,안전운전불이행,건조,맑음,교차로 - 교차로안,승용,여,52세,상해없음,보행자,남,7세,경상
2015052200100689,2015년 5월 22일 21시,금요일,울산광역시 중구 태화동,중상사고,0,1,0,0,차대사람 - 기타,안전운전불이행,건조,맑음,교차로 - 교차로안,기타불명,기타불명,기타불명,기타불명,보행자,남,40세,중상
2015052200100690,2015년 5월 22일 21시,금요일,울산광역시 남구 달동,경상사고,0,0,1,0,차대차 - 기타,신호위반,건조,맑음,교차로 - 교차로안,이륜,남,41세,상해없음,이륜,남,18세,경상
2015052200100725,2015년 5월 22일 22시,금요일,울산광역시 북구 효문동,중상사고,0,1,0,0,차대차 - 추돌 - 진행중,안전운전불이행,건조,맑음,단일로 - 기타,승용,남,18세,상해없음,이륜,남,52세,중상
2015052300100024,2015년 5월 23일 00시,토요일,울산광역시 남구 신정동,사망사고,1,0,0,0,차대사람 - 횡단중,안전운전불이행,건조,맑음,교차로 - 교차로안,승용,남,46세,상해없음,보행자,남,39세,사망
2015052300100038,2015년 5월 23일 01시,토요일,울산광역시 동구 전하동,경상사고,0,0,2,0,차대차 - 기타,직진우회전진행방해,건조,맑음,단일로 - 기타,승용,남,72세,상해없음,이륜,남,17세,경상
2015052300100095,2015년 5월 23일 04시,토요일,울산광역시 중구 반구동,부상신고사고,0,0,0,1,차량단독 - 전도전복,안전운전불이행,기타,기타,단일로 - 기타,자전거,남,42세,부상신고,,,,
2015052300100129,2015년 5월 23일 06시,토요일,울산광역시 동구 전하동,경상사고,0,0,1,0,차대차 - 측면직각충돌,안전운전불이행,건조,맑음,단일로 - 기타,승용,남,31세,상해없음,승용,남,50세,경상
2015052300100198,2015년 5월 23일 09시,토요일,울산광역시 중구 남외동,경상사고,0,0,1,0,차대차 - 기타,안전운전불이행,건조,맑음,단일로 - 기타,승용,남,50세,상해없음,자전거,남,34세,경상
2015052300100199,2015년 5월 23일 09시,토요일,울산광역시 울주군 웅촌면,경상사고,0,0,3,0,차대차 - 추돌 - 주정차중,안전운전불이행,건조,맑음,단일로 - 기타,승용,여,53세,상해없음,승용,여,40세,경상
2015052300100363,2015년 5월 23일 13시,토요일,울산광역시 중구 성남동,경상사고,0,0,1,0,차대사람 - 기타,안전운전불이행,건조,맑음,단일로 - 기타,승용,남,37세,상해없음,보행자,남,18세,경상
2015052300100364,2015년 5월 23일 13시,토요일,울산광역시 동구 서부동,중상사고,0,3,9,0,차대차 - 기타,안전운전불이행,건조,맑음,단일로 - 기타,승합,남,49세,상해없음,승합,남,52세,상해없음
2015052300100395,2015년 5월 23일 14시,토요일,울산광역시 남구 삼산동,중상사고,0,1,0,0,차대차 - 측면직각충돌,기타,건조,맑음,단일로 - 기타,승용,남,57세,상해없음,화물,남,44세,중상
2015052300100433,2015년 5월 23일 15시,토요일,울산광역시 울주군 언양읍,중상사고,0,1,0,0,차대차 - 정면충돌,중앙선침범,건조,맑음,단일로 - 기타,화물,남,54세,상해없음,이륜,남,45세,중상
2015052300100594,2015년 5월 23일 19시,토요일,울산광역시 남구 신정동,경상사고,0,0,1,0,차량단독 - 기타,기타,건조,맑음,교차로 - 교차로안,승합,남,56세,상해없음,,,,
2015052300100595,2015년 5월 23일 19시,토요일,울산광역시 남구 야음동,경상사고,0,0,1,0,차대차 - 측면직각충돌,교차로운행방법위반,건조,맑음,교차로 - 교차로안,화물,남,67세,상해없음,승용,남,34세,경상
2015052300100650,2015년 5월 23일 21시,토요일,울산광역시 북구 산하동,경상사고,0,0,6,0,차대차 - 측면직각충돌,신호위반,건조,맑음,교차로 - 교차로안,승용,여,25세,상해없음,승용,여,36세,경상
2015052300100679,2015년 5월 23일 22시,토요일,울산광역시 북구 진장동,중상사고,0,1,1,0,차대차 - 측면직각충돌,안전거리미확보,건조,맑음,단일로 - 기타,승용,남,56세,상해없음,이륜,남,16세,경상
2015052300100680,2015년 5월 23일 22시,토요일,울산광역시 남구 무거동,중상사고,0,1,0,0,차대차 - 기타,안전운전불이행,건조,맑음,단일로 - 기타,승용,남,32세,상해없음,승용,남,31세,상해없음
2015052300100681,2015년 5월 23일 22시,토요일,울산광역시 남구 무거동,경상사고,0,0,1,0,차대사람 - 기타,안전운전불이행,건조,맑음,교차로 - 교차로부근,승용,기타불명,기타불명,기타불명,보행자,여,37세,경상