사고번호,사고일시,요일,시군구,사고내용,사망자수,중상자수,경상자수,부상신고자수,사고유형,법규위반,노면상태,기상상태,도로형태,가해운전자 차종,가해운전자 성별,가해운전자 연령,가해운전자 상해정도,피해운전자 차종,피해운전자 성별,피해운전자 연령,피해운전자 상해정도
2015052300100707,2015년 5월 23일 23시,토요일,울산광역시 울주군 온산읍,경상사고,0,0,1,0,차대사람 - 길가장자리구역통행중,안전운전불이행,건조,맑음,단일로 - 기타,이륜,남,40세,상해없음,보행자,남,45세,경상
2015052400100033,2015년 5월 24일 01시,일요일,울산광역시 남구 선암동,경상사고,0,0,1,0,차대차 - 추돌 - 진행중,안전운전불이행,건조,맑음,교차로 - 교차로부근,승용,남,25세,상해없음,승용,남,22세,경상
2015052400100034,2015년 5월 24일 01시,일요일,울산광역시 동구 일산동,경상사고,0,0,1,0,차대차 - 측면직각충돌,교차로운행방법위반,건조,맑음,교차로 - 교차로안,승용,남,22세,상해없음,승용,남,62세,경상
2015052400100047,2015년 5월 24일 02시,일요일,울산광역시 중구 남외동,경상사고,0,0,2,0,차량단독 - 기타,안전운전불이행,건조,맑음,단일로 - 기타,승용,남,51세,상해없음,,,,
2015052400100048,2015년 5월 24일 02시,일요일,울산광역시 남구 달동,경상사고,0,0,1,0,차대사람 - 길가장자리구역통행중,안전운전불이행,건조,맑음,교차로 - 교차로부근,승용,남,48세,상해없음,보행자,남,35세,경상
2015052400100084,2015년 5월 24일 04시,일요일,울산광역시 남구 달동,경상사고,0,0,1,0,차대차 - 측면직각충돌,안전운전불이행,건조,맑음,교차로 - 교차로안,승용,남,45세,상해없음,승용,남,70세,경상
2015052400100125,2015년 5월 24일 07시,일요일,울산광역시 남구 야음동,경상사고,0,0,1,0,차대차 - 추돌 - 진행중,과속,건조,맑음,단일로 - 기타,승용,남,57세,상해없음,승용,여,28세,경상
2015052400100176,2015년 5월 24일 09시,일요일,울산광역시 남구 옥동,경상사고,0,0,2,0,차대차 - 추돌 - 주정차중,안전운전불이행,건조,맑음,단일로 - 기타,승용,남,66세,상해없음,승용,여,43세,경상
2015052400100249,2015년 5월 24일 12시,일요일,울산광역시 남구 옥동,경상사고,0,0,2,0,차대차 - 측면직각충돌,교차로운행방법위반,건조,맑음,교차로 - 교차로안,승용,여,45세,경상,승용,남,44세,경상
2015052400100274,2015년 5월 24일 13시,일요일,울산광역시 울주군 웅촌면,경상사고,0,0,1,1,차대차 - 추돌 - 진행중,안전거리미확보,건조,맑음,단일로 - 기타,승용,여,29세,상해없음,승용,남,35세,상해없음
2015052400100542,2015년 5월 24일 21시,일요일,울산광역시 남구 달동,중상사고,0,1,0,0,차대사람 - 횡단중,안전운전불이행,건조,맑음,교차로 - 교차로부근,승용,기타불명,기타불명,기타불명,보행자,여,18세,중상
2015052400100559,2015년 5월 24일 22시,일요일,울산광역시 동구 서부동,경상사고,0,0,2,0,차대차 - 측면직각충돌,안전거리미확보,건조,맑음,단일로 - 기타,이륜,남,18세,상해없음,이륜,남,16세,경상
2015052500100030,2015년 5월 25일 01시,월요일,울산광역시 남구 달동,경상사고,0,0,2,0,차대차 - 측면직각충돌,교차로운행방법위반,건조,맑음,교차로 - 교차로안,승용,남,63세,상해없음,승용,남,54세,경상
2015052500100077,2015년 5월 25일 05시,월요일,울산광역시 중구 학성동,부상신고사고,0,0,0,1,차대차 - 측면직각충돌,직진우회전진행방해,건조,맑음,교차로 - 교차로안,이륜,남,44세,부상신고,승용,남,25세,상해없음
2015052500100137,2015년 5월 25일 08시,월요일,울산광역시 울주군 온산읍,경상사고,0,0,2,0,차대차 - 측면직각충돌,안전운전불이행,건조,맑음,단일로 - 기타,승용,남,48세,경상,승용,남,51세,경상
2015052500100191,2015년 5월 25일 10시,월요일,울산광역시 울주군 온산읍,경상사고,0,0,3,0,차대차 - 기타,안전운전불이행,건조,맑음,단일로 - 기타,승용,남,49세,상해없음,승용,여,50세,경상
2015052500100243,2015년 5월 25일 12시,월요일,울산광역시 남구 무거동,경상사고,0,0,2,0,차대차 - 추돌 - 진행중,안전운전불이행,건조,맑음,교차로 - 교차로부근,화물,여,58세,상해없음,승용,남,32세,경상
2015052500100316,2015년 5월 25일 14시,월요일,울산광역시 중구 반구동,경상사고,0,0,1,0,차대차 - 측면직각충돌,안전운전불이행,건조,맑음,교차로 - 교차로안,자전거,남,15세,경상,승용,여,62세,상해없음
2015052500100317,2015년 5월 25일 14시,월요일,울산광역시 울주군 언양읍,경상사고,0,0,1,0,차대차 - 추돌 - 진행중,안전운전불이행,건조,맑음,단일로 - 기타,이륜,남,51세,상해없음,자전거,남,48세,경상
2015052500100318,2015년 5월 25일 14시,월요일,울산광역시 울주군 웅촌면,중상사고,0,1,0,0,차량단독 - 도로외이탈 - 기타,안전운전불이행,건조,맑음,단일로 - 기타,승용,남,61세,상해없음,,,,
2015052500100362,2015년 5월 25일 15시,월요일,울산광역시 울주군 상북면,경상사고,0,0,1,1,차량단독 - 전도전복,안전운전불이행,건조,맑음,단일로 - 기타,화물,남,55세,상해없음,,,,
2015052500100445,2015년 5월 25일 17시,월요일,울산광역시 북구 화봉동,경상사고,0,0,4,0,차대차 - 추돌 - 진행중,안전거리미확보,건조,맑음,단일로 - 기타,승용,남,56세,상해없음,화물,여,31세,경상
2015052500100446,2015년 5월 25일 17시,월요일,울산광역시 울주군 온산읍,중상사고,0,1,1,0,차대차 - 측면직각충돌,안전거리미확보,건조,맑음,단일로 - 기타,승용,남,59세,중상,승합,남,43세,경상
2015052500100496,2015년 5월 25일 19시,월요일,울산광역시 중구 태화동,경상사고,0,0,2,0,차대차 - 기타,안전거리미확보,건조,맑음,단일로 - 기타,승용,남,47세,상해없음,승용,남,35세,경상
2015052500100522,2015년 5월 25일 20시,월요일,울산광역시 동구 방어동,경상사고,0,0,1,0,차대사람 - 기타,안전운전불이행,건조,맑음,단일로 - 기타,기타불명,기타불명,기타불명,기타불명,보행자,남,49세,경상
2015052500100553,2015년 5월 25일 21시,월요일,울산광역시 울주군 온산읍,중상사고,0,1,0,0,차대차 - 추돌 - 진행중,안전운전불이행,건조,흐림,단일로 - 기타,승용,남,52세,상해없음,승용,남,42세,중상
2015052600100069,2015년 5월 26일 06시,화요일,울산광역시 중구 학산동,부상신고사고,0,0,0,1,차대차 - 기타,직진우회전진행방해,건조,맑음,교차로 - 교차로안,이륜,남,56세,부상신고,승합,여,56세,상해없음
2015052600100105,2015년 5월 26일 07시,화요일,울산광역시 울주군 범서읍,경상사고,0,0,3,0,차대차 - 추돌 - 진행중,안전거리미확보,건조,맑음,단일로 - 기타,승합,남,44세,상해없음,승용,남,57세,경상
2015052600100144,2015년 5월 26일 08시,화요일,울산광역시 북구 신천동,중상사고,0,1,0,0,차대사람 - 기타,안전운전불이행,건조,맑음,교차로 - 교차로부근,승용,여,48세,상해없음,보행자,여,62세,중상
2015052600100183,2015년 5월 26일 09시,화요일,울산광역시 남구 달동,경상사고,0,0,1,0,차대차 - 기타,안전운전불이행,건조,맑음,단일로 - 기타,승용,남,64세,상해없음,승합,남,49세,상해없음
2015052600100220,2015년 5월 26일 10시,화요일,울산광역시 남구 신정동,경상사고,0,0,1,1,차대차 - 측면직각충돌,교차로운행방법위반,건조,맑음,교차로 - 교차로안,승용,남,55세,부상신고,화물,남,26세,경상
2015052600100368,2015년 5월 26일 14시,화요일,울산광역시 울주군 범서읍,중상사고,0,1,0,0,차량단독 - 전도전복,안전운전불이행,건조,맑음,교차로 - 교차로안,농기계,남,81세,중상,,,,
2015052600100515,2015년 5월 26일 17시,화요일,울산광역시 중구 반구동,경상사고,0,0,1,0,차대사람 - 기타,안전운전불이행,건조,맑음,단일로 - 기타,승합,남,52세,상해없음,보행자,여,52세,경상
2015052600100659,2015년 5월 26일 20시,화요일,울산광역시 남구 달동,경상사고,0,0,1,0,차대차 - 측면직각충돌,교차로운행방법위반,건조,맑음,교차로 - 교차로안,승용,기타불명,기타불명,기타불명,자전거,남,53세,경상
2015052600100727,2015년 5월 26일 23시,화요일,울산광역시 남구 달동,경상사고,0,0,1,0,차대차 - 추돌 - 주정차중,안전거리미확보,건조,맑음,교차로 - 교차로부근,승용,여,35세,상해없음,승용,남,26세,경상
2015052700100026,2015년 5월 27일 01시,수요일,울산광역시 남구 삼산동,경상사고,0,0,1,0,차대차 - 추돌 - 주정차중,안전운전불이행,건조,맑음,교차로 - 교차로부근,승용,여,53세,상해없음,승용,남,33세,경상
2015052700100049,2015년 5월 27일 03시,수요일,울산광역시 남구 신정동,경상사고,0,0,2,0,차대차 - 측면직각충돌,직진우회전진행방해,건조,맑음,교차로 - 교차로부근,승용,남,51세,상해없음,화물,남,55세,경상
2015052700100079,2015년 5월 27일 06시,수요일,울산광역시 울주군 범서읍,경상사고,0,0,1,0,차대차 - 추돌 - 진행중,안전운전불이행,건조,맑음,단일로 - 기타,농기계,남,55세,기타불명,승용,여,36세,경상
2015052700100107,2015년 5월 27일 07시,수요일,울산광역시 동구 방어동,경상사고,0,0,1,0,차대차 - 정면충돌,교차로운행방법위반,건조,맑음,교차로 - 교차로안,승용,여,29세,상해없음,이륜,남,31세,경상
2015052700100108,2015년 5월 27일 07시,수요일,울산광역시 동구 동부동,경상사고,0,0,1,0,차대차 - 기타,안전운전불이행,건조,맑음,단일로 - 기타,이륜,남,23세,상해없음,이륜,남,24세,경상
2015052700100154,2015년 5월 27일 08시,수요일,울산광역시 중구 태화동,경상사고,0,0,1,0,차대차 - 추돌 - 진행중,안전거리미확보,건조,맑음,교차로 - 교차로부근,승용,남,47세,상해없음,승용,여,46세,경상
2015052700100155,2015년 5월 27일 08시,수요일,울산광역시 북구 진장동,경상사고,0,0,1,0,차대차 - 기타,직진우회전진행방해,건조,맑음,교차로 - 교차로안,화물,남,60세,경상,승용,남,26세,상해없음
2015052700100156,2015년 5월 27일 08시,수요일,울산광역시 울주군 언양읍,부상신고사고,0,0,0,1,차대차 - 측면직각충돌,안전운전불이행,건조,맑음,단일로 - 기타,자전거,남,79세,부상신고,승용,남,61세,상해없음
2015052700100212,2015년 5월 27일 10시,수요일,울산광역시 중구 남외동,경상사고,0,0,1,1,차대차 - 기타,신호위반,건조,맑음,교차로 - 교차로안,승용,남,27세,부상신고,승용,여,48세,경상
2015052700100213,2015년 5월 27일 10시,수요일,울산광역시 남구 신정동,경상사고,0,0,1,0,차량단독 - 기타,기타,건조,맑음,단일로 - 기타,승합,남,46세,상해없음,,,,
2015052700100240,2015년 5월 27일 11시,수요일,울산광역시 북구 진장동,중상사고,0,2,0,0,차대차 - 측면직각충돌,신호위반,건조,맑음,교차로 - 교차로안,승용,여,31세,중상,승용,남,54세,중상
2015052700100394,2015년 5월 27일 15시,수요일,울산광역시 중구 옥교동,경상사고,0,0,1,0,차대차 - 기타,안전운전불이행,건조,맑음,교차로 - 교차로부근,승용,남,52세,상해없음,승용,남,37세,경상
2015052700100395,2015년 5월 27일 15시,수요일,울산광역시 남구 부곡동,중상사고,0,1,0,0,차대차 - 기타,중앙선침범,기타,맑음,교차로 - 교차로부근,이륜,남,49세,중상,화물,남,44세,상해없음
2015052700100396,2015년 5월 27일 15시,수요일,울산광역시 남구 두왕동,부상신고사고,0,0,0,1,차대차 - 추돌 - 주정차중,안전운전불이행,건조,맑음,단일로 - 기타,승용,남,72세,상해없음,화물,남,42세,부상신고
2015052700100436,2015년 5월 27일 16시,수요일,울산광역시 울주군 범서읍,중상사고,0,1,0,0,차대사람 - 횡단중,보행자보호의무위반,건조,맑음,단일로 - 횡단보도상,승용,남,71세,상해없음,보행자,여,6세,중상
2015052700100491,2015년 5월 27일 17시,수요일,울산광역시 동구 일산동,중상사고,0,1,0,0,차대차 - 기타,신호위반,건조,맑음,교차로 - 교차로안,이륜,남,21세,상해없음,이륜,남,20세,중상
2015052700100543,2015년 5월 27일 18시,수요일,울산광역시 남구 신정동,경상사고,0,0,3,0,차대차 - 기타,직진우회전진행방해,건조,맑음,교차로 - 교차로안,승용,남,29세,경상,승용,남,48세,경상
2015052700100573,2015년 5월 27일 19시,수요일,울산광역시 남구 장생포동,중상사고,0,1,0,0,차대사람 - 기타,안전운전불이행,건조,맑음,단일로 - 기타,승용,여,34세,상해없음,보행자,여,83세,중상
2015052700100665,2015년 5월 27일 22시,수요일,울산광역시 남구 삼산동,중상사고,0,1,0,0,차대차 - 추돌 - 주정차중,안전운전불이행,건조,맑음,단일로 - 기타,승용,여,21세,상해없음,이륜,남,39세,중상
2015052800100065,2015년 5월 28일 06시,목요일,울산광역시 울주군 온산읍,경상사고,0,0,1,0,차대차 - 추돌 - 진행중,안전거리미확보,건조,맑음,단일로 - 기타,화물,남,46세,상해없음,승용,남,55세,경상
2015052800100183,2015년 5월 28일 09시,목요일,울산광역시 중구 복산동,경상사고,0,0,1,0,차대사람 - 횡단중,안전운전불이행,건조,맑음,단일로 - 기타,승용,남,52세,상해없음,보행자,여,4세,경상
2015052800100206,2015년 5월 28일 10시,목요일,울산광역시 중구 우정동,경상사고,0,0,2,0,차대차 - 측면직각충돌,직진우회전진행방해,건조,맑음,교차로 - 교차로안,화물,남,65세,경상,승용,남,58세,경상
2015052800100233,2015년 5월 28일 11시,목요일,울산광역시 중구 약사동,중상사고,0,1,0,0,차대차 - 추돌 - 주정차중,안전거리미확보,건조,맑음,단일로 - 기타,화물,남,42세,상해없음,승용,남,59세,중상
2015052800100234,2015년 5월 28일 11시,목요일,울산광역시 울주군 온양읍,경상사고,0,0,1,0,차대차 - 기타,교차로운행방법위반,건조,맑음,교차로 - 교차로안,승용,여,41세,상해없음,자전거,여,62세,경상
2015052800100302,2015년 5월 28일 13시,목요일,울산광역시 중구 태화동,중상사고,0,1,0,0,차대사람 - 기타,중앙선침범,건조,맑음,단일로 - 기타,승용,남,65세,상해없음,보행자,여,58세,중상
2015052800100303,2015년 5월 28일 13시,목요일,울산광역시 북구 신천동,경상사고,0,0,2,0,차대차 - 측면직각충돌,직진우회전진행방해,건조,맑음,교차로 - 교차로안,승용,남,61세,상해없음,자전거,남,15세,경상
2015052800100304,2015년 5월 28일 13시,목요일,울산광역시 동구 방어동,경상사고,0,0,4,0,차대차 - 측면직각충돌,직진우회전진행방해,건조,맑음,교차로 - 교차로안,승용,여,61세,경상,승용,여,52세,경상
2015052800100342,2015년 5월 28일 14시,목요일,울산광역시 남구 황성동,경상사고,0,0,1,0,차대차 - 기타,중앙선침범,건조,맑음,단일로 - 기타,승용,남,46세,상해없음,승합,남,42세,경상
2015052800100379,2015년 5월 28일 15시,목요일,울산광역시 남구 삼산동,중상사고,0,1,0,0,차대사람 - 기타,안전운전불이행,건조,맑음,교차로 - 교차로부근,승합,남,43세,상해없음,보행자,여,63세,중상
2015052800100380,2015년 5월 28일 15시,목요일,울산광역시 동구 서부동,경상사고,0,0,1,0,차대사람 - 기타,안전운전불이행,건조,맑음,단일로 - 기타,원동기,남,62세,상해없음,보행자,여,29세,경상
2015052800100539,2015년 5월 28일 19시,목요일,울산광역시 울주군 온산읍,경상사고,0,0,1,0,차대차 - 측면직각충돌,교차로운행방법위반,건조,맑음,교차로 - 교차로안,승용,남,37세,상해없음,이륜,남,14세,경상
2015052900100029,2015년 5월 29일 00시,금요일,울산광역시 남구 야음동,중상사고,0,1,0,0,차대사람 - 차도통행중,안전운전불이행,건조,맑음,교차로 - 교차로안,승용,남,32세,상해없음,보행자,남,53세,중상
2015052900100095,2015년 5월 29일 06시,금요일,울산광역시 울주군 온양읍,중상사고,0,1,0,0,차대차 - 측면직각충돌,안전운전불이행,건조,맑음,단일로 - 기타,승용,남,55세,상해없음,이륜,남,29세,중상
2015052900100119,2015년 5월 29일 07시,금요일,울산광역시 북구 연암동,경상사고,0,0,1,0,차대차 - 측면직각충돌,안전운전불이행,건조,맑음,교차로 - 교차로부근,승용,여,47세,상해없음,자전거,여,46세,경상
2015052900100240,2015년 5월 29일 10시,금요일,울산광역시 북구 명촌동,경상사고,0,0,2,0,차대차 - 측면직각충돌,중앙선침범,건조,맑음,단일로 - 기타,승용,남,45세,상해없음,승용,남,52세,경상
2015052900100335,2015년 5월 29일 13시,금요일,울산광역시 남구 달동,중상사고,0,1,1,0,차대차 - 측면직각충돌,신호위반,건조,맑음,교차로 - 교차로안,승용,남,59세,상해없음,승용,남,33세,중상
2015052900100406,2015년 5월 29일 15시,금요일,울산광역시 중구 북정동,중상사고,0,1,0,0,차대차 - 측면직각충돌,교차로운행방법위반,건조,맑음,교차로 - 교차로부근,승용,남,53세,상해없음,승용,남,26세,중상
2015052900100434,2015년 5월 29일 16시,금요일,울산광역시 남구 두왕동,경상사고,0,0,1,0,차대차 - 측면직각충돌,안전거리미확보,건조,맑음,단일로 - 기타,화물,남,49세,상해없음,승용,남,65세,경상
2015052900100435,2015년 5월 29일 16시,금요일,울산광역시 남구 신정동,경상사고,0,0,1,0,차대차 - 측면직각충돌,안전운전불이행,건조,맑음,단일로 - 기타,원동기,남,71세,상해없음,자전거,남,17세,경상
2015052900100515,2015년 5월 29일 18시,금요일,울산광역시 남구 옥동,경상사고,0,0,2,0,차대사람 - 횡단중,안전운전불이행,건조,맑음,교차로 - 교차로부근,승용,여,48세,상해없음,보행자,여,8세,경상
2015052900100551,2015년 5월 29일 19시,금요일,울산광역시 울주군 온산읍,경상사고,0,0,1,0,차대차 - 추돌 - 진행중,차로위반,건조,맑음,단일로 - 기타,이륜,남,50세,경상,승용,남,36세,상해없음
2015052900100593,2015년 5월 29일 20시,금요일,울산광역시 북구 상안동,중상사고,0,1,0,0,차대사람 - 횡단중,보행자보호의무위반,건조,맑음,단일로 - 기타,이륜,남,19세,상해없음,보행자,남,10세,중상
2015052900100594,2015년 5월 29일 20시,금요일,울산광역시 북구 달천동,부상신고사고,0,0,0,1,차대차 - 기타,안전운전불이행,건조,맑음,단일로 - 기타,자전거,남,14세,부상신고,승합,남,71세,기타불명
2015052900100692,2015년 5월 29일 23시,금요일,울산광역시 남구 달동,경상사고,0,0,1,0,차대사람 - 기타,안전운전불이행,건조,맑음,교차로 - 교차로부근,승용,남,46세,상해없음,보행자,남,43세,경상
2015053000100056,2015년 5월 30일 01시,토요일,울산광역시 중구 장현동,중상사고,0,1,1,0,차대차 - 정면충돌,중앙선침범,습기,비,단일로 - 기타,승용,남,34세,상해없음,승용,남,56세,중상
2015053000100074,2015년 5월 30일 02시,토요일,울산광역시 북구 상안동,경상사고,0,0,1,0,차대차 - 기타,안전거리미확보,건조,맑음,단일로 - 기타,승용,남,29세,상해없음,승용,남,28세,경상
2015053000100088,2015년 5월 30일 03시,토요일,울산광역시 북구 연암동,사망사고,1,0,0,0,차대차 - 추돌 - 진행중,과속,건조,흐림,단일로 - 기타,화물,남,22세,상해없음,자전거,남,17세,사망
2015053000100089,2015년 5월 30일 03시,토요일,울산광역시 중구 우정동,경상사고,0,0,6,0,차대차 - 기타,신호위반,건조,맑음,교차로 - 교차로안,승용,남,28세,상해없음,승용,남,59세,경상
2015053000100090,2015년 5월 30일 03시,토요일,울산광역시 남구 삼산동,경상사고,0,0,1,0,차대차 - 기타,안전운전불이행,건조,맑음,교차로 - 교차로부근,이륜,남,21세,상해없음,승용,남,26세,경상
2015053000100112,2015년 5월 30일 04시,토요일,울산광역시 울주군 온산읍,사망사고,1,0,0,0,차대차 - 추돌 - 진행중,안전운전불이행,습기,비,교차로 - 교차로안,승용,남,29세,사망,화물,남,52세,상해없음
2015053000100181,2015년 5월 30일 08시,토요일,울산광역시 남구 매암동,경상사고,0,0,1,0,차대차 - 추돌 - 주정차중,안전운전불이행,건조,맑음,교차로 - 교차로부근,승용,남,52세,상해없음,승용,남,28세,경상
2015053000100182,2015년 5월 30일 08시,토요일,울산광역시 남구 신정동,경상사고,0,0,1,0,차대사람 - 보도통행중,기타,건조,맑음,단일로 - 기타,이륜,남,29세,상해없음,보행자,남,62세,경상
2015053000100243,2015년 5월 30일 10시,토요일,울산광역시 중구 태화동,경상사고,0,0,1,0,차대사람 - 기타,안전운전불이행,건조,맑음,단일로 - 기타,승용,여,55세,상해없음,보행자,여,44세,경상
2015053000100244,2015년 5월 30일 10시,토요일,울산광역시 울주군 온양읍,중상사고,0,1,0,1,차대차 - 측면직각충돌,안전운전불이행,건조,맑음,단일로 - 기타,승용,남,41세,부상신고,승용,남,46세,중상
2015053000100245,2015년 5월 30일 10시,토요일,울산광역시 울주군 온양읍,중상사고,0,2,0,0,차대차 - 측면직각충돌,교차로운행방법위반,건조,맑음,교차로 - 교차로안,승용,여,49세,상해없음,승용,여,19세,중상
2015053000100272,2015년 5월 30일 11시,토요일,울산광역시 북구 중산동,경상사고,0,0,3,0,차대차 - 추돌 - 주정차중,안전운전불이행,건조,맑음,단일로 - 기타,승용,여,49세,경상,승용,여,42세,경상
2015053000100371,2015년 5월 30일 13시,토요일,울산광역시 중구 다운동,경상사고,0,0,1,0,차대차 - 기타,기타,건조,맑음,단일로 - 기타,건설기계,남,28세,상해없음,승용,남,67세,경상
2015053000100402,2015년 5월 30일 14시,토요일,울산광역시 북구 매곡동,경상사고,0,0,1,0,차대차 - 측면직각충돌,안전운전불이행,건조,흐림,단일로 - 기타,자전거,남,8세,경상,승용,남,26세,상해없음
2015053000100448,2015년 5월 30일 15시,토요일,울산광역시 남구 삼산동,중상사고,0,1,0,0,차대차 - 측면직각충돌,신호위반,건조,맑음,교차로 - 교차로안,이륜,남,25세,중상,승용,여,39세,상해없음
2015053000100474,2015년 5월 30일 16시,토요일,울산광역시 북구 화봉동,경상사고,0,0,1,0,차대차 - 추돌 - 주정차중,안전운전불이행,건조,맑음,단일로 - 기타,화물,남,18세,경상,화물,남,38세,기타불명
2015053000100499,2015년 5월 30일 17시,토요일,울산광역시 남구 달동,경상사고,0,0,1,0,차대차 - 측면직각충돌,직진우회전진행방해,건조,맑음,교차로 - 교차로안,승용,남,28세,상해없음,자전거,남,66세,경상
2015053000100571,2015년 5월 30일 19시,토요일,울산광역시 동구 서부동,경상사고,0,0,1,0,차대차 - 기타,안전운전불이행,건조,맑음,단일로 - 기타,승용,남,45세,상해없음,승용,남,23세,경상
2015053000100649,2015년 5월 30일 21시,토요일,울산광역시 북구 매곡동,중상사고,0,1,0,0,차대차 - 측면직각충돌,신호위반,건조,맑음,교차로 - 교차로안,이륜,남,18세,중상,승용,남,36세,상해없음
2015053000100650,2015년 5월 30일 21시,토요일,울산광역시 남구 달동,중상사고,0,1,0,0,차량단독 - 기타,안전운전불이행,건조,맑음,단일로 - 기타,승합,남,62세,상해없음,,,,
2015053000100651,2015년 5월 30일 21시,토요일,울산광역시 울주군 언양읍,부상신고사고,0,0,0,1,차대차 - 기타,중앙선침범,건조,맑음,단일로 - 횡단보도상,원동기,남,16세,상해없음,승용,남,46세,상해없음
2015053000100674,2015년 5월 30일 22시,토요일,울산광역시 남구 달동,경상사고,0,0,3,0,차대차 - 측면직각충돌,안전운전불이행,건조,맑음,교차로 - 교차로안,승용,남,59세,상해없음,승용,남,20세,경상
2015053000100675,2015년 5월 30일 22시,토요일,울산광역시 남구 여천동,경상사고,0,0,1,0,차대차 - 측면직각충돌,신호위반,건조,맑음,교차로 - 교차로안,화물,남,63세,상해없음,승용,남,49세,경상
2015053000100676,2015년 5월 30일 22시,토요일,울산광역시 북구 염포동,중상사고,0,1,0,0,차대차 - 기타,안전거리미확보,습기,비,단일로 - 기타,승용,남,24세,상해없음,승용,남,56세,중상
2015053000100677,2015년 5월 30일 22시,토요일,울산광역시 울주군 범서읍,중상사고,0,1,1,0,차대차 - 추돌 - 주정차중,신호위반,건조,맑음,교차로 - 교차로부근,승용,남,56세,상해없음,이륜,남,27세,중상
2015053100100030,2015년 5월 31일 01시,일요일,울산광역시 동구 방어동,경상사고,0,0,1,0,차대차 - 정면충돌,중앙선침범,건조,맑음,교차로 - 교차로부근,이륜,남,26세,상해없음,승용,남,54세,경상
2015053100100063,2015년 5월 31일 03시,일요일,울산광역시 남구 삼산동,중상사고,0,1,0,0,차량단독 - 기타,안전운전불이행,건조,맑음,단일로 - 교량,이륜,남,21세,상해없음,,,,
2015053100100105,2015년 5월 31일 07시,일요일,울산광역시 북구 연암동,경상사고,0,0,1,1,차대차 - 추돌 - 진행중,안전운전불이행,건조,맑음,단일로 - 기타,승용,남,39세,부상신고,건설기계,남,40세,경상
2015053100100125,2015년 5월 31일 08시,일요일,울산광역시 남구 신정동,경상사고,0,0,2,0,차대차 - 추돌 - 진행중,안전거리미확보,건조,맑음,단일로 - 기타,승용,남,60세,상해없음,승용,여,22세,경상
2015053100100185,2015년 5월 31일 11시,일요일,울산광역시 동구 동부동,중상사고,0,8,1,0,차대차 - 정면충돌,중앙선침범,건조,맑음,단일로 - 기타,승용,남,22세,상해없음,승용,여,38세,중상
2015053100100216,2015년 5월 31일 12시,일요일,울산광역시 남구 신정동,경상사고,0,0,1,0,차대차 - 기타,안전운전불이행,건조,맑음,단일로 - 횡단보도부근,승용,남,30세,상해없음,자전거,남,59세,경상
2015053100100294,2015년 5월 31일 14시,일요일,울산광역시 남구 매암동,중상사고,0,1,0,0,차대사람 - 기타,안전운전불이행,건조,맑음,단일로 - 교량,이륜,기타불명,기타불명,기타불명,보행자,남,47세,중상
2015053100100433,2015년 5월 31일 18시,일요일,울산광역시 중구 유곡동,경상사고,0,0,1,0,차량단독 - 전도전복,안전운전불이행,건조,맑음,단일로 - 기타,승용,여,31세,경상,,,,
2015053100100434,2015년 5월 31일 18시,일요일,울산광역시 남구 신정동,경상사고,0,0,1,0,차량단독 - 기타,안전운전불이행,건조,맑음,단일로 - 기타,승합,남,46세,상해없음,,,,
2015053100100463,2015년 5월 31일 19시,일요일,울산광역시 남구 신정동,경상사고,0,0,2,0,차대차 - 정면충돌,안전운전불이행,건조,맑음,단일로 - 기타,승용,남,53세,상해없음,승용,남,54세,경상
2015053100100484,2015년 5월 31일 20시,일요일,울산광역시 남구 무거동,중상사고,0,1,0,0,차대차 - 측면직각충돌,신호위반,건조,맑음,교차로 - 교차로안,승용,남,25세,상해없음,승용,남,46세,중상
2015053100100521,2015년 5월 31일 21시,일요일,울산광역시 중구 남외동,중상사고,0,1,0,0,차대차 - 정면충돌,중앙선침범,건조,맑음,교차로 - 교차로부근,자전거,남,46세,중상,승용,남,46세,상해없음
2015053100100522,2015년 5월 31일 21시,일요일,울산광역시 남구 무거동,경상사고,0,0,1,0,차대차 - 기타,신호위반,기타,기타,교차로 - 교차로안,승용,여,70세,상해없음,승용,여,24세,경상
2015053100100523,2015년 5월 31일 21시,일요일,울산광역시 울주군 온산읍,경상사고,0,0,1,1,차대차 - 추돌 - 진행중,안전운전불이행,건조,맑음,교차로 - 교차로부근,승용,남,59세,상해없음,승용,남,34세,부상신고
2015053100100547,2015년 5월 31일 22시,일요일,울산광역시 남구 달동,중상사고,0,1,2,0,차대차 - 추돌 - 주정차중,안전운전불이행,건조,맑음,교차로 - 교차로부근,승용,남,52세,상해없음,승용,남,36세,경상
2015060100100002,2015년 6월 1일 00시,월요일,울산광역시 울주군 언양읍,경상사고,0,0,1,0,차대차 - 기타,안전운전불이행,건조,맑음,단일로 - 기타,승용,남,55세,상해없음,승용,남,62세,상해없음
2015060100100012,2015년 6월 1일 00시,월요일,울산광역시 울주군 온산읍,중상사고,0,1,0,0,차대사람 - 기타,안전운전불이행,건조,맑음,교차로 - 교차로안,승용,남,37세,상해없음,보행자,남,62세,중상
2015060100100048,2015년 6월 1일 05시,월요일,울산광역시 중구 북정동,중상사고,0,1,0,0,차대차 - 측면직각충돌,직진우회전진행방해,건조,맑음,교차로 - 교차로안,이륜,남,65세,상해없음,자전거,남,74세,중상