사고번호,사고일시,요일,시군구,사고내용,사망자수,중상자수,경상자수,부상신고자수,사고유형,법규위반,노면상태,기상상태,도로형태,가해운전자 차종,가해운전자 성별,가해운전자 연령,가해운전자 상해정도,피해운전자 차종,피해운전자 성별,피해운전자 연령,피해운전자 상해정도
2015060900100040,2015년 6월 9일 02시,화요일,울산광역시 남구 달동,경상사고,0,0,1,0,차대차 - 기타,안전운전불이행,건조,맑음,교차로 - 교차로부근,승용,여,28세,상해없음,승용,남,49세,상해없음
2015060900100069,2015년 6월 9일 06시,화요일,울산광역시 울주군 청량면,중상사고,0,1,0,0,차대차 - 정면충돌,중앙선침범,습기,흐림,교차로 - 교차로안,승용,남,37세,상해없음,승용,남,47세,중상
2015060900100096,2015년 6월 9일 07시,화요일,울산광역시 울주군 서생면,경상사고,0,0,1,0,차대차 - 측면직각충돌,중앙선침범,건조,맑음,단일로 - 기타,승용,남,24세,상해없음,승용,남,46세,경상
2015060900100155,2015년 6월 9일 09시,화요일,울산광역시 북구 신천동,경상사고,0,0,1,0,차대사람 - 기타,안전운전불이행,건조,맑음,교차로 - 교차로안,특수,남,40세,상해없음,보행자,여,59세,경상
2015060900100204,2015년 6월 9일 11시,화요일,울산광역시 북구 진장동,경상사고,0,0,1,0,차대차 - 추돌 - 주정차중,안전거리미확보,건조,맑음,단일로 - 기타,승용,남,51세,상해없음,승용,여,48세,경상
2015060900100321,2015년 6월 9일 15시,화요일,울산광역시 울주군 삼남면,중상사고,0,1,0,0,차대차 - 측면직각충돌,교차로운행방법위반,건조,맑음,교차로 - 교차로안,승용,여,41세,상해없음,이륜,여,60세,중상
2015060900100395,2015년 6월 9일 17시,화요일,울산광역시 중구 복산동,경상사고,0,0,1,0,차대차 - 추돌 - 진행중,안전운전불이행,건조,맑음,교차로 - 교차로안,화물,남,56세,상해없음,승용,여,41세,경상
2015060900100440,2015년 6월 9일 18시,화요일,울산광역시 동구 전하동,경상사고,0,0,2,0,차대차 - 기타,신호위반,건조,맑음,교차로 - 교차로안,이륜,남,22세,상해없음,승용,남,33세,경상
2015060900100459,2015년 6월 9일 19시,화요일,울산광역시 남구 신정동,경상사고,0,0,4,1,차대차 - 추돌 - 진행중,안전운전불이행,건조,맑음,단일로 - 기타,승용,여,58세,부상신고,승용,여,58세,경상
2015060900100480,2015년 6월 9일 20시,화요일,울산광역시 중구 태화동,경상사고,0,0,1,0,차대차 - 기타,안전운전불이행,건조,맑음,단일로 - 기타,승용,여,51세,상해없음,자전거,남,25세,경상
2015060900100504,2015년 6월 9일 21시,화요일,울산광역시 북구 천곡동,중상사고,0,1,0,0,차대차 - 측면직각충돌,교차로운행방법위반,건조,맑음,교차로 - 교차로안,승용,여,48세,상해없음,자전거,남,13세,중상
2015060900100505,2015년 6월 9일 21시,화요일,울산광역시 울주군 온산읍,경상사고,0,0,3,2,차대차 - 추돌 - 진행중,안전거리미확보,건조,맑음,단일로 - 기타,승용,남,58세,기타불명,승용,남,56세,상해없음
2015060900100540,2015년 6월 9일 22시,화요일,울산광역시 중구 남외동,부상신고사고,0,0,0,1,차량단독 - 전도전복,안전운전불이행,건조,맑음,단일로 - 기타,이륜,남,33세,부상신고,,,,
2015060900100541,2015년 6월 9일 22시,화요일,울산광역시 남구 신정동,경상사고,0,0,1,0,차대사람 - 횡단중,안전운전불이행,건조,맑음,교차로 - 교차로부근,승용,남,35세,상해없음,보행자,여,57세,경상
2015060900100542,2015년 6월 9일 22시,화요일,울산광역시 울주군 온산읍,경상사고,0,0,1,0,차대사람 - 기타,안전운전불이행,건조,맑음,단일로 - 기타,승용,남,33세,상해없음,보행자,남,19세,경상
2015061000100019,2015년 6월 10일 00시,수요일,울산광역시 중구 학성동,중상사고,0,1,0,0,차대사람 - 횡단중,안전운전불이행,건조,맑음,단일로 - 기타,승용,남,57세,상해없음,보행자,여,43세,중상
2015061000100048,2015년 6월 10일 03시,수요일,울산광역시 남구 달동,경상사고,0,0,1,0,차대차 - 추돌 - 주정차중,안전운전불이행,건조,맑음,교차로 - 교차로부근,승용,남,30세,상해없음,승용,남,33세,경상
2015061000100063,2015년 6월 10일 05시,수요일,울산광역시 중구 반구동,경상사고,0,0,1,0,차대차 - 기타,안전운전불이행,건조,맑음,단일로 - 기타,화물,남,51세,상해없음,자전거,남,56세,경상
2015061000100142,2015년 6월 10일 08시,수요일,울산광역시 남구 달동,중상사고,0,1,1,0,차대차 - 기타,직진우회전진행방해,건조,맑음,교차로 - 교차로안,승용,남,58세,상해없음,이륜,남,49세,중상
2015061000100177,2015년 6월 10일 09시,수요일,울산광역시 남구 삼산동,중상사고,0,2,1,0,차대차 - 추돌 - 주정차중,안전운전불이행,건조,맑음,교차로 - 교차로부근,화물,남,44세,상해없음,화물,남,52세,경상
2015061000100207,2015년 6월 10일 10시,수요일,울산광역시 남구 신정동,경상사고,0,0,2,0,차대차 - 기타,직진우회전진행방해,건조,맑음,교차로 - 교차로안,승용,여,54세,상해없음,승용,남,22세,경상
2015061000100239,2015년 6월 10일 11시,수요일,울산광역시 남구 무거동,경상사고,0,0,1,0,차대차 - 추돌 - 주정차중,안전운전불이행,건조,맑음,교차로 - 교차로안,이륜,남,18세,경상,승용,남,31세,상해없음
2015061000100259,2015년 6월 10일 12시,수요일,울산광역시 중구 성남동,경상사고,0,0,1,0,차대사람 - 횡단중,보행자보호의무위반,건조,맑음,단일로 - 횡단보도상,화물,남,19세,상해없음,보행자,남,61세,경상
2015061000100260,2015년 6월 10일 12시,수요일,울산광역시 동구 방어동,경상사고,0,0,1,0,차대차 - 기타,기타,건조,맑음,단일로 - 기타,승용,남,53세,상해없음,자전거,남,28세,경상
2015061000100425,2015년 6월 10일 17시,수요일,울산광역시 울주군 서생면,중상사고,0,1,0,0,차대차 - 기타,중앙선침범,건조,맑음,단일로 - 기타,승용,남,50세,상해없음,승용,남,34세,중상
2015061000100471,2015년 6월 10일 18시,수요일,울산광역시 남구 신정동,중상사고,0,1,0,0,차대사람 - 횡단중,안전운전불이행,건조,맑음,단일로 - 기타,승용,남,64세,상해없음,보행자,남,64세,중상
2015061000100472,2015년 6월 10일 18시,수요일,울산광역시 동구 방어동,경상사고,0,0,4,0,차대차 - 추돌 - 진행중,안전운전불이행,건조,맑음,단일로 - 기타,승용,남,24세,상해없음,승용,여,48세,경상
2015061000100616,2015년 6월 10일 23시,수요일,울산광역시 울주군 범서읍,경상사고,0,0,1,0,차대사람 - 차도통행중,안전운전불이행,건조,맑음,단일로 - 기타,승용,남,62세,상해없음,보행자,남,42세,경상
2015061000100617,2015년 6월 10일 23시,수요일,울산광역시 울주군 언양읍,중상사고,0,1,0,0,차대사람 - 횡단중,신호위반,건조,맑음,교차로 - 교차로안,승용,남,54세,상해없음,보행자,남,59세,중상
2015061100100019,2015년 6월 11일 00시,목요일,울산광역시 남구 삼산동,중상사고,0,1,0,0,차대사람 - 기타,안전운전불이행,건조,맑음,단일로 - 기타,승용,남,49세,상해없음,보행자,남,26세,중상
2015061100100020,2015년 6월 11일 00시,목요일,울산광역시 남구 옥동,중상사고,0,1,0,0,차대차 - 측면직각충돌,안전운전불이행,건조,맑음,단일로 - 기타,승용,남,54세,상해없음,자전거,남,18세,중상
2015061100100036,2015년 6월 11일 01시,목요일,울산광역시 남구 야음동,경상사고,0,0,1,0,차대차 - 기타,안전운전불이행,건조,맑음,교차로 - 교차로부근,이륜,남,31세,경상,승용,남,39세,상해없음
2015061100100047,2015년 6월 11일 02시,목요일,울산광역시 남구 신정동,경상사고,0,0,2,0,차대차 - 추돌 - 주정차중,안전운전불이행,건조,맑음,교차로 - 교차로부근,승용,여,43세,상해없음,승용,남,35세,경상
2015061100100048,2015년 6월 11일 02시,목요일,울산광역시 남구 삼산동,경상사고,0,0,1,0,차대사람 - 길가장자리구역통행중,안전운전불이행,건조,맑음,교차로 - 교차로부근,승용,기타불명,기타불명,기타불명,보행자,남,55세,경상
2015061100100062,2015년 6월 11일 03시,목요일,울산광역시 북구 화봉동,중상사고,0,1,2,0,차대차 - 추돌 - 진행중,안전운전불이행,건조,맑음,교차로 - 교차로안,승용,남,34세,상해없음,승용,남,62세,경상
2015061100100063,2015년 6월 11일 03시,목요일,울산광역시 울주군 온산읍,부상신고사고,0,0,0,1,차대차 - 추돌 - 주정차중,안전운전불이행,건조,맑음,단일로 - 기타,승용,남,40세,부상신고,승용,남,54세,기타불명
2015061100100092,2015년 6월 11일 06시,목요일,울산광역시 남구 선암동,중상사고,0,1,0,0,차대사람 - 횡단중,신호위반,건조,맑음,교차로 - 교차로부근,승용,남,55세,상해없음,보행자,여,22세,중상
2015061100100093,2015년 6월 11일 06시,목요일,울산광역시 울주군 온산읍,경상사고,0,0,1,0,차대차 - 추돌 - 진행중,안전운전불이행,건조,맑음,교차로 - 교차로부근,승용,남,61세,상해없음,승용,남,39세,경상
2015061100100239,2015년 6월 11일 11시,목요일,울산광역시 울주군 온산읍,경상사고,0,0,1,0,차대차 - 측면직각충돌,안전거리미확보,건조,맑음,교차로 - 교차로부근,이륜,남,31세,상해없음,승용,남,46세,상해없음
2015061100100240,2015년 6월 11일 11시,목요일,울산광역시 울주군 범서읍,경상사고,0,0,1,0,차대차 - 측면직각충돌,신호위반,건조,맑음,교차로 - 교차로안,승용,여,43세,경상,승용,남,30세,상해없음
2015061100100290,2015년 6월 11일 13시,목요일,울산광역시 중구 반구동,중상사고,0,1,0,0,차대차 - 기타,안전운전불이행,건조,맑음,단일로 - 기타,승용,여,42세,상해없음,이륜,남,69세,중상
2015061100100291,2015년 6월 11일 13시,목요일,울산광역시 남구 무거동,중상사고,0,1,1,0,차대차 - 기타,안전운전불이행,건조,맑음,교차로 - 교차로안,승합,남,55세,경상,화물,남,36세,중상
2015061100100292,2015년 6월 11일 13시,목요일,울산광역시 울주군 범서읍,경상사고,0,0,1,0,차대사람 - 차도통행중,보행자보호의무위반,습기,비,교차로 - 교차로안,승용,여,37세,상해없음,보행자,남,7세,경상
2015061100100351,2015년 6월 11일 15시,목요일,울산광역시 중구 성남동,경상사고,0,0,1,0,차대사람 - 기타,안전운전불이행,건조,맑음,교차로 - 교차로부근,승용,남,60세,상해없음,보행자,남,24세,경상
2015061100100385,2015년 6월 11일 16시,목요일,울산광역시 울주군 범서읍,경상사고,0,0,1,0,차대차 - 정면충돌,중앙선침범,습기,비,단일로 - 기타,승용,남,24세,상해없음,승용,여,48세,경상
2015061100100413,2015년 6월 11일 17시,목요일,울산광역시 북구 상안동,경상사고,0,0,1,0,차대차 - 추돌 - 진행중,안전거리미확보,건조,맑음,단일로 - 기타,승용,남,25세,상해없음,승용,여,39세,경상
2015061100100414,2015년 6월 11일 17시,목요일,울산광역시 북구 연암동,경상사고,0,0,1,0,차대차 - 추돌 - 진행중,안전운전불이행,건조,맑음,단일로 - 기타,승용,남,35세,기타불명,승용,남,32세,경상
2015061100100446,2015년 6월 11일 18시,목요일,울산광역시 중구 교동,중상사고,0,9,1,0,차량단독 - 도로외이탈 - 추락,안전운전불이행,건조,맑음,단일로 - 기타,승합,남,70세,상해없음,,,,
2015061100100520,2015년 6월 11일 20시,목요일,울산광역시 남구 달동,경상사고,0,0,1,0,차대차 - 기타,안전운전불이행,건조,맑음,교차로 - 교차로부근,승용,여,42세,상해없음,자전거,남,61세,경상
2015061100100635,2015년 6월 11일 23시,목요일,울산광역시 중구 반구동,경상사고,0,0,1,0,차대차 - 추돌 - 주정차중,안전운전불이행,건조,맑음,단일로 - 기타,승용,남,33세,상해없음,승용,남,64세,경상
2015061100100636,2015년 6월 11일 23시,목요일,울산광역시 남구 달동,경상사고,0,0,1,0,차대차 - 추돌 - 주정차중,안전운전불이행,건조,맑음,교차로 - 교차로부근,승용,남,40세,상해없음,승용,남,52세,경상
2015061200100048,2015년 6월 12일 02시,금요일,울산광역시 남구 신정동,중상사고,0,1,0,0,차대사람 - 기타,안전운전불이행,건조,맑음,단일로 - 기타,승용,남,47세,상해없음,보행자,남,49세,중상
2015061200100065,2015년 6월 12일 04시,금요일,울산광역시 중구 학성동,경상사고,0,0,1,0,차대차 - 기타,안전운전불이행,건조,맑음,교차로 - 교차로부근,원동기,남,22세,경상,승용,남,66세,상해없음
2015061200100095,2015년 6월 12일 06시,금요일,울산광역시 울주군 청량면,경상사고,0,0,1,0,차대차 - 측면직각충돌,안전거리미확보,건조,맑음,단일로 - 기타,화물,남,48세,상해없음,승용,남,56세,경상
2015061200100117,2015년 6월 12일 07시,금요일,울산광역시 울주군 온산읍,중상사고,0,1,0,0,차량단독 - 공작물충돌,안전운전불이행,건조,맑음,단일로 - 기타,승용,남,52세,중상,,,,
2015061200100241,2015년 6월 12일 12시,금요일,울산광역시 북구 연암동,경상사고,0,0,1,0,차대차 - 측면직각충돌,중앙선침범,건조,맑음,단일로 - 기타,승용,남,63세,상해없음,이륜,남,20세,경상
2015061200100270,2015년 6월 12일 13시,금요일,울산광역시 울주군 범서읍,중상사고,0,1,0,0,차대사람 - 횡단중,신호위반,건조,맑음,단일로 - 횡단보도부근,승용,여,39세,상해없음,보행자,여,9세,중상
2015061200100329,2015년 6월 12일 15시,금요일,울산광역시 중구 성안동,중상사고,0,1,0,0,차대차 - 기타,안전운전불이행,건조,맑음,교차로 - 교차로안,승용,여,40세,상해없음,승용,여,45세,중상
2015061200100368,2015년 6월 12일 16시,금요일,울산광역시 동구 방어동,경상사고,0,0,2,0,차대차 - 기타,교차로운행방법위반,건조,맑음,기타 - 기타,승용,남,34세,상해없음,승용,남,41세,경상
2015061200100417,2015년 6월 12일 17시,금요일,울산광역시 중구 성안동,경상사고,0,0,1,0,차대차 - 추돌 - 주정차중,안전운전불이행,건조,맑음,단일로 - 기타,승용,남,52세,상해없음,승용,여,35세,경상
2015061200100491,2015년 6월 12일 19시,금요일,울산광역시 중구 남외동,경상사고,0,0,1,0,차대차 - 기타,기타,건조,맑음,단일로 - 기타,승용,남,71세,상해없음,자전거,남,61세,경상
2015061200100492,2015년 6월 12일 19시,금요일,울산광역시 동구 일산동,경상사고,0,0,1,0,차대차 - 측면직각충돌,신호위반,건조,맑음,교차로 - 교차로안,이륜,남,51세,상해없음,이륜,남,27세,경상
2015061200100535,2015년 6월 12일 20시,금요일,울산광역시 북구 염포동,경상사고,0,0,1,0,차대사람 - 기타,안전운전불이행,건조,흐림,교차로 - 교차로부근,승합,남,78세,상해없음,보행자,남,56세,경상
2015061200100567,2015년 6월 12일 21시,금요일,울산광역시 동구 전하동,경상사고,0,0,3,0,차대차 - 추돌 - 진행중,안전거리미확보,건조,맑음,단일로 - 기타,승용,남,46세,상해없음,승용,남,29세,경상
2015061300100028,2015년 6월 13일 00시,토요일,울산광역시 북구 신천동,경상사고,0,0,1,0,차대차 - 추돌 - 진행중,안전거리미확보,건조,맑음,교차로 - 교차로부근,승용,여,35세,상해없음,승용,남,25세,상해없음
2015061300100083,2015년 6월 13일 02시,토요일,울산광역시 북구 염포동,경상사고,0,0,2,0,차대차 - 정면충돌,중앙선침범,건조,맑음,미분류 - 미분류,승용,남,28세,상해없음,승합,남,32세,경상
2015061300100096,2015년 6월 13일 03시,토요일,울산광역시 남구 삼산동,경상사고,0,0,2,0,차대차 - 기타,안전운전불이행,건조,맑음,교차로 - 교차로안,승용,남,43세,경상,승용,남,61세,경상
2015061300100135,2015년 6월 13일 06시,토요일,울산광역시 남구 삼산동,경상사고,0,0,1,0,차대차 - 기타,안전운전불이행,건조,맑음,단일로 - 기타,승용,남,38세,상해없음,승용,여,54세,상해없음
2015061300100136,2015년 6월 13일 06시,토요일,울산광역시 울주군 온산읍,중상사고,0,2,0,0,차대차 - 측면직각충돌,신호위반,건조,맑음,교차로 - 교차로안,승용,남,50세,중상,승용,남,58세,중상
2015061300100167,2015년 6월 13일 08시,토요일,울산광역시 울주군 온산읍,사망사고,1,1,0,0,차량단독 - 공작물충돌,안전운전불이행,건조,맑음,단일로 - 기타,승용,여,21세,사망,,,,
2015061300100168,2015년 6월 13일 08시,토요일,울산광역시 울주군 온산읍,경상사고,0,0,1,0,차대차 - 추돌 - 진행중,안전거리미확보,건조,맑음,교차로 - 교차로부근,기타불명,기타불명,기타불명,기타불명,건설기계,남,48세,경상
2015061300100310,2015년 6월 13일 13시,토요일,울산광역시 울주군 청량면,중상사고,0,1,0,0,차대차 - 추돌 - 진행중,안전운전불이행,건조,맑음,단일로 - 기타,승용,남,71세,상해없음,화물,남,48세,중상
2015061300100339,2015년 6월 13일 14시,토요일,울산광역시 북구 창평동,경상사고,0,0,1,0,차대차 - 추돌 - 진행중,안전운전불이행,건조,흐림,단일로 - 기타,이륜,남,21세,경상,화물,남,43세,상해없음
2015061300100375,2015년 6월 13일 15시,토요일,울산광역시 남구 신정동,경상사고,0,0,1,0,차대사람 - 횡단중,안전운전불이행,건조,맑음,단일로 - 기타,자전거,남,22세,상해없음,보행자,여,56세,경상
2015061300100415,2015년 6월 13일 16시,토요일,울산광역시 중구 반구동,경상사고,0,0,1,0,차대차 - 기타,중앙선침범,건조,맑음,단일로 - 기타,승용,남,36세,상해없음,이륜,남,17세,경상
2015061300100463,2015년 6월 13일 17시,토요일,울산광역시 남구 신정동,중상사고,0,1,0,0,차대차 - 기타,안전운전불이행,건조,맑음,단일로 - 기타,승용,남,53세,상해없음,이륜,남,39세,중상
2015061300100533,2015년 6월 13일 19시,토요일,울산광역시 남구 무거동,중상사고,0,1,0,0,차대차 - 측면직각충돌,교차로운행방법위반,건조,맑음,교차로 - 교차로안,승용,남,27세,상해없음,이륜,남,48세,중상
2015061300100534,2015년 6월 13일 19시,토요일,울산광역시 동구 화정동,경상사고,0,0,1,0,차대차 - 측면직각충돌,안전운전불이행,건조,맑음,교차로 - 교차로안,이륜,남,17세,경상,승용,남,34세,상해없음
2015061300100595,2015년 6월 13일 21시,토요일,울산광역시 북구 정자동,중상사고,0,2,0,0,차대사람 - 차도통행중,안전운전불이행,건조,맑음,단일로 - 기타,승용,남,26세,상해없음,보행자,여,55세,중상
2015061300100632,2015년 6월 13일 22시,토요일,울산광역시 북구 염포동,중상사고,0,1,0,0,차대차 - 기타,안전운전불이행,건조,맑음,단일로 - 기타,승용,남,37세,상해없음,승합,남,55세,중상
2015061300100668,2015년 6월 13일 23시,토요일,울산광역시 북구 명촌동,경상사고,0,0,1,0,차대차 - 추돌 - 주정차중,안전운전불이행,건조,맑음,단일로 - 기타,승용,여,25세,상해없음,승용,여,61세,경상
2015061300100669,2015년 6월 13일 23시,토요일,울산광역시 남구 여천동,경상사고,0,0,1,0,차대차 - 측면직각충돌,신호위반,건조,맑음,교차로 - 교차로안,승용,여,43세,상해없음,승합,남,29세,경상
2015061400100024,2015년 6월 14일 00시,일요일,울산광역시 동구 동부동,중상사고,0,2,1,0,차량단독 - 공작물충돌,안전운전불이행,건조,맑음,단일로 - 기타,승용,남,18세,상해없음,,,,
2015061400100048,2015년 6월 14일 01시,일요일,울산광역시 남구 삼산동,경상사고,0,0,1,0,차대사람 - 기타,안전운전불이행,건조,맑음,단일로 - 기타,자전거,남,34세,상해없음,보행자,남,40세,경상
2015061400100078,2015년 6월 14일 03시,일요일,울산광역시 동구 방어동,사망사고,1,0,0,0,차량단독 - 기타,안전운전불이행,건조,맑음,기타 - 기타,이륜,남,15세,사망,,,,
2015061400100192,2015년 6월 14일 10시,일요일,울산광역시 북구 염포동,경상사고,0,0,1,0,차대차 - 기타,안전운전불이행,건조,맑음,교차로 - 교차로부근,승용,남,37세,상해없음,승용,여,54세,경상
2015061400100263,2015년 6월 14일 13시,일요일,울산광역시 남구 여천동,중상사고,0,1,0,0,차대차 - 측면직각충돌,신호위반,건조,맑음,교차로 - 교차로안,이륜,남,33세,중상,화물,남,59세,상해없음
2015061400100287,2015년 6월 14일 14시,일요일,울산광역시 중구 반구동,경상사고,0,0,1,0,차대차 - 기타,교차로운행방법위반,건조,맑음,교차로 - 교차로안,화물,남,48세,기타불명,승용,남,32세,경상
2015061400100315,2015년 6월 14일 15시,일요일,울산광역시 북구 연암동,경상사고,0,0,1,0,차대차 - 기타,중앙선침범,건조,맑음,단일로 - 기타,기타불명,기타불명,기타불명,기타불명,승용,여,40세,경상
2015061400100378,2015년 6월 14일 17시,일요일,울산광역시 울주군 언양읍,경상사고,0,0,3,0,차대차 - 추돌 - 진행중,중앙선침범,건조,맑음,단일로 - 기타,승용,남,72세,상해없음,승용,남,43세,경상
2015061400100440,2015년 6월 14일 19시,일요일,울산광역시 남구 무거동,중상사고,0,1,0,0,차대차 - 측면직각충돌,안전거리미확보,건조,맑음,단일로 - 기타,승용,남,27세,상해없음,이륜,남,18세,중상
2015061500100142,2015년 6월 15일 08시,월요일,울산광역시 울주군 범서읍,경상사고,0,0,1,0,차대차 - 정면충돌,중앙선침범,건조,맑음,교차로 - 교차로안,자전거,남,22세,경상,승용,남,37세,상해없음
2015061500100223,2015년 6월 15일 11시,월요일,울산광역시 북구 연암동,중상사고,0,1,0,1,차량단독 - 기타,안전거리미확보,건조,맑음,단일로 - 기타,승합,남,50세,상해없음,,,,
2015061500100337,2015년 6월 15일 15시,월요일,울산광역시 남구 무거동,경상사고,0,0,2,0,차대차 - 기타,안전거리미확보,건조,맑음,단일로 - 기타,승용,남,44세,상해없음,승합,남,41세,경상
2015061500100366,2015년 6월 15일 16시,월요일,울산광역시 울주군 언양읍,중상사고,0,1,1,2,차대차 - 추돌 - 진행중,안전운전불이행,건조,맑음,단일로 - 기타,승용,남,21세,부상신고,승용,남,57세,중상
2015061500100400,2015년 6월 15일 17시,월요일,울산광역시 중구 약사동,경상사고,0,0,1,0,차대차 - 기타,안전운전불이행,건조,맑음,교차로 - 교차로안,승용,남,31세,상해없음,승용,남,59세,상해없음
2015061500100432,2015년 6월 15일 18시,월요일,울산광역시 남구 달동,경상사고,0,0,1,0,차대차 - 기타,안전운전불이행,건조,흐림,교차로 - 교차로부근,승용,여,30세,상해없음,승용,남,45세,경상
2015061500100454,2015년 6월 15일 19시,월요일,울산광역시 울주군 청량면,경상사고,0,0,2,0,차대차 - 측면직각충돌,안전거리미확보,건조,맑음,단일로 - 기타,화물,남,43세,상해없음,화물,남,49세,경상
2015061500100537,2015년 6월 15일 21시,월요일,울산광역시 북구 명촌동,경상사고,0,0,1,0,차대차 - 측면직각충돌,교차로운행방법위반,건조,맑음,교차로 - 교차로안,승용,여,42세,경상,승용,남,37세,상해없음
2015061500100582,2015년 6월 15일 23시,월요일,울산광역시 북구 천곡동,경상사고,0,0,2,2,차대차 - 기타,신호위반,건조,맑음,교차로 - 교차로안,승용,남,23세,상해없음,승용,남,62세,경상
2015061500100583,2015년 6월 15일 23시,월요일,울산광역시 북구 염포동,중상사고,0,1,0,0,차량단독 - 전도전복,안전운전불이행,건조,맑음,교차로 - 교차로부근,이륜,남,16세,중상,,,,
2015061600100021,2015년 6월 16일 00시,화요일,울산광역시 동구 전하동,경상사고,0,0,1,0,차대차 - 기타,교차로운행방법위반,건조,맑음,교차로 - 교차로안,이륜,남,32세,상해없음,이륜,남,17세,경상
2015061600100032,2015년 6월 16일 01시,화요일,울산광역시 남구 무거동,경상사고,0,0,1,0,차대차 - 기타,안전운전불이행,건조,맑음,단일로 - 기타,승용,여,48세,상해없음,승용,남,31세,기타불명
2015061600100099,2015년 6월 16일 07시,화요일,울산광역시 북구 염포동,경상사고,0,0,1,0,차대차 - 기타,불법유턴,건조,맑음,단일로 - 기타,승용,남,33세,상해없음,이륜,남,46세,경상
2015061600100128,2015년 6월 16일 08시,화요일,울산광역시 남구 달동,경상사고,0,0,1,0,차대사람 - 기타,안전운전불이행,건조,맑음,단일로 - 기타,승용,여,45세,상해없음,보행자,남,63세,경상
2015061600100150,2015년 6월 16일 09시,화요일,울산광역시 남구 무거동,경상사고,0,0,1,0,차대차 - 추돌 - 진행중,안전운전불이행,건조,맑음,교차로 - 교차로부근,화물,남,53세,경상,화물,남,24세,상해없음
2015061600100176,2015년 6월 16일 10시,화요일,울산광역시 중구 태화동,경상사고,0,0,4,1,차대차 - 추돌 - 진행중,안전거리미확보,건조,맑음,단일로 - 기타,승용,남,77세,부상신고,승용,남,43세,경상
2015061600100208,2015년 6월 16일 11시,화요일,울산광역시 북구 호계동,경상사고,0,0,2,0,차대차 - 추돌 - 진행중,안전거리미확보,건조,맑음,단일로 - 기타,승합,남,45세,상해없음,승용,남,32세,경상
2015061600100294,2015년 6월 16일 14시,화요일,울산광역시 동구 전하동,경상사고,0,0,1,0,차대차 - 추돌 - 진행중,안전운전불이행,건조,맑음,교차로 - 교차로부근,이륜,남,25세,상해없음,승용,남,51세,상해없음
2015061600100328,2015년 6월 16일 15시,화요일,울산광역시 북구 명촌동,경상사고,0,0,1,0,차대사람 - 기타,안전운전불이행,건조,맑음,단일로 - 기타,화물,남,53세,상해없음,보행자,남,24세,경상
2015061600100381,2015년 6월 16일 16시,화요일,울산광역시 북구 염포동,경상사고,0,0,1,0,차대차 - 측면직각충돌,차로위반,건조,맑음,단일로 - 기타,승용,남,24세,상해없음,승용,남,45세,경상
2015061600100459,2015년 6월 16일 18시,화요일,울산광역시 동구 동부동,경상사고,0,0,1,0,차대사람 - 횡단중,안전운전불이행,건조,맑음,단일로 - 기타,승용,남,57세,상해없음,보행자,남,10세,경상
2015061600100527,2015년 6월 16일 20시,화요일,울산광역시 북구 신천동,부상신고사고,0,0,0,1,차대차 - 추돌 - 진행중,안전거리미확보,건조,맑음,단일로 - 기타,이륜,남,49세,부상신고,승용,남,37세,상해없음
2015061600100586,2015년 6월 16일 22시,화요일,울산광역시 중구 장현동,경상사고,0,0,1,0,차대차 - 추돌 - 주정차중,안전운전불이행,건조,맑음,단일로 - 기타,승용,남,52세,상해없음,승용,남,45세,경상
2015061700100034,2015년 6월 17일 01시,수요일,울산광역시 중구 성안동,경상사고,0,0,1,0,차대차 - 기타,안전운전불이행,건조,맑음,단일로 - 기타,승용,여,45세,경상,화물,남,32세,기타불명
2015061700100046,2015년 6월 17일 03시,수요일,울산광역시 북구 효문동,부상신고사고,0,0,0,1,차대차 - 추돌 - 진행중,안전운전불이행,건조,맑음,교차로 - 교차로안,승용,남,37세,상해없음,승용,남,49세,부상신고
2015061700100063,2015년 6월 17일 05시,수요일,울산광역시 남구 신정동,부상신고사고,0,0,0,1,차대차 - 기타,신호위반,건조,맑음,교차로 - 교차로안,자전거,남,69세,부상신고,승용,여,50세,상해없음
2015061700100074,2015년 6월 17일 06시,수요일,울산광역시 북구 신천동,중상사고,0,1,0,0,차대차 - 기타,안전운전불이행,건조,맑음,교차로 - 교차로안,자전거,남,72세,중상,승용,남,61세,상해없음
2015061700100102,2015년 6월 17일 07시,수요일,울산광역시 남구 옥동,경상사고,0,0,1,0,차대차 - 기타,안전거리미확보,건조,맑음,단일로 - 기타,승합,남,52세,기타불명,승용,여,46세,경상
2015061700100136,2015년 6월 17일 08시,수요일,울산광역시 중구 학성동,경상사고,0,0,1,0,차대차 - 기타,안전운전불이행,건조,맑음,단일로 - 기타,승용,여,54세,상해없음,자전거,여,10세,경상
2015061700100137,2015년 6월 17일 08시,수요일,울산광역시 남구 신정동,경상사고,0,0,2,0,차대차 - 기타,안전운전불이행,건조,맑음,교차로 - 교차로안,승용,남,32세,상해없음,승용,남,60세,경상
2015061700100192,2015년 6월 17일 10시,수요일,울산광역시 남구 선암동,중상사고,0,1,0,0,차대차 - 기타,교차로운행방법위반,건조,맑음,교차로 - 교차로안,승용,남,63세,상해없음,자전거,남,78세,중상
2015061700100317,2015년 6월 17일 15시,수요일,울산광역시 남구 신정동,중상사고,0,1,0,0,차량단독 - 기타,안전운전불이행,건조,맑음,단일로 - 기타,승합,남,45세,상해없음,,,,