사고번호,사고일시,요일,시군구,사고내용,사망자수,중상자수,경상자수,부상신고자수,사고유형,법규위반,노면상태,기상상태,도로형태,가해운전자 차종,가해운전자 성별,가해운전자 연령,가해운전자 상해정도,피해운전자 차종,피해운전자 성별,피해운전자 연령,피해운전자 상해정도
2015061700100351,2015년 6월 17일 16시,수요일,울산광역시 북구 화봉동,중상사고,0,1,0,0,차대차 - 기타,신호위반,건조,맑음,교차로 - 교차로안,승용,남,60세,상해없음,승용,남,46세,중상
2015061700100352,2015년 6월 17일 16시,수요일,울산광역시 동구 일산동,경상사고,0,0,1,0,차대사람 - 기타,안전운전불이행,건조,맑음,단일로 - 기타,승용,남,49세,상해없음,보행자,남,14세,경상
2015061700100390,2015년 6월 17일 17시,수요일,울산광역시 북구 신천동,경상사고,0,0,1,0,차대사람 - 길가장자리구역통행중,안전운전불이행,건조,맑음,단일로 - 기타,승용,여,58세,상해없음,보행자,남,66세,경상
2015061700100391,2015년 6월 17일 17시,수요일,울산광역시 울주군 상북면,중상사고,0,1,0,0,차대차 - 추돌 - 진행중,교차로운행방법위반,건조,맑음,교차로 - 교차로부근,화물,남,56세,상해없음,이륜,남,77세,상해없음
2015061700100431,2015년 6월 17일 18시,수요일,울산광역시 북구 진장동,중상사고,0,1,0,0,차대차 - 측면직각충돌,중앙선침범,건조,맑음,교차로 - 교차로안,화물,남,59세,상해없음,승용,남,36세,중상
2015061700100465,2015년 6월 17일 19시,수요일,울산광역시 남구 신정동,부상신고사고,0,0,0,1,차대차 - 추돌 - 진행중,안전거리미확보,건조,맑음,단일로 - 기타,이륜,남,31세,부상신고,승용,남,22세,상해없음
2015061700100552,2015년 6월 17일 22시,수요일,울산광역시 북구 중산동,사망사고,1,0,0,0,차대사람 - 기타,안전운전불이행,건조,맑음,단일로 - 기타,승용,남,25세,상해없음,보행자,남,21세,사망
2015061700100584,2015년 6월 17일 23시,수요일,울산광역시 중구 남외동,부상신고사고,0,0,0,1,차량단독 - 공작물충돌,안전운전불이행,건조,맑음,교차로 - 교차로안,승용,남,31세,부상신고,,,,
2015061800100074,2015년 6월 18일 04시,목요일,울산광역시 울주군 온산읍,경상사고,0,0,1,0,차대차 - 추돌 - 진행중,안전운전불이행,건조,맑음,교차로 - 교차로부근,승용,남,69세,상해없음,승용,여,53세,경상
2015061800100123,2015년 6월 18일 07시,목요일,울산광역시 울주군 온산읍,중상사고,0,1,0,0,차대차 - 측면직각충돌,안전운전불이행,건조,맑음,교차로 - 교차로안,승용,남,35세,상해없음,이륜,남,51세,중상
2015061800100168,2015년 6월 18일 08시,목요일,울산광역시 남구 삼산동,부상신고사고,0,0,0,1,차대차 - 기타,교차로운행방법위반,건조,맑음,단일로 - 기타,이륜,남,24세,부상신고,승용,여,28세,상해없음
2015061800100288,2015년 6월 18일 13시,목요일,울산광역시 울주군 온양읍,경상사고,0,0,1,0,차대차 - 추돌 - 주정차중,안전운전불이행,건조,맑음,교차로 - 교차로부근,농기계,남,72세,경상,승용,남,57세,기타불명
2015061800100454,2015년 6월 18일 18시,목요일,울산광역시 북구 매곡동,중상사고,0,1,0,0,차대사람 - 횡단중,보행자보호의무위반,건조,맑음,단일로 - 기타,승용,남,51세,상해없음,보행자,여,53세,중상
2015061800100455,2015년 6월 18일 18시,목요일,울산광역시 동구 전하동,경상사고,0,0,1,0,차대사람 - 기타,안전운전불이행,건조,맑음,단일로 - 기타,이륜,남,57세,상해없음,보행자,남,38세,경상
2015061800100489,2015년 6월 18일 19시,목요일,울산광역시 남구 달동,경상사고,0,0,1,0,차대사람 - 기타,안전운전불이행,건조,맑음,단일로 - 횡단보도부근,이륜,남,49세,상해없음,보행자,여,15세,경상
2015061800100628,2015년 6월 18일 23시,목요일,울산광역시 북구 창평동,사망사고,1,0,0,0,차대사람 - 횡단중,과속,습기,비,단일로 - 기타,승용,남,46세,상해없음,보행자,남,57세,사망
2015061900100027,2015년 6월 19일 00시,금요일,울산광역시 중구 반구동,중상사고,0,1,0,0,차대사람 - 기타,안전운전불이행,건조,맑음,단일로 - 기타,승용,남,21세,상해없음,보행자,남,51세,중상
2015061900100028,2015년 6월 19일 00시,금요일,울산광역시 남구 두왕동,경상사고,0,0,3,0,차대차 - 추돌 - 진행중,안전거리미확보,건조,맑음,단일로 - 기타,승용,남,23세,상해없음,화물,남,34세,경상
2015061900100029,2015년 6월 19일 00시,금요일,울산광역시 남구 신정동,경상사고,0,0,2,0,차대차 - 정면충돌,신호위반,건조,맑음,교차로 - 교차로부근,승용,남,48세,상해없음,승용,남,45세,경상
2015061900100047,2015년 6월 19일 01시,금요일,울산광역시 북구 천곡동,경상사고,0,0,1,0,차대차 - 정면충돌,중앙선침범,건조,흐림,단일로 - 기타,승용,여,39세,상해없음,승합,남,67세,경상
2015061900100059,2015년 6월 19일 02시,금요일,울산광역시 남구 삼산동,중상사고,0,1,0,0,차대사람 - 횡단중,안전운전불이행,건조,맑음,교차로 - 교차로부근,승용,여,30세,상해없음,보행자,남,26세,중상
2015061900100104,2015년 6월 19일 06시,금요일,울산광역시 동구 일산동,중상사고,0,1,0,0,차대차 - 측면직각충돌,직진우회전진행방해,건조,맑음,교차로 - 교차로안,승용,남,35세,상해없음,이륜,남,49세,중상
2015061900100168,2015년 6월 19일 08시,금요일,울산광역시 남구 부곡동,경상사고,0,0,1,0,차대차 - 정면충돌,안전운전불이행,건조,맑음,교차로 - 교차로안,이륜,남,24세,상해없음,승용,여,28세,경상
2015061900100193,2015년 6월 19일 09시,금요일,울산광역시 북구 창평동,경상사고,0,0,1,0,차대차 - 기타,안전운전불이행,건조,맑음,단일로 - 기타,화물,남,46세,기타불명,승용,여,48세,경상
2015061900100274,2015년 6월 19일 12시,금요일,울산광역시 북구 화봉동,중상사고,0,1,3,0,차대차 - 측면직각충돌,안전운전불이행,건조,맑음,단일로 - 기타,승용,여,37세,상해없음,승용,남,28세,경상
2015061900100275,2015년 6월 19일 12시,금요일,울산광역시 울주군 온산읍,중상사고,0,1,0,0,차대사람 - 횡단중,안전운전불이행,건조,맑음,단일로 - 기타,승합,남,22세,상해없음,보행자,여,63세,중상
2015061900100365,2015년 6월 19일 15시,금요일,울산광역시 남구 달동,경상사고,0,0,1,0,차대차 - 추돌 - 주정차중,안전운전불이행,건조,맑음,단일로 - 기타,승용,여,50세,상해없음,자전거,남,44세,경상
2015061900100405,2015년 6월 19일 16시,금요일,울산광역시 중구 서동,경상사고,0,0,2,0,차대차 - 측면직각충돌,안전거리미확보,건조,맑음,단일로 - 기타,승용,여,51세,상해없음,승용,남,61세,경상
2015061900100505,2015년 6월 19일 18시,금요일,울산광역시 울주군 범서읍,경상사고,0,0,1,0,차대차 - 측면직각충돌,중앙선침범,건조,맑음,교차로 - 교차로부근,승용,남,54세,상해없음,승용,여,45세,경상
2015061900100545,2015년 6월 19일 19시,금요일,울산광역시 북구 호계동,경상사고,0,0,2,0,차대차 - 측면직각충돌,안전거리미확보,건조,맑음,단일로 - 기타,승용,남,56세,상해없음,이륜,남,22세,경상
2015061900100580,2015년 6월 19일 20시,금요일,울산광역시 남구 달동,경상사고,0,0,1,0,차대차 - 기타,안전운전불이행,건조,맑음,단일로 - 기타,승용,여,30세,상해없음,원동기,남,29세,경상
2015061900100581,2015년 6월 19일 20시,금요일,울산광역시 울주군 온산읍,중상사고,0,1,0,0,차대사람 - 횡단중,안전운전불이행,건조,맑음,단일로 - 기타,승용,여,42세,상해없음,보행자,남,49세,중상
2015061900100662,2015년 6월 19일 22시,금요일,울산광역시 중구 약사동,경상사고,0,0,1,0,차대사람 - 횡단중,안전운전불이행,건조,맑음,교차로 - 교차로안,승용,여,37세,상해없음,보행자,남,35세,경상
2015061900100663,2015년 6월 19일 22시,금요일,울산광역시 북구 염포동,경상사고,0,0,1,0,차대차 - 기타,중앙선침범,건조,맑음,단일로 - 기타,자전거,남,26세,경상,승용,남,55세,상해없음
2015061900100697,2015년 6월 19일 23시,금요일,울산광역시 중구 다운동,중상사고,0,1,0,0,차대사람 - 기타,안전운전불이행,건조,맑음,교차로 - 교차로안,승용,남,42세,상해없음,보행자,남,56세,중상
2015061900100698,2015년 6월 19일 23시,금요일,울산광역시 남구 선암동,부상신고사고,0,0,0,1,차대차 - 정면충돌,신호위반,건조,맑음,교차로 - 교차로안,원동기,남,23세,부상신고,화물,남,61세,상해없음
2015062000100048,2015년 6월 20일 01시,토요일,울산광역시 북구 양정동,경상사고,0,0,1,0,차대차 - 추돌 - 진행중,안전운전불이행,건조,맑음,교차로 - 교차로부근,승용,남,25세,상해없음,승용,남,65세,상해없음
2015062000100068,2015년 6월 20일 02시,토요일,울산광역시 북구 양정동,경상사고,0,0,2,0,차대차 - 추돌 - 진행중,안전운전불이행,건조,맑음,교차로 - 교차로부근,승용,여,33세,상해없음,승용,남,43세,경상
2015062000100112,2015년 6월 20일 05시,토요일,울산광역시 남구 달동,경상사고,0,0,1,0,차대사람 - 길가장자리구역통행중,안전운전불이행,건조,맑음,교차로 - 교차로안,승용,남,21세,상해없음,보행자,남,20세,경상
2015062000100146,2015년 6월 20일 07시,토요일,울산광역시 울주군 온산읍,경상사고,0,0,1,0,차대차 - 측면직각충돌,신호위반,건조,맑음,교차로 - 교차로안,승용,남,24세,상해없음,승용,남,40세,경상
2015062000100274,2015년 6월 20일 12시,토요일,울산광역시 남구 신정동,중상사고,0,1,0,0,차대사람 - 기타,안전운전불이행,건조,맑음,교차로 - 교차로안,승용,남,32세,상해없음,보행자,여,67세,중상
2015062000100342,2015년 6월 20일 14시,토요일,울산광역시 중구 복산동,중상사고,0,1,0,0,차대차 - 측면직각충돌,안전운전불이행,습기,비,단일로 - 기타,자전거,남,66세,중상,화물,남,42세,상해없음
2015062000100343,2015년 6월 20일 14시,토요일,울산광역시 남구 무거동,경상사고,0,0,4,0,차대차 - 기타,불법유턴,습기,비,단일로 - 기타,건설기계,남,48세,상해없음,승용,남,41세,경상
2015062000100344,2015년 6월 20일 14시,토요일,울산광역시 울주군 서생면,중상사고,0,3,4,0,차대차 - 정면충돌,중앙선침범,건조,흐림,교차로 - 교차로부근,승용,남,56세,상해없음,승용,남,42세,경상
2015062000100469,2015년 6월 20일 17시,토요일,울산광역시 북구 신천동,경상사고,0,0,1,0,차대차 - 기타,안전운전불이행,습기,비,단일로 - 기타,승용,남,58세,상해없음,승용,남,30세,경상
2015062000100470,2015년 6월 20일 17시,토요일,울산광역시 울주군 언양읍,중상사고,0,2,0,0,차량단독 - 공작물충돌,기타,습기,비,단일로 - 기타,화물,남,45세,상해없음,,,,
2015062000100471,2015년 6월 20일 17시,토요일,울산광역시 울주군 온산읍,경상사고,0,0,1,0,차대차 - 측면직각충돌,안전운전불이행,습기,비,교차로 - 교차로안,화물,남,38세,상해없음,이륜,남,38세,경상
2015062000100509,2015년 6월 20일 18시,토요일,울산광역시 울주군 상북면,부상신고사고,0,0,0,1,차대차 - 기타,안전운전불이행,습기,비,단일로 - 기타,승용,남,69세,상해없음,화물,남,52세,부상신고
2015062000100570,2015년 6월 20일 20시,토요일,울산광역시 울주군 언양읍,경상사고,0,0,1,0,차대차 - 추돌 - 주정차중,안전운전불이행,습기,비,교차로 - 교차로부근,승용,남,39세,상해없음,승용,남,47세,경상
2015062000100619,2015년 6월 20일 22시,토요일,울산광역시 남구 신정동,경상사고,0,0,1,1,차대차 - 추돌 - 주정차중,안전거리미확보,건조,맑음,교차로 - 교차로안,승합,남,44세,상해없음,승용,여,24세,부상신고
2015062000100620,2015년 6월 20일 22시,토요일,울산광역시 울주군 온산읍,경상사고,0,0,1,0,차대차 - 추돌 - 주정차중,안전거리미확보,건조,맑음,교차로 - 교차로부근,승용,남,56세,상해없음,승용,남,34세,경상
2015062100100109,2015년 6월 21일 06시,일요일,울산광역시 남구 신정동,중상사고,0,3,1,0,차대차 - 정면충돌,중앙선침범,건조,맑음,단일로 - 기타,승용,남,21세,경상,승용,남,53세,중상
2015062100100129,2015년 6월 21일 08시,일요일,울산광역시 울주군 온양읍,부상신고사고,0,0,0,2,차량단독 - 공작물충돌,안전운전불이행,건조,맑음,교차로 - 교차로부근,승용,여,23세,상해없음,,,,
2015062100100187,2015년 6월 21일 11시,일요일,울산광역시 남구 삼산동,경상사고,0,0,3,0,차대차 - 측면직각충돌,신호위반,건조,맑음,교차로 - 교차로안,승용,남,50세,상해없음,승용,남,47세,경상
2015062100100253,2015년 6월 21일 13시,일요일,울산광역시 중구 우정동,중상사고,0,2,2,0,차대차 - 측면직각충돌,직진우회전진행방해,건조,맑음,교차로 - 교차로안,승용,남,46세,경상,승용,남,31세,중상
2015062100100285,2015년 6월 21일 14시,일요일,울산광역시 남구 삼산동,경상사고,0,0,1,0,차대사람 - 기타,안전운전불이행,건조,맑음,단일로 - 기타,승합,남,61세,상해없음,보행자,남,48세,경상
2015062100100309,2015년 6월 21일 15시,일요일,울산광역시 중구 복산동,경상사고,0,0,1,0,차대차 - 기타,기타,건조,맑음,단일로 - 기타,승용,여,48세,상해없음,자전거,남,53세,경상
2015062100100344,2015년 6월 21일 16시,일요일,울산광역시 동구 방어동,경상사고,0,0,1,0,차대차 - 기타,불법유턴,건조,맑음,교차로 - 교차로부근,이륜,남,17세,상해없음,이륜,남,52세,경상
2015062100100409,2015년 6월 21일 18시,일요일,울산광역시 북구 연암동,경상사고,0,0,9,1,차대차 - 추돌 - 진행중,안전거리미확보,건조,맑음,단일로 - 터널,승용,여,39세,부상신고,화물,남,65세,상해없음
2015062100100410,2015년 6월 21일 18시,일요일,울산광역시 울주군 두서면,중상사고,0,1,0,0,차대차 - 측면직각충돌,안전운전불이행,건조,맑음,교차로 - 교차로부근,이륜,남,29세,기타불명,이륜,남,34세,중상
2015062100100486,2015년 6월 21일 21시,일요일,울산광역시 남구 달동,경상사고,0,0,1,0,차대차 - 기타,신호위반,건조,맑음,교차로 - 교차로안,승용,남,37세,상해없음,승용,남,62세,경상
2015062100100510,2015년 6월 21일 22시,일요일,울산광역시 남구 신정동,경상사고,0,0,1,0,차대차 - 추돌 - 주정차중,안전운전불이행,건조,맑음,교차로 - 교차로부근,승용,남,57세,상해없음,이륜,남,27세,경상
2015062100100511,2015년 6월 21일 22시,일요일,울산광역시 동구 서부동,경상사고,0,0,1,0,차대차 - 기타,안전거리미확보,건조,맑음,단일로 - 기타,기타불명,기타불명,기타불명,기타불명,승용,남,39세,경상
2015062200100077,2015년 6월 22일 06시,월요일,울산광역시 중구 학성동,경상사고,0,0,1,0,차대차 - 기타,안전운전불이행,건조,맑음,교차로 - 교차로안,화물,남,53세,상해없음,승용,남,27세,경상
2015062200100264,2015년 6월 22일 12시,월요일,울산광역시 중구 남외동,경상사고,0,0,1,0,차대차 - 측면직각충돌,직진우회전진행방해,건조,맑음,교차로 - 교차로안,승용,여,29세,상해없음,자전거,남,63세,경상
2015062200100295,2015년 6월 22일 13시,월요일,울산광역시 중구 북정동,중상사고,0,1,3,0,차대차 - 추돌 - 주정차중,안전운전불이행,건조,맑음,교차로 - 교차로부근,승용,남,67세,상해없음,승용,남,22세,중상
2015062200100296,2015년 6월 22일 13시,월요일,울산광역시 남구 옥동,중상사고,0,1,0,0,차대차 - 측면직각충돌,교차로운행방법위반,건조,맑음,교차로 - 교차로안,이륜,남,26세,상해없음,이륜,남,43세,중상
2015062200100375,2015년 6월 22일 15시,월요일,울산광역시 동구 전하동,중상사고,0,1,0,0,차대사람 - 기타,안전운전불이행,건조,맑음,단일로 - 기타,이륜,남,22세,상해없음,보행자,남,22세,중상
2015062200100415,2015년 6월 22일 16시,월요일,울산광역시 남구 신정동,중상사고,0,1,0,0,차대차 - 측면직각충돌,안전운전불이행,건조,맑음,단일로 - 기타,자전거,남,64세,중상,승용,여,45세,상해없음
2015062200100461,2015년 6월 22일 17시,월요일,울산광역시 울주군 범서읍,경상사고,0,0,1,0,차대차 - 측면직각충돌,신호위반,건조,맑음,교차로 - 교차로안,승용,여,59세,상해없음,승합,남,31세,경상
2015062200100565,2015년 6월 22일 20시,월요일,울산광역시 남구 신정동,경상사고,0,0,2,0,차대차 - 기타,안전운전불이행,기타,맑음,단일로 - 기타,승용,여,27세,상해없음,승용,남,58세,상해없음
2015062200100591,2015년 6월 22일 21시,월요일,울산광역시 남구 달동,경상사고,0,0,2,0,차대차 - 측면직각충돌,직진우회전진행방해,건조,맑음,교차로 - 교차로안,승용,여,48세,상해없음,승용,남,27세,경상
2015062200100592,2015년 6월 22일 21시,월요일,울산광역시 동구 일산동,경상사고,0,0,1,0,차대차 - 정면충돌,중앙선침범,건조,맑음,단일로 - 기타,승용,남,23세,상해없음,승용,남,32세,경상
2015062200100593,2015년 6월 22일 21시,월요일,울산광역시 동구 방어동,경상사고,0,0,1,0,차대차 - 기타,안전운전불이행,건조,맑음,단일로 - 기타,이륜,남,38세,상해없음,이륜,남,64세,상해없음
2015062200100645,2015년 6월 22일 23시,월요일,울산광역시 북구 양정동,경상사고,0,0,2,0,차대차 - 추돌 - 주정차중,안전운전불이행,건조,맑음,교차로 - 교차로부근,승합,남,53세,상해없음,승용,여,55세,경상
2015062300100033,2015년 6월 23일 01시,화요일,울산광역시 중구 태화동,경상사고,0,0,1,0,차대사람 - 기타,안전운전불이행,건조,맑음,단일로 - 기타,승용,남,26세,상해없음,보행자,남,40세,경상
2015062300100058,2015년 6월 23일 04시,화요일,울산광역시 울주군 언양읍,경상사고,0,0,1,0,차대차 - 기타,안전운전불이행,건조,맑음,단일로 - 기타,승합,남,30세,상해없음,승용,남,43세,경상
2015062300100074,2015년 6월 23일 05시,화요일,울산광역시 남구 야음동,경상사고,0,0,2,0,차대차 - 기타,신호위반,기타,맑음,교차로 - 교차로안,승용,남,49세,상해없음,승용,남,55세,경상
2015062300100119,2015년 6월 23일 08시,화요일,울산광역시 울주군 두서면,중상사고,0,1,3,0,차대차 - 기타,안전운전불이행,건조,맑음,단일로 - 기타,승용,남,28세,상해없음,건설기계,남,53세,상해없음
2015062300100172,2015년 6월 23일 09시,화요일,울산광역시 남구 옥동,경상사고,0,0,1,0,차대차 - 기타,중앙선침범,건조,맑음,교차로 - 교차로안,자전거,남,31세,경상,승용,여,46세,상해없음
2015062300100302,2015년 6월 23일 14시,화요일,울산광역시 남구 무거동,중상사고,0,1,0,0,차량단독 - 기타,기타,건조,맑음,단일로 - 기타,승합,남,40세,상해없음,,,,
2015062300100370,2015년 6월 23일 16시,화요일,울산광역시 북구 진장동,경상사고,0,0,2,1,차대차 - 기타,신호위반,건조,맑음,교차로 - 교차로안,승용,남,35세,부상신고,승용,남,27세,경상
2015062300100371,2015년 6월 23일 16시,화요일,울산광역시 울주군 온양읍,중상사고,0,1,0,0,차대차 - 기타,교차로운행방법위반,건조,맑음,교차로 - 교차로안,승용,남,36세,상해없음,승용,남,46세,중상
2015062300100411,2015년 6월 23일 17시,화요일,울산광역시 울주군 범서읍,경상사고,0,0,1,0,차대차 - 측면직각충돌,교차로운행방법위반,건조,맑음,교차로 - 교차로안,승용,여,34세,기타불명,승용,여,52세,경상
2015062300100479,2015년 6월 23일 19시,화요일,울산광역시 남구 무거동,경상사고,0,0,2,0,차대차 - 측면직각충돌,교차로운행방법위반,건조,맑음,교차로 - 교차로안,승용,여,42세,상해없음,자전거,남,16세,경상
2015062300100572,2015년 6월 23일 22시,화요일,울산광역시 남구 달동,경상사고,0,0,2,0,차대사람 - 기타,안전운전불이행,건조,맑음,교차로 - 교차로부근,승용,남,28세,상해없음,보행자,남,22세,경상
2015062300100598,2015년 6월 23일 23시,화요일,울산광역시 남구 무거동,중상사고,0,1,0,0,차대사람 - 기타,안전운전불이행,건조,맑음,기타 - 기타,승용,남,39세,상해없음,보행자,남,27세,중상
2015062400100024,2015년 6월 24일 00시,수요일,울산광역시 남구 신정동,경상사고,0,0,1,0,차량단독 - 기타,안전운전불이행,건조,맑음,교차로 - 교차로부근,승용,남,66세,상해없음,,,,
2015062400100038,2015년 6월 24일 01시,수요일,울산광역시 북구 효문동,경상사고,0,0,1,0,차대차 - 정면충돌,중앙선침범,건조,맑음,단일로 - 기타,승용,여,37세,상해없음,승용,여,33세,경상
2015062400100039,2015년 6월 24일 01시,수요일,울산광역시 중구 반구동,경상사고,0,0,2,0,차대차 - 추돌 - 주정차중,안전운전불이행,건조,맑음,교차로 - 교차로안,승용,남,38세,상해없음,승용,여,32세,경상
2015062400100051,2015년 6월 24일 02시,수요일,울산광역시 남구 신정동,경상사고,0,0,1,0,차대차 - 추돌 - 주정차중,안전운전불이행,건조,맑음,단일로 - 기타,승용,남,28세,상해없음,승용,남,48세,경상
2015062400100103,2015년 6월 24일 07시,수요일,울산광역시 북구 화봉동,경상사고,0,0,2,1,차대차 - 측면직각충돌,신호위반,건조,맑음,교차로 - 교차로안,이륜,남,25세,부상신고,승용,여,43세,경상
2015062400100104,2015년 6월 24일 07시,수요일,울산광역시 북구 염포동,중상사고,0,1,0,0,차대차 - 기타,안전거리미확보,건조,맑음,단일로 - 기타,이륜,남,48세,상해없음,이륜,남,29세,중상
2015062400100159,2015년 6월 24일 08시,수요일,울산광역시 중구 약사동,경상사고,0,0,1,0,차대차 - 정면충돌,신호위반,건조,맑음,교차로 - 교차로안,승용,여,35세,상해없음,승용,여,39세,경상
2015062400100160,2015년 6월 24일 08시,수요일,울산광역시 동구 방어동,중상사고,0,1,1,0,차대차 - 추돌 - 주정차중,안전운전불이행,건조,맑음,단일로 - 기타,승용,남,69세,상해없음,승용,여,36세,중상
2015062400100219,2015년 6월 24일 10시,수요일,울산광역시 남구 신정동,경상사고,0,0,1,0,차대차 - 측면직각충돌,직진우회전진행방해,건조,맑음,교차로 - 교차로안,승용,여,54세,상해없음,승용,남,46세,경상
2015062400100241,2015년 6월 24일 11시,수요일,울산광역시 울주군 삼동면,중상사고,0,1,0,0,차대차 - 측면직각충돌,신호위반,건조,맑음,교차로 - 교차로안,승용,여,47세,기타불명,건설기계,남,60세,상해없음
2015062400100441,2015년 6월 24일 17시,수요일,울산광역시 중구 반구동,경상사고,0,0,1,0,차대차 - 측면직각충돌,교차로운행방법위반,건조,맑음,교차로 - 교차로안,이륜,남,36세,상해없음,이륜,남,32세,경상
2015062400100442,2015년 6월 24일 17시,수요일,울산광역시 울주군 언양읍,경상사고,0,0,1,0,차대차 - 추돌 - 주정차중,안전거리미확보,건조,맑음,단일로 - 기타,화물,남,27세,상해없음,승용,남,43세,경상
2015062400100500,2015년 6월 24일 19시,수요일,울산광역시 남구 선암동,중상사고,0,1,1,0,차대차 - 측면직각충돌,직진우회전진행방해,건조,맑음,교차로 - 교차로안,승용,남,44세,경상,승용,남,55세,중상
2015062400100543,2015년 6월 24일 20시,수요일,울산광역시 남구 신정동,경상사고,0,0,1,0,차대차 - 측면직각충돌,안전운전불이행,건조,맑음,교차로 - 교차로부근,승용,남,56세,상해없음,원동기,남,49세,경상
2015062400100603,2015년 6월 24일 22시,수요일,울산광역시 울주군 온양읍,부상신고사고,0,0,0,1,차량단독 - 공작물충돌,안전운전불이행,건조,맑음,미분류 - 미분류,승용,남,52세,부상신고,,,,
2015062400100629,2015년 6월 24일 23시,수요일,울산광역시 중구 반구동,경상사고,0,0,1,0,차대차 - 측면직각충돌,신호위반,건조,흐림,교차로 - 교차로안,승용,남,33세,상해없음,승용,남,50세,경상
2015062400100630,2015년 6월 24일 23시,수요일,울산광역시 남구 달동,중상사고,0,1,0,0,차대사람 - 횡단중,보행자보호의무위반,건조,흐림,교차로 - 교차로안,원동기,남,18세,상해없음,보행자,여,49세,중상
2015062400100631,2015년 6월 24일 23시,수요일,울산광역시 남구 야음동,중상사고,0,1,0,0,차대차 - 추돌 - 주정차중,안전운전불이행,건조,맑음,교차로 - 교차로부근,승용,남,29세,상해없음,승용,남,50세,중상
2015062400100632,2015년 6월 24일 23시,수요일,울산광역시 동구 전하동,경상사고,0,0,1,0,차량단독 - 기타,안전거리미확보,건조,맑음,단일로 - 기타,이륜,남,29세,상해없음,,,,
2015062500100092,2015년 6월 25일 06시,목요일,울산광역시 중구 학산동,부상신고사고,0,0,0,1,차대차 - 기타,안전거리미확보,건조,맑음,단일로 - 기타,이륜,남,32세,부상신고,승용,남,27세,상해없음
2015062500100107,2015년 6월 25일 07시,목요일,울산광역시 남구 무거동,경상사고,0,0,2,0,차대차 - 기타,직진우회전진행방해,건조,맑음,교차로 - 교차로안,승용,여,45세,경상,승용,남,62세,경상
2015062500100138,2015년 6월 25일 08시,목요일,울산광역시 남구 야음동,경상사고,0,0,1,0,차대차 - 추돌 - 주정차중,안전운전불이행,건조,맑음,단일로 - 기타,승용,여,48세,상해없음,승용,남,48세,경상
2015062500100139,2015년 6월 25일 08시,목요일,울산광역시 남구 야음동,중상사고,0,1,0,0,차량단독 - 기타,기타,건조,맑음,단일로 - 기타,승합,남,41세,상해없음,,,,
2015062500100182,2015년 6월 25일 10시,목요일,울산광역시 중구 태화동,경상사고,0,0,1,0,차대차 - 기타,교차로운행방법위반,건조,흐림,교차로 - 교차로안,승용,여,27세,경상,승용,여,63세,상해없음
2015062500100306,2015년 6월 25일 14시,목요일,울산광역시 북구 진장동,경상사고,0,0,1,5,차대차 - 기타,안전거리미확보,습기,맑음,단일로 - 기타,화물,남,59세,상해없음,승합,남,47세,상해없음
2015062500100307,2015년 6월 25일 14시,목요일,울산광역시 남구 무거동,중상사고,0,1,0,0,차대사람 - 기타,안전운전불이행,건조,흐림,교차로 - 교차로안,화물,남,60세,상해없음,보행자,여,34세,중상
2015062500100342,2015년 6월 25일 15시,목요일,울산광역시 중구 서동,경상사고,0,0,2,0,차대차 - 측면직각충돌,교차로운행방법위반,건조,맑음,교차로 - 교차로안,승합,여,56세,경상,승용,남,45세,경상
2015062500100461,2015년 6월 25일 18시,목요일,울산광역시 중구 서동,중상사고,0,1,0,0,차대사람 - 길가장자리구역통행중,안전운전불이행,건조,맑음,단일로 - 기타,승용,남,41세,상해없음,보행자,여,51세,중상
2015062500100463,2015년 6월 25일 18시,목요일,울산광역시 남구 야음동,중상사고,0,2,0,0,차대차 - 측면직각충돌,신호위반,건조,맑음,교차로 - 교차로안,승용,남,62세,상해없음,승용,남,32세,중상
2015062500100558,2015년 6월 25일 20시,목요일,울산광역시 중구 서동,중상사고,0,2,2,0,차대차 - 기타,교차로운행방법위반,습기,비,교차로 - 교차로안,승용,남,55세,상해없음,승용,남,35세,중상
2015062500100559,2015년 6월 25일 20시,목요일,울산광역시 북구 신천동,경상사고,0,0,3,0,차대차 - 추돌 - 진행중,안전운전불이행,습기,비,교차로 - 교차로부근,승용,남,47세,상해없음,승용,남,30세,경상
2015062500100560,2015년 6월 25일 20시,목요일,울산광역시 동구 화정동,경상사고,0,0,1,0,차대차 - 기타,교차로운행방법위반,습기,비,교차로 - 교차로안,기타불명,기타불명,기타불명,기타불명,이륜,남,60세,경상
2015062500100561,2015년 6월 25일 20시,목요일,울산광역시 울주군 언양읍,중상사고,0,1,0,0,차대사람 - 횡단중,안전운전불이행,습기,비,교차로 - 교차로안,승용,남,42세,상해없음,보행자,여,65세,중상
2015062500100640,2015년 6월 25일 21시,목요일,울산광역시 중구 반구동,경상사고,0,0,2,0,차대차 - 정면충돌,중앙선침범,건조,맑음,단일로 - 기타,승용,남,50세,상해없음,승용,여,52세,경상
2015062500100641,2015년 6월 25일 21시,목요일,울산광역시 남구 삼산동,경상사고,0,0,1,0,차대차 - 기타,중앙선침범,습기,비,단일로 - 기타,승용,남,28세,상해없음,승용,남,60세,경상