사고번호,사고일시,요일,시군구,사고내용,사망자수,중상자수,경상자수,부상신고자수,사고유형,법규위반,노면상태,기상상태,도로형태,가해운전자 차종,가해운전자 성별,가해운전자 연령,가해운전자 상해정도,피해운전자 차종,피해운전자 성별,피해운전자 연령,피해운전자 상해정도
2015071700100212,2015년 7월 17일 10시,금요일,울산광역시 남구 여천동,경상사고,0,0,2,1,차대차 - 기타,안전운전불이행,건조,맑음,단일로 - 기타,화물,남,48세,상해없음,승용,여,42세,부상신고
2015071700100466,2015년 7월 17일 17시,금요일,울산광역시 중구 옥교동,경상사고,0,0,1,0,차대차 - 측면직각충돌,직진우회전진행방해,건조,맑음,교차로 - 교차로안,승용,남,51세,상해없음,자전거,남,66세,경상
2015071700100467,2015년 7월 17일 17시,금요일,울산광역시 남구 달동,경상사고,0,0,1,0,차대차 - 측면직각충돌,교차로운행방법위반,건조,맑음,교차로 - 교차로안,승용,남,47세,상해없음,이륜,남,27세,경상
2015071700100505,2015년 7월 17일 18시,금요일,울산광역시 중구 성남동,부상신고사고,0,0,0,1,차대차 - 측면직각충돌,안전거리미확보,건조,맑음,미분류 - 미분류,기타불명,기타불명,기타불명,기타불명,이륜,남,22세,부상신고
2015071700100506,2015년 7월 17일 18시,금요일,울산광역시 중구 성남동,중상사고,0,1,0,0,차량단독 - 기타,안전운전불이행,건조,흐림,단일로 - 기타,승합,남,35세,기타불명,,,,
2015071700100507,2015년 7월 17일 18시,금요일,울산광역시 남구 야음동,경상사고,0,0,1,0,차대차 - 기타,안전운전불이행,건조,맑음,단일로 - 기타,원동기,남,18세,경상,승용,남,44세,상해없음
2015071700100508,2015년 7월 17일 18시,금요일,울산광역시 남구 달동,경상사고,0,0,2,0,차량단독 - 기타,안전운전불이행,건조,맑음,단일로 - 기타,승합,남,50세,상해없음,,,,
2015071700100509,2015년 7월 17일 18시,금요일,울산광역시 울주군 온산읍,중상사고,0,2,0,0,차대차 - 기타,교차로운행방법위반,건조,흐림,교차로 - 교차로안,승용,여,49세,상해없음,원동기,남,61세,중상
2015071700100541,2015년 7월 17일 19시,금요일,울산광역시 남구 무거동,경상사고,0,0,1,0,차대사람 - 기타,안전운전불이행,건조,맑음,단일로 - 기타,승용,남,27세,상해없음,보행자,남,17세,경상
2015071700100578,2015년 7월 17일 20시,금요일,울산광역시 북구 천곡동,경상사고,0,0,1,0,차대사람 - 횡단중,보행자보호의무위반,건조,맑음,단일로 - 횡단보도상,승용,남,60세,상해없음,보행자,남,5세,경상
2015071700100626,2015년 7월 17일 21시,금요일,울산광역시 중구 복산동,경상사고,0,0,1,1,차대차 - 기타,차로위반,습기,비,단일로 - 기타,승용,여,48세,부상신고,승용,여,47세,경상
2015071700100627,2015년 7월 17일 21시,금요일,울산광역시 남구 삼산동,중상사고,0,1,1,0,차대차 - 측면직각충돌,차로위반,건조,맑음,단일로 - 기타,승용,남,48세,상해없음,승용,남,58세,경상
2015071700100692,2015년 7월 17일 23시,금요일,울산광역시 남구 신정동,사망사고,2,0,0,0,차대사람 - 기타,과속,기타,흐림,단일로 - 기타,승용,남,54세,상해없음,보행자,남,58세,사망
2015071800100024,2015년 7월 18일 00시,토요일,울산광역시 남구 삼산동,경상사고,0,0,1,0,차대차 - 기타,신호위반,건조,흐림,교차로 - 교차로안,승용,여,36세,상해없음,이륜,남,26세,경상
2015071800100025,2015년 7월 18일 00시,토요일,울산광역시 남구 신정동,경상사고,0,0,1,0,차대차 - 추돌 - 진행중,안전운전불이행,건조,맑음,단일로 - 기타,승용,남,58세,상해없음,승용,남,53세,경상
2015071800100081,2015년 7월 18일 04시,토요일,울산광역시 남구 삼산동,경상사고,0,0,1,0,차대차 - 기타,안전운전불이행,건조,맑음,교차로 - 교차로안,승용,여,28세,상해없음,승용,남,53세,경상
2015071800100090,2015년 7월 18일 05시,토요일,울산광역시 남구 삼산동,경상사고,0,0,2,0,차대차 - 측면직각충돌,신호위반,건조,맑음,교차로 - 교차로안,승용,남,68세,경상,화물,남,62세,경상
2015071800100110,2015년 7월 18일 06시,토요일,울산광역시 동구 방어동,경상사고,0,0,1,0,차대사람 - 기타,안전운전불이행,건조,맑음,기타 - 기타,자전거,기타불명,기타불명,기타불명,보행자,남,61세,경상
2015071800100111,2015년 7월 18일 06시,토요일,울산광역시 울주군 삼동면,중상사고,0,1,0,0,차대차 - 측면직각충돌,교차로운행방법위반,건조,맑음,교차로 - 교차로안,이륜,남,74세,중상,화물,남,55세,상해없음
2015071800100132,2015년 7월 18일 07시,토요일,울산광역시 중구 태화동,중상사고,0,2,0,1,차량단독 - 공작물충돌,안전운전불이행,건조,맑음,교차로 - 교차로안,승용,남,18세,부상신고,,,,
2015071800100133,2015년 7월 18일 07시,토요일,울산광역시 중구 태화동,경상사고,0,0,1,0,차대차 - 측면직각충돌,안전운전불이행,건조,맑음,교차로 - 교차로부근,승용,남,58세,경상,승용,여,33세,기타불명
2015071800100183,2015년 7월 18일 09시,토요일,울산광역시 울주군 범서읍,경상사고,0,0,1,0,차대차 - 기타,신호위반,건조,맑음,교차로 - 교차로안,승용,남,42세,상해없음,승용,여,54세,경상
2015071800100288,2015년 7월 18일 12시,토요일,울산광역시 남구 무거동,중상사고,0,1,0,0,차대차 - 기타,안전운전불이행,건조,맑음,교차로 - 교차로안,승용,기타불명,기타불명,기타불명,원동기,남,43세,중상
2015071800100354,2015년 7월 18일 14시,토요일,울산광역시 중구 반구동,경상사고,0,0,2,0,차대차 - 기타,안전거리미확보,건조,맑음,교차로 - 교차로안,승용,남,88세,상해없음,승용,여,25세,경상
2015071800100387,2015년 7월 18일 15시,토요일,울산광역시 북구 화봉동,경상사고,0,0,2,0,차대차 - 측면직각충돌,안전운전불이행,건조,맑음,교차로 - 교차로부근,승용,여,39세,경상,승합,남,38세,경상
2015071800100457,2015년 7월 18일 17시,토요일,울산광역시 울주군 언양읍,중상사고,0,1,0,0,차대사람 - 길가장자리구역통행중,안전운전불이행,건조,맑음,교차로 - 교차로부근,자전거,남,51세,상해없음,보행자,여,85세,중상
2015071800100458,2015년 7월 18일 17시,토요일,울산광역시 울주군 온산읍,경상사고,0,0,3,0,차대차 - 기타,교차로운행방법위반,건조,맑음,교차로 - 교차로안,승용,여,55세,경상,승용,남,40세,경상
2015071800100515,2015년 7월 18일 19시,토요일,울산광역시 중구 태화동,경상사고,0,0,1,0,차대차 - 측면직각충돌,안전운전불이행,건조,맑음,단일로 - 기타,승용,남,44세,상해없음,자전거,남,21세,경상
2015071800100516,2015년 7월 18일 19시,토요일,울산광역시 울주군 범서읍,중상사고,0,1,0,0,차대차 - 기타,안전운전불이행,건조,맑음,단일로 - 기타,자전거,남,50세,중상,승용,남,35세,상해없음
2015071800100620,2015년 7월 18일 22시,토요일,울산광역시 남구 야음동,경상사고,0,0,3,0,차대차 - 기타,신호위반,건조,맑음,교차로 - 교차로안,승용,기타불명,기타불명,기타불명,승용,남,45세,경상
2015071800100645,2015년 7월 18일 23시,토요일,울산광역시 남구 신정동,경상사고,0,0,7,0,차대차 - 추돌 - 주정차중,안전거리미확보,건조,맑음,교차로 - 교차로부근,승용,남,56세,상해없음,승용,여,56세,경상
2015071900100031,2015년 7월 19일 01시,일요일,울산광역시 남구 신정동,경상사고,0,0,3,0,차대차 - 측면직각충돌,신호위반,건조,흐림,교차로 - 교차로안,승용,남,53세,상해없음,승용,남,27세,경상
2015071900100123,2015년 7월 19일 07시,일요일,울산광역시 중구 태화동,중상사고,0,1,0,0,차대사람 - 횡단중,신호위반,건조,맑음,단일로 - 기타,이륜,남,36세,상해없음,보행자,여,61세,중상
2015071900100124,2015년 7월 19일 07시,일요일,울산광역시 중구 북정동,중상사고,0,1,0,0,차량단독 - 공작물충돌,안전운전불이행,건조,맑음,단일로 - 기타,원동기,남,17세,중상,,,,
2015071900100125,2015년 7월 19일 07시,일요일,울산광역시 북구 양정동,중상사고,0,1,0,0,차대차 - 기타,안전거리미확보,건조,맑음,단일로 - 기타,화물,남,55세,상해없음,이륜,남,23세,중상
2015071900100161,2015년 7월 19일 09시,일요일,울산광역시 중구 남외동,중상사고,0,1,0,0,차대사람 - 기타,안전운전불이행,건조,맑음,단일로 - 기타,승용,여,53세,상해없음,보행자,남,56세,중상
2015071900100181,2015년 7월 19일 10시,일요일,울산광역시 북구 신천동,경상사고,0,0,1,0,차대차 - 측면직각충돌,안전운전불이행,건조,맑음,단일로 - 기타,원동기,남,73세,경상,승용,남,73세,상해없음
2015071900100367,2015년 7월 19일 16시,일요일,울산광역시 북구 진장동,중상사고,0,2,1,0,차대차 - 추돌 - 주정차중,안전운전불이행,건조,흐림,단일로 - 기타,특수,남,26세,상해없음,승용,남,38세,중상
2015071900100405,2015년 7월 19일 17시,일요일,울산광역시 북구 연암동,경상사고,0,0,2,0,차대차 - 측면직각충돌,교차로운행방법위반,건조,흐림,교차로 - 교차로안,승용,여,54세,경상,승용,남,35세,경상
2015071900100406,2015년 7월 19일 17시,일요일,울산광역시 남구 옥동,중상사고,0,1,0,0,차대사람 - 횡단중,안전운전불이행,건조,흐림,교차로 - 교차로부근,승용,여,42세,상해없음,보행자,여,11세,중상
2015071900100505,2015년 7월 19일 21시,일요일,울산광역시 남구 달동,사망사고,1,0,0,0,차대차 - 측면직각충돌,신호위반,습기,흐림,교차로 - 교차로안,승합,남,45세,상해없음,원동기,남,27세,사망
2015071900100524,2015년 7월 19일 22시,일요일,울산광역시 중구 약사동,경상사고,0,0,1,0,차량단독 - 공작물충돌,안전운전불이행,건조,흐림,교차로 - 교차로안,승용,남,51세,상해없음,,,,
2015071900100525,2015년 7월 19일 22시,일요일,울산광역시 북구 호계동,중상사고,0,1,0,0,차대차 - 기타,안전운전불이행,건조,맑음,단일로 - 기타,승용,여,27세,상해없음,자전거,남,17세,중상
2015071900100526,2015년 7월 19일 22시,일요일,울산광역시 남구 달동,중상사고,0,1,0,0,차대사람 - 횡단중,안전운전불이행,습기,비,단일로 - 기타,승용,여,47세,상해없음,보행자,남,34세,중상
2015072000100018,2015년 7월 20일 00시,월요일,울산광역시 남구 신정동,경상사고,0,0,1,0,차대차 - 정면충돌,중앙선침범,습기,비,단일로 - 기타,승용,남,51세,상해없음,승용,여,27세,경상
2015072000100096,2015년 7월 20일 07시,월요일,울산광역시 울주군 삼남면,경상사고,0,0,1,0,차대차 - 기타,신호위반,습기,비,교차로 - 교차로안,승용,여,42세,상해없음,승용,남,58세,경상
2015072000100141,2015년 7월 20일 08시,월요일,울산광역시 북구 중산동,중상사고,0,1,0,0,차대차 - 기타,안전거리미확보,건조,맑음,단일로 - 기타,건설기계,남,41세,상해없음,승용,여,53세,중상
2015072000100208,2015년 7월 20일 10시,월요일,울산광역시 북구 매곡동,부상신고사고,0,0,0,1,차량단독 - 공작물충돌,안전운전불이행,습기,비,단일로 - 기타,승용,여,18세,상해없음,,,,
2015072000100209,2015년 7월 20일 10시,월요일,울산광역시 남구 삼산동,경상사고,0,0,1,0,차대차 - 기타,안전운전불이행,건조,흐림,교차로 - 교차로안,승용,남,60세,상해없음,승용,여,49세,경상
2015072000100245,2015년 7월 20일 11시,월요일,울산광역시 울주군 온양읍,중상사고,0,2,0,0,차대차 - 기타,교차로운행방법위반,습기,비,교차로 - 교차로안,화물,남,56세,상해없음,승용,여,61세,중상
2015072000100285,2015년 7월 20일 12시,월요일,울산광역시 남구 야음동,중상사고,0,1,0,0,차대차 - 기타,교차로운행방법위반,건조,맑음,교차로 - 교차로안,승용,여,29세,상해없음,자전거,남,67세,중상
2015072000100317,2015년 7월 20일 13시,월요일,울산광역시 북구 신천동,경상사고,0,0,1,0,차대차 - 추돌 - 주정차중,중앙선침범,습기,흐림,단일로 - 기타,승용,남,61세,상해없음,승합,남,30세,경상
2015072000100318,2015년 7월 20일 13시,월요일,울산광역시 울주군 청량면,경상사고,0,0,1,0,차대차 - 기타,안전거리미확보,습기,비,단일로 - 기타,승용,여,46세,상해없음,화물,남,45세,경상
2015072000100355,2015년 7월 20일 14시,월요일,울산광역시 중구 반구동,경상사고,0,0,1,0,차대차 - 기타,안전운전불이행,습기,비,단일로 - 기타,화물,남,49세,상해없음,원동기,여,54세,경상
2015072000100356,2015년 7월 20일 14시,월요일,울산광역시 남구 삼산동,경상사고,0,0,1,0,차대사람 - 횡단중,안전운전불이행,습기,비,단일로 - 횡단보도상,화물,남,57세,상해없음,보행자,남,24세,경상
2015072000100397,2015년 7월 20일 15시,월요일,울산광역시 북구 시례동,부상신고사고,0,0,0,1,차대차 - 추돌 - 진행중,안전운전불이행,건조,맑음,단일로 - 기타,화물,남,56세,상해없음,승용,남,53세,부상신고
2015072000100469,2015년 7월 20일 17시,월요일,울산광역시 중구 복산동,중상사고,0,1,0,0,차대차 - 기타,불법유턴,습기,비,교차로 - 교차로부근,승용,여,64세,상해없음,승용,여,44세,중상
2015072000100470,2015년 7월 20일 17시,월요일,울산광역시 남구 무거동,경상사고,0,0,1,0,차대차 - 추돌 - 진행중,안전운전불이행,건조,맑음,단일로 - 기타,승합,남,43세,상해없음,승용,여,57세,경상
2015072000100471,2015년 7월 20일 17시,월요일,울산광역시 남구 신정동,경상사고,0,0,1,0,차대차 - 기타,안전운전불이행,건조,맑음,단일로 - 기타,승용,여,57세,상해없음,승용,여,52세,경상
2015072000100528,2015년 7월 20일 19시,월요일,울산광역시 남구 무거동,경상사고,0,0,4,0,차대차 - 측면직각충돌,직진우회전진행방해,습기,비,교차로 - 교차로안,승용,남,67세,상해없음,승용,남,24세,경상
2015072000100559,2015년 7월 20일 20시,월요일,울산광역시 울주군 청량면,경상사고,0,0,1,0,차대차 - 측면직각충돌,안전운전불이행,습기,비,단일로 - 기타,화물,남,26세,상해없음,승용,남,21세,경상
2015072000100600,2015년 7월 20일 21시,월요일,울산광역시 남구 신정동,경상사고,0,0,1,0,차대차 - 기타,안전운전불이행,습기,비,단일로 - 기타,이륜,남,39세,상해없음,이륜,남,22세,경상
2015072000100601,2015년 7월 20일 21시,월요일,울산광역시 남구 신정동,경상사고,0,0,1,0,차대차 - 측면직각충돌,신호위반,습기,비,교차로 - 교차로안,화물,남,51세,상해없음,승용,남,29세,경상
2015072000100602,2015년 7월 20일 21시,월요일,울산광역시 남구 신정동,경상사고,0,0,1,0,차대차 - 추돌 - 주정차중,안전운전불이행,건조,맑음,교차로 - 교차로안,승용,남,62세,상해없음,승용,남,62세,경상
2015072000100676,2015년 7월 20일 23시,월요일,울산광역시 남구 무거동,경상사고,0,0,2,0,차대차 - 추돌 - 주정차중,안전운전불이행,습기,비,단일로 - 기타,승용,남,21세,상해없음,화물,남,41세,경상
2015072100100020,2015년 7월 21일 00시,화요일,울산광역시 남구 달동,부상신고사고,0,0,0,1,차대사람 - 기타,안전운전불이행,건조,맑음,교차로 - 교차로부근,승용,여,37세,기타불명,보행자,남,43세,부상신고
2015072100100021,2015년 7월 21일 00시,화요일,울산광역시 동구 전하동,중상사고,0,1,0,0,차대사람 - 보도통행중,신호위반,습기,비,교차로 - 교차로안,승용,남,53세,상해없음,보행자,남,33세,상해없음
2015072100100058,2015년 7월 21일 03시,화요일,울산광역시 중구 반구동,경상사고,0,0,1,0,차대차 - 측면직각충돌,신호위반,습기,비,교차로 - 교차로안,승용,남,23세,상해없음,승용,남,38세,경상
2015072100100108,2015년 7월 21일 07시,화요일,울산광역시 북구 효문동,경상사고,0,0,1,0,차대차 - 기타,안전거리미확보,건조,맑음,단일로 - 기타,승용,남,34세,상해없음,이륜,남,28세,경상
2015072100100109,2015년 7월 21일 07시,화요일,울산광역시 남구 야음동,부상신고사고,0,0,0,1,차대차 - 추돌 - 주정차중,안전운전불이행,습기,맑음,교차로 - 교차로부근,승용,남,50세,부상신고,승용,남,50세,상해없음
2015072100100148,2015년 7월 21일 08시,화요일,울산광역시 울주군 온양읍,경상사고,0,0,1,0,차대사람 - 횡단중,안전운전불이행,건조,맑음,교차로 - 교차로안,승용,여,28세,상해없음,보행자,남,11세,경상
2015072100100399,2015년 7월 21일 16시,화요일,울산광역시 중구 우정동,경상사고,0,0,1,0,차대차 - 측면직각충돌,안전운전불이행,건조,맑음,단일로 - 기타,승용,여,60세,상해없음,승합,여,47세,경상
2015072100100566,2015년 7월 21일 21시,화요일,울산광역시 남구 달동,경상사고,0,0,4,0,차대차 - 추돌 - 진행중,안전운전불이행,건조,흐림,단일로 - 기타,승용,남,35세,상해없음,승용,여,48세,경상
2015072100100567,2015년 7월 21일 21시,화요일,울산광역시 남구 삼산동,부상신고사고,0,0,0,1,차대차 - 기타,직진우회전진행방해,건조,흐림,교차로 - 교차로안,승용,여,48세,부상신고,승용,남,48세,상해없음
2015072100100597,2015년 7월 21일 22시,화요일,울산광역시 울주군 온산읍,부상신고사고,0,0,0,1,차대차 - 측면직각충돌,신호위반,건조,맑음,교차로 - 교차로안,승용,남,35세,상해없음,승용,남,41세,부상신고
2015072100100604,2015년 7월 21일 23시,화요일,울산광역시 울주군 범서읍,경상사고,0,0,1,0,차대차 - 기타,안전거리미확보,건조,맑음,단일로 - 기타,화물,남,51세,상해없음,승용,남,25세,경상
2015072200100037,2015년 7월 22일 01시,수요일,울산광역시 남구 달동,부상신고사고,0,0,0,1,차량단독 - 전도전복,안전운전불이행,습기,비,단일로 - 기타,이륜,남,26세,부상신고,,,,
2015072200100073,2015년 7월 22일 04시,수요일,울산광역시 남구 삼산동,중상사고,0,1,0,0,차대차 - 기타,안전운전불이행,건조,맑음,교차로 - 교차로안,승용,여,50세,상해없음,승용,여,32세,중상
2015072200100099,2015년 7월 22일 06시,수요일,울산광역시 동구 동부동,중상사고,0,1,0,0,차대차 - 기타,신호위반,건조,맑음,교차로 - 교차로부근,승용,남,61세,상해없음,이륜,남,32세,중상
2015072200100135,2015년 7월 22일 07시,수요일,울산광역시 동구 방어동,경상사고,0,0,1,0,차대사람 - 횡단중,안전운전불이행,건조,맑음,단일로 - 기타,승용,남,50세,상해없음,보행자,남,73세,경상
2015072200100169,2015년 7월 22일 08시,수요일,울산광역시 남구 신정동,경상사고,0,0,1,0,차대차 - 측면직각충돌,안전운전불이행,건조,맑음,교차로 - 교차로안,자전거,남,80세,경상,승용,남,46세,상해없음
2015072200100201,2015년 7월 22일 09시,수요일,울산광역시 울주군 범서읍,경상사고,0,0,1,0,차대차 - 측면직각충돌,교차로운행방법위반,건조,맑음,교차로 - 교차로안,승용,남,56세,기타불명,승용,여,52세,상해없음
2015072200100297,2015년 7월 22일 12시,수요일,울산광역시 중구 학성동,경상사고,0,0,1,0,차대차 - 측면직각충돌,직진우회전진행방해,건조,맑음,교차로 - 교차로안,승용,남,38세,상해없음,승용,여,37세,경상
2015072200100298,2015년 7월 22일 12시,수요일,울산광역시 중구 학성동,경상사고,0,0,1,0,차대차 - 측면직각충돌,신호위반,건조,맑음,교차로 - 교차로안,승용,여,58세,상해없음,승용,남,36세,경상
2015072200100374,2015년 7월 22일 14시,수요일,울산광역시 북구 신천동,중상사고,0,1,0,0,차대차 - 측면직각충돌,안전운전불이행,건조,맑음,단일로 - 기타,화물,남,55세,상해없음,승용,여,33세,중상
2015072200100499,2015년 7월 22일 17시,수요일,울산광역시 남구 달동,중상사고,0,1,0,0,차대차 - 기타,차로위반,건조,맑음,단일로 - 기타,승용,여,69세,상해없음,승용,남,46세,중상
2015072200100611,2015년 7월 22일 20시,수요일,울산광역시 동구 서부동,중상사고,0,1,0,0,차대차 - 측면직각충돌,신호위반,건조,맑음,교차로 - 교차로안,이륜,남,33세,상해없음,이륜,남,30세,중상
2015072200100643,2015년 7월 22일 21시,수요일,울산광역시 북구 상안동,중상사고,0,1,0,0,차대사람 - 횡단중,신호위반,건조,맑음,교차로 - 교차로안,승용,남,45세,상해없음,보행자,여,60세,중상
2015072200100674,2015년 7월 22일 22시,수요일,울산광역시 북구 화봉동,경상사고,0,0,5,0,차대차 - 추돌 - 진행중,안전거리미확보,건조,맑음,단일로 - 기타,승용,남,61세,경상,승용,남,37세,경상
2015072200100675,2015년 7월 22일 22시,수요일,울산광역시 북구 연암동,경상사고,0,0,3,0,차대차 - 추돌 - 주정차중,안전운전불이행,건조,맑음,단일로 - 기타,승용,남,39세,상해없음,승용,남,33세,경상
2015072200100676,2015년 7월 22일 22시,수요일,울산광역시 남구 삼산동,부상신고사고,0,0,0,1,차대사람 - 기타,안전운전불이행,기타,맑음,단일로 - 기타,승용,기타불명,기타불명,기타불명,보행자,여,5세,부상신고
2015072200100714,2015년 7월 22일 23시,수요일,울산광역시 북구 염포동,경상사고,0,0,2,0,차대차 - 추돌 - 주정차중,안전운전불이행,건조,흐림,단일로 - 기타,승용,남,29세,상해없음,승용,남,28세,경상
2015072300100016,2015년 7월 23일 00시,목요일,울산광역시 북구 화봉동,경상사고,0,0,1,0,차대차 - 측면직각충돌,안전운전불이행,건조,맑음,단일로 - 기타,승용,남,26세,상해없음,승용,남,69세,경상
2015072300100067,2015년 7월 23일 05시,목요일,울산광역시 울주군 온양읍,중상사고,0,1,0,0,차대차 - 측면직각충돌,교차로운행방법위반,습기,비,교차로 - 교차로안,승용,남,54세,상해없음,승용,남,72세,중상
2015072300100316,2015년 7월 23일 13시,목요일,울산광역시 중구 성남동,경상사고,0,0,1,0,차대차 - 기타,안전운전불이행,건조,맑음,단일로 - 기타,승용,남,60세,경상,승용,여,52세,상해없음
2015072300100393,2015년 7월 23일 15시,목요일,울산광역시 남구 삼산동,중상사고,0,1,0,0,차대사람 - 횡단중,안전운전불이행,건조,맑음,교차로 - 교차로안,화물,남,41세,상해없음,보행자,남,45세,중상
2015072300100394,2015년 7월 23일 15시,목요일,울산광역시 동구 화정동,중상사고,0,1,0,0,차대사람 - 횡단중,보행자보호의무위반,건조,맑음,교차로 - 교차로부근,승용,여,49세,상해없음,보행자,여,49세,중상
2015072300100524,2015년 7월 23일 18시,목요일,울산광역시 동구 일산동,경상사고,0,0,1,0,차대차 - 측면직각충돌,중앙선침범,건조,맑음,교차로 - 교차로부근,이륜,남,32세,상해없음,이륜,남,17세,경상
2015072300100608,2015년 7월 23일 20시,목요일,울산광역시 중구 반구동,중상사고,0,1,0,0,차대차 - 기타,안전운전불이행,건조,맑음,단일로 - 기타,승용,여,48세,상해없음,원동기,여,45세,중상
2015072300100609,2015년 7월 23일 20시,목요일,울산광역시 남구 신정동,경상사고,0,0,1,0,차대사람 - 길가장자리구역통행중,안전운전불이행,건조,흐림,단일로 - 기타,승용,남,64세,상해없음,보행자,남,60세,경상
2015072300100610,2015년 7월 23일 20시,목요일,울산광역시 남구 삼산동,중상사고,0,2,3,0,차대차 - 기타,중앙선침범,건조,맑음,교차로 - 교차로부근,승용,남,31세,상해없음,승용,남,63세,경상
2015072300100655,2015년 7월 23일 21시,목요일,울산광역시 남구 신정동,경상사고,0,0,1,0,차대차 - 기타,안전운전불이행,건조,맑음,교차로 - 교차로안,승용,남,34세,상해없음,승용,남,30세,경상
2015072300100656,2015년 7월 23일 21시,목요일,울산광역시 울주군 온산읍,중상사고,0,1,0,0,차대차 - 기타,안전운전불이행,건조,맑음,교차로 - 교차로부근,승용,남,36세,상해없음,승용,남,27세,중상
2015072300100713,2015년 7월 23일 22시,목요일,울산광역시 북구 염포동,중상사고,0,1,1,0,차대차 - 기타,직진우회전진행방해,건조,맑음,교차로 - 교차로안,이륜,남,41세,중상,이륜,남,18세,경상
2015072300100740,2015년 7월 23일 23시,목요일,울산광역시 남구 무거동,경상사고,0,0,2,0,차대차 - 측면직각충돌,안전운전불이행,건조,맑음,단일로 - 기타,승용,남,47세,상해없음,승합,남,48세,상해없음
2015072400100040,2015년 7월 24일 00시,금요일,울산광역시 중구 태화동,경상사고,0,0,1,0,차대차 - 측면직각충돌,신호위반,건조,맑음,교차로 - 교차로안,승용,여,43세,기타불명,승용,남,30세,경상
2015072400100080,2015년 7월 24일 02시,금요일,울산광역시 남구 달동,경상사고,0,0,1,0,차대사람 - 기타,안전운전불이행,건조,맑음,교차로 - 교차로부근,승용,남,59세,상해없음,보행자,여,42세,경상
2015072400100081,2015년 7월 24일 02시,금요일,울산광역시 울주군 온산읍,중상사고,0,1,1,0,차대차 - 추돌 - 주정차중,안전운전불이행,건조,흐림,교차로 - 교차로부근,승용,남,63세,기타불명,화물,남,49세,중상
2015072400100108,2015년 7월 24일 04시,금요일,울산광역시 중구 우정동,경상사고,0,0,1,0,차대차 - 측면직각충돌,안전운전불이행,습기,흐림,단일로 - 기타,승용,남,45세,상해없음,자전거,남,90세 이상,경상
2015072400100109,2015년 7월 24일 04시,금요일,울산광역시 남구 달동,부상신고사고,0,0,0,1,차대사람 - 보도통행중,안전운전불이행,건조,맑음,교차로 - 교차로부근,승용,남,23세,상해없음,보행자,남,18세,부상신고
2015072400100199,2015년 7월 24일 08시,금요일,울산광역시 남구 삼산동,경상사고,0,0,1,0,차대차 - 측면직각충돌,교차로운행방법위반,건조,맑음,교차로 - 교차로안,승용,여,43세,상해없음,승용,남,22세,경상
2015072400100212,2015년 7월 24일 09시,금요일,울산광역시 울주군 언양읍,경상사고,0,0,3,0,차대차 - 측면직각충돌,안전운전불이행,건조,맑음,기타 - 기타,승용,여,41세,경상,승용,남,57세,상해없음
2015072400100272,2015년 7월 24일 10시,금요일,울산광역시 중구 학성동,부상신고사고,0,0,0,1,차대차 - 측면직각충돌,안전운전불이행,건조,맑음,교차로 - 교차로부근,농기계,여,66세,부상신고,승합,남,46세,상해없음
2015072400100348,2015년 7월 24일 12시,금요일,울산광역시 울주군 범서읍,경상사고,0,0,1,0,차대차 - 측면직각충돌,안전운전불이행,건조,맑음,교차로 - 교차로부근,이륜,남,23세,경상,승용,여,44세,상해없음
2015072400100383,2015년 7월 24일 13시,금요일,울산광역시 남구 선암동,경상사고,0,0,1,0,차대차 - 측면직각충돌,안전운전불이행,건조,맑음,단일로 - 기타,건설기계,남,51세,상해없음,이륜,여,18세,경상
2015072400100418,2015년 7월 24일 14시,금요일,울산광역시 중구 학성동,중상사고,0,1,0,0,차대차 - 측면직각충돌,안전운전불이행,건조,맑음,교차로 - 교차로안,승용,남,38세,상해없음,이륜,남,50세,중상
2015072400100462,2015년 7월 24일 15시,금요일,울산광역시 남구 삼산동,경상사고,0,0,1,0,차대차 - 측면직각충돌,신호위반,건조,맑음,교차로 - 교차로부근,승용,남,55세,상해없음,이륜,남,33세,경상
2015072400100499,2015년 7월 24일 16시,금요일,울산광역시 중구 다운동,경상사고,0,0,1,0,차대차 - 기타,안전거리미확보,건조,맑음,단일로 - 기타,승합,남,33세,상해없음,승용,남,59세,경상
2015072400100500,2015년 7월 24일 16시,금요일,울산광역시 북구 염포동,경상사고,0,0,1,0,차대차 - 기타,안전운전불이행,건조,맑음,단일로 - 기타,자전거,남,53세,상해없음,자전거,여,44세,경상
2015072400100501,2015년 7월 24일 16시,금요일,울산광역시 울주군 상북면,경상사고,0,0,1,0,차대차 - 측면직각충돌,안전운전불이행,건조,맑음,교차로 - 교차로안,농기계,남,68세,경상,승용,여,66세,상해없음
2015072400100542,2015년 7월 24일 17시,금요일,울산광역시 동구 방어동,경상사고,0,0,1,0,차대차 - 측면직각충돌,차로위반,건조,맑음,단일로 - 기타,승용,남,41세,상해없음,이륜,남,51세,경상
2015072400100575,2015년 7월 24일 18시,금요일,울산광역시 동구 일산동,중상사고,0,1,0,0,차대사람 - 기타,안전운전불이행,건조,맑음,단일로 - 기타,승합,남,34세,상해없음,보행자,여,63세,중상