사고번호,사고일시,요일,시군구,사고내용,사망자수,중상자수,경상자수,부상신고자수,사고유형,법규위반,노면상태,기상상태,도로형태,가해운전자 차종,가해운전자 성별,가해운전자 연령,가해운전자 상해정도,피해운전자 차종,피해운전자 성별,피해운전자 연령,피해운전자 상해정도
2015081100100720,2015년 8월 11일 23시,화요일,울산광역시 남구 옥동,경상사고,0,0,2,0,차대차 - 추돌 - 진행중,안전운전불이행,습기,비,교차로 - 교차로부근,화물,남,47세,상해없음,승용,남,19세,상해없음
2015081100100721,2015년 8월 11일 23시,화요일,울산광역시 울주군 상북면,중상사고,0,1,0,0,차대차 - 정면충돌,중앙선침범,습기,비,단일로 - 기타,화물,남,37세,상해없음,승합,남,58세,중상
2015081200100017,2015년 8월 12일 00시,수요일,울산광역시 북구 매곡동,경상사고,0,0,1,0,차대차 - 측면직각충돌,신호위반,건조,맑음,교차로 - 교차로안,승용,남,27세,상해없음,승용,남,28세,경상
2015081200100032,2015년 8월 12일 02시,수요일,울산광역시 울주군 언양읍,중상사고,0,1,0,0,차대차 - 추돌 - 진행중,안전운전불이행,건조,맑음,단일로 - 기타,승용,남,53세,상해없음,화물,남,42세,중상
2015081200100059,2015년 8월 12일 04시,수요일,울산광역시 동구 방어동,부상신고사고,0,0,0,1,차량단독 - 전도전복,안전운전불이행,건조,맑음,단일로 - 기타,승용,남,31세,상해없음,,,,
2015081200100085,2015년 8월 12일 06시,수요일,울산광역시 울주군 청량면,중상사고,0,2,1,1,차대차 - 정면충돌,중앙선침범,습기,비,단일로 - 교량,화물,남,49세,기타불명,승용,남,55세,경상
2015081200100140,2015년 8월 12일 08시,수요일,울산광역시 동구 방어동,중상사고,0,2,0,0,차대차 - 측면직각충돌,안전운전불이행,습기,비,단일로 - 기타,승용,남,54세,상해없음,승용,여,43세,중상
2015081200100197,2015년 8월 12일 10시,수요일,울산광역시 남구 달동,경상사고,0,0,3,0,차대차 - 측면직각충돌,안전운전불이행,습기,비,교차로 - 교차로부근,승용,남,64세,상해없음,승용,남,67세,경상
2015081200100198,2015년 8월 12일 10시,수요일,울산광역시 남구 무거동,경상사고,0,0,1,0,차대차 - 추돌 - 주정차중,안전운전불이행,건조,맑음,교차로 - 교차로안,승용,남,41세,경상,화물,남,44세,상해없음
2015081200100199,2015년 8월 12일 10시,수요일,울산광역시 남구 신정동,중상사고,0,1,0,0,차대사람 - 길가장자리구역통행중,안전운전불이행,건조,맑음,단일로 - 기타,특수,남,40세,상해없음,보행자,여,28세,중상
2015081200100233,2015년 8월 12일 11시,수요일,울산광역시 남구 무거동,중상사고,0,1,0,0,차대차 - 기타,안전운전불이행,건조,맑음,교차로 - 교차로안,승용,남,24세,상해없음,이륜,여,57세,중상
2015081200100234,2015년 8월 12일 11시,수요일,울산광역시 동구 화정동,경상사고,0,0,2,0,차대차 - 기타,교차로운행방법위반,습기,비,교차로 - 교차로부근,승용,기타불명,기타불명,기타불명,승용,남,61세,상해없음
2015081200100299,2015년 8월 12일 13시,수요일,울산광역시 동구 서부동,중상사고,0,1,0,0,차대차 - 기타,안전운전불이행,건조,맑음,단일로 - 기타,화물,남,38세,상해없음,자전거,남,23세,중상
2015081200100334,2015년 8월 12일 14시,수요일,울산광역시 남구 달동,경상사고,0,0,2,0,차대차 - 측면직각충돌,안전거리미확보,습기,비,단일로 - 기타,승용,남,37세,상해없음,승합,남,38세,경상
2015081200100335,2015년 8월 12일 14시,수요일,울산광역시 울주군 삼남면,중상사고,0,1,0,0,차대차 - 추돌 - 진행중,안전운전불이행,습기,비,교차로 - 교차로안,화물,남,58세,상해없음,승용,남,44세,중상
2015081200100368,2015년 8월 12일 15시,수요일,울산광역시 중구 태화동,경상사고,0,0,2,0,차대차 - 추돌 - 진행중,안전운전불이행,건조,맑음,단일로 - 기타,화물,남,20세,상해없음,승용,남,38세,경상
2015081200100411,2015년 8월 12일 16시,수요일,울산광역시 울주군 범서읍,중상사고,0,1,0,0,차대차 - 추돌 - 진행중,중앙선침범,습기,맑음,단일로 - 기타,승용,남,50세,상해없음,승용,여,40세,중상
2015081200100449,2015년 8월 12일 17시,수요일,울산광역시 울주군 온산읍,중상사고,0,1,0,0,차대차 - 추돌 - 진행중,안전운전불이행,건조,맑음,단일로 - 기타,화물,남,52세,중상,화물,남,60세,상해없음
2015081200100570,2015년 8월 12일 20시,수요일,울산광역시 중구 복산동,경상사고,0,0,1,1,차대차 - 측면직각충돌,직진우회전진행방해,습기,비,교차로 - 교차로안,승용,여,27세,부상신고,승합,남,43세,경상
2015081200100571,2015년 8월 12일 20시,수요일,울산광역시 북구 호계동,중상사고,0,1,1,0,차대차 - 추돌 - 주정차중,안전운전불이행,습기,비,단일로 - 기타,화물,남,42세,상해없음,승용,여,44세,경상
2015081200100572,2015년 8월 12일 20시,수요일,울산광역시 동구 서부동,경상사고,0,0,2,0,차대차 - 추돌 - 주정차중,안전운전불이행,습기,비,교차로 - 교차로부근,화물,남,50세,상해없음,승용,남,31세,경상
2015081200100573,2015년 8월 12일 20시,수요일,울산광역시 울주군 언양읍,경상사고,0,0,1,0,차대차 - 기타,중앙선침범,건조,맑음,단일로 - 기타,승용,남,69세,상해없음,이륜,남,52세,경상
2015081200100574,2015년 8월 12일 20시,수요일,울산광역시 울주군 삼남면,중상사고,0,1,0,0,차대사람 - 차도통행중,안전운전불이행,습기,비,단일로 - 기타,승용,남,35세,상해없음,보행자,남,66세,중상
2015081200100605,2015년 8월 12일 21시,수요일,울산광역시 동구 미포동,중상사고,0,1,0,0,차대사람 - 차도통행중,안전운전불이행,습기,비,교차로 - 교차로부근,기타불명,기타불명,기타불명,기타불명,보행자,여,54세,중상
2015081200100633,2015년 8월 12일 22시,수요일,울산광역시 남구 야음동,사망사고,1,0,0,0,차대차 - 정면충돌,신호위반,습기,비,교차로 - 교차로안,이륜,남,48세,사망,승용,남,44세,상해없음
2015081300100024,2015년 8월 13일 00시,목요일,울산광역시 중구 태화동,부상신고사고,0,0,0,1,차대차 - 추돌 - 주정차중,안전운전불이행,습기,비,단일로 - 기타,승용,여,21세,부상신고,승용,여,44세,기타불명
2015081300100043,2015년 8월 13일 01시,목요일,울산광역시 북구 명촌동,중상사고,0,1,2,1,차대차 - 추돌 - 주정차중,안전운전불이행,습기,안개,단일로 - 기타,승용,여,52세,부상신고,승용,남,46세,경상
2015081300100186,2015년 8월 13일 09시,목요일,울산광역시 북구 효문동,경상사고,0,0,1,0,차대차 - 기타,안전운전불이행,건조,맑음,단일로 - 기타,화물,남,48세,상해없음,승용,여,53세,경상
2015081300100210,2015년 8월 13일 10시,목요일,울산광역시 울주군 온양읍,경상사고,0,0,1,0,차대차 - 측면직각충돌,교차로운행방법위반,건조,맑음,교차로 - 교차로안,승용,남,67세,상해없음,승용,여,42세,경상
2015081300100344,2015년 8월 13일 14시,목요일,울산광역시 중구 복산동,중상사고,0,1,0,0,차대사람 - 기타,안전운전불이행,건조,맑음,단일로 - 기타,승용,여,48세,상해없음,보행자,남,90세 이상,중상
2015081300100417,2015년 8월 13일 16시,목요일,울산광역시 중구 다운동,중상사고,0,1,0,1,차량단독 - 공작물충돌,안전운전불이행,건조,맑음,단일로 - 기타,승용,남,60세,부상신고,,,,
2015081300100461,2015년 8월 13일 17시,목요일,울산광역시 동구 전하동,경상사고,0,0,1,0,차대차 - 추돌 - 진행중,안전운전불이행,건조,맑음,단일로 - 기타,이륜,남,17세,상해없음,이륜,남,30세,경상
2015081300100462,2015년 8월 13일 17시,목요일,울산광역시 동구 방어동,중상사고,0,2,0,0,차대차 - 기타,교차로운행방법위반,건조,맑음,교차로 - 교차로안,승용,남,57세,상해없음,원동기,남,27세,중상
2015081300100515,2015년 8월 13일 18시,목요일,울산광역시 동구 서부동,중상사고,0,1,0,0,차대차 - 기타,안전운전불이행,건조,맑음,단일로 - 기타,이륜,남,63세,상해없음,승합,남,65세,상해없음
2015081300100516,2015년 8월 13일 18시,목요일,울산광역시 북구 염포동,경상사고,0,0,1,0,차대사람 - 기타,안전운전불이행,건조,맑음,단일로 - 기타,승합,남,50세,상해없음,보행자,여,44세,경상
2015081300100558,2015년 8월 13일 19시,목요일,울산광역시 북구 호계동,경상사고,0,0,1,0,차대차 - 추돌 - 주정차중,안전운전불이행,건조,흐림,단일로 - 기타,이륜,남,18세,경상,승용,남,23세,상해없음
2015081300100559,2015년 8월 13일 19시,목요일,울산광역시 북구 진장동,중상사고,0,1,4,0,차대차 - 추돌 - 주정차중,안전운전불이행,건조,맑음,교차로 - 교차로부근,승용,여,50세,상해없음,화물,남,49세,중상
2015081300100599,2015년 8월 13일 20시,목요일,울산광역시 남구 신정동,경상사고,0,0,1,0,차대사람 - 기타,안전운전불이행,건조,맑음,단일로 - 기타,승용,남,29세,상해없음,보행자,여,34세,경상
2015081300100600,2015년 8월 13일 20시,목요일,울산광역시 울주군 삼남면,중상사고,0,1,0,0,차대차 - 기타,신호위반,습기,비,단일로 - 기타,승용,남,59세,상해없음,이륜,남,43세,중상
2015081300100668,2015년 8월 13일 22시,목요일,울산광역시 북구 신천동,경상사고,0,0,1,0,차대사람 - 횡단중,보행자보호의무위반,건조,맑음,단일로 - 횡단보도상,승용,남,31세,상해없음,보행자,남,7세,경상
2015081300100669,2015년 8월 13일 22시,목요일,울산광역시 중구 태화동,경상사고,0,0,1,0,차대차 - 측면직각충돌,직진우회전진행방해,건조,맑음,교차로 - 교차로안,승용,남,33세,상해없음,이륜,남,46세,경상
2015081400100026,2015년 8월 14일 00시,금요일,울산광역시 남구 삼산동,경상사고,0,0,3,0,차대차 - 측면직각충돌,신호위반,건조,맑음,교차로 - 교차로안,승용,남,40세,상해없음,승용,남,53세,상해없음
2015081400100047,2015년 8월 14일 01시,금요일,울산광역시 북구 신현동,중상사고,0,1,3,0,차대차 - 추돌 - 진행중,안전운전불이행,건조,맑음,단일로 - 기타,승용,남,25세,상해없음,승용,남,27세,중상
2015081400100048,2015년 8월 14일 01시,금요일,울산광역시 울주군 언양읍,부상신고사고,0,0,0,1,차대사람 - 기타,안전운전불이행,건조,맑음,단일로 - 기타,승용,여,32세,상해없음,보행자,남,54세,부상신고
2015081400100067,2015년 8월 14일 02시,금요일,울산광역시 남구 신정동,중상사고,0,1,0,0,차대사람 - 차도통행중,안전운전불이행,건조,맑음,교차로 - 교차로부근,승용,남,39세,상해없음,보행자,여,66세,중상
2015081400100079,2015년 8월 14일 03시,금요일,울산광역시 북구 명촌동,중상사고,0,2,0,0,차량단독 - 공작물충돌,안전운전불이행,건조,맑음,단일로 - 기타,승용,남,19세,상해없음,,,,
2015081400100080,2015년 8월 14일 03시,금요일,울산광역시 북구 명촌동,경상사고,0,0,1,0,차량단독 - 기타,안전운전불이행,건조,맑음,단일로 - 기타,이륜,남,17세,경상,,,,
2015081400100117,2015년 8월 14일 06시,금요일,울산광역시 남구 달동,중상사고,0,1,2,0,차대차 - 측면직각충돌,신호위반,건조,맑음,교차로 - 교차로안,원동기,남,22세,경상,승용,남,28세,경상
2015081400100184,2015년 8월 14일 09시,금요일,울산광역시 중구 태화동,경상사고,0,0,1,0,차대차 - 기타,안전운전불이행,건조,맑음,단일로 - 기타,원동기,남,89세,경상,화물,남,26세,상해없음
2015081400100185,2015년 8월 14일 09시,금요일,울산광역시 남구 신정동,중상사고,0,1,0,0,차대사람 - 기타,안전운전불이행,건조,맑음,단일로 - 기타,승용,남,66세,상해없음,보행자,여,70세,중상
2015081400100217,2015년 8월 14일 10시,금요일,울산광역시 남구 신정동,경상사고,0,0,1,0,차대차 - 추돌 - 진행중,안전거리미확보,건조,맑음,교차로 - 교차로부근,화물,남,29세,상해없음,화물,남,29세,경상
2015081400100287,2015년 8월 14일 12시,금요일,울산광역시 동구 전하동,중상사고,0,1,0,0,차대차 - 기타,신호위반,건조,맑음,교차로 - 교차로부근,이륜,남,65세,상해없음,이륜,남,55세,중상
2015081400100336,2015년 8월 14일 13시,금요일,울산광역시 남구 무거동,경상사고,0,0,1,0,차대사람 - 기타,보행자보호의무위반,건조,맑음,단일로 - 기타,승용,여,52세,상해없음,보행자,남,15세,경상
2015081400100369,2015년 8월 14일 14시,금요일,울산광역시 중구 다운동,경상사고,0,0,1,0,차대사람 - 횡단중,보행자보호의무위반,건조,맑음,단일로 - 횡단보도상,화물,남,51세,상해없음,보행자,여,16세,경상
2015081400100370,2015년 8월 14일 14시,금요일,울산광역시 울주군 범서읍,중상사고,0,1,0,0,차대차 - 정면충돌,안전운전불이행,건조,맑음,단일로 - 기타,이륜,남,32세,상해없음,자전거,남,15세,중상
2015081400100452,2015년 8월 14일 16시,금요일,울산광역시 중구 북정동,경상사고,0,0,2,0,차대차 - 기타,안전거리미확보,건조,맑음,교차로 - 교차로부근,화물,남,57세,상해없음,화물,남,37세,경상
2015081400100496,2015년 8월 14일 17시,금요일,울산광역시 중구 학성동,중상사고,0,1,0,0,차대사람 - 횡단중,보행자보호의무위반,건조,맑음,단일로 - 횡단보도상,승용,남,55세,상해없음,보행자,여,61세,중상
2015081400100497,2015년 8월 14일 17시,금요일,울산광역시 중구 반구동,경상사고,0,0,2,0,차대차 - 측면직각충돌,교차로운행방법위반,건조,맑음,교차로 - 교차로안,승용,여,47세,경상,승용,여,39세,경상
2015081400100564,2015년 8월 14일 19시,금요일,울산광역시 남구 삼산동,경상사고,0,0,2,0,차대차 - 측면직각충돌,안전거리미확보,건조,맑음,단일로 - 기타,승용,남,57세,경상,승용,남,54세,경상
2015081400100603,2015년 8월 14일 20시,금요일,울산광역시 중구 태화동,경상사고,0,0,1,0,차대차 - 측면직각충돌,안전운전불이행,건조,맑음,단일로 - 기타,원동기,남,22세,경상,승용,남,75세,상해없음
2015081400100666,2015년 8월 14일 22시,금요일,울산광역시 남구 삼산동,경상사고,0,0,1,0,차대차 - 측면직각충돌,교차로운행방법위반,건조,맑음,교차로 - 교차로안,승용,남,53세,상해없음,이륜,남,30세,경상
2015081400100694,2015년 8월 14일 23시,금요일,울산광역시 남구 신정동,경상사고,0,0,1,0,차대차 - 기타,안전운전불이행,건조,맑음,교차로 - 교차로안,이륜,남,26세,경상,승용,남,32세,상해없음
2015081400100695,2015년 8월 14일 23시,금요일,울산광역시 동구 화정동,중상사고,0,1,0,0,차대차 - 측면직각충돌,직진우회전진행방해,건조,맑음,교차로 - 교차로안,승용,남,52세,상해없음,이륜,남,21세,중상
2015081500100030,2015년 8월 15일 00시,토요일,울산광역시 남구 신정동,경상사고,0,0,4,0,차대차 - 추돌 - 진행중,안전운전불이행,건조,맑음,단일로 - 기타,승용,남,28세,상해없음,승용,남,18세,경상
2015081500100113,2015년 8월 15일 06시,토요일,울산광역시 동구 일산동,경상사고,0,0,1,0,차대사람 - 기타,신호위반,건조,맑음,단일로 - 횡단보도상,승용,남,28세,상해없음,보행자,여,49세,경상
2015081500100167,2015년 8월 15일 09시,토요일,울산광역시 울주군 범서읍,중상사고,0,1,2,0,차대차 - 기타,안전거리미확보,건조,맑음,단일로 - 기타,승용,남,28세,기타불명,승용,남,53세,중상
2015081500100280,2015년 8월 15일 13시,토요일,울산광역시 동구 방어동,경상사고,0,0,1,0,차대사람 - 횡단중,보행자보호의무위반,건조,맑음,단일로 - 기타,승용,남,30세,상해없음,보행자,여,12세,경상
2015081500100421,2015년 8월 15일 18시,토요일,울산광역시 중구 서동,경상사고,0,0,1,0,차대차 - 기타,신호위반,건조,맑음,교차로 - 교차로안,승용,남,43세,기타불명,승용,남,37세,경상
2015081500100422,2015년 8월 15일 18시,토요일,울산광역시 북구 어물동,경상사고,0,0,1,0,차대차 - 기타,안전운전불이행,건조,맑음,단일로 - 기타,승용,남,44세,상해없음,승용,남,36세,경상
2015081500100461,2015년 8월 15일 19시,토요일,울산광역시 남구 무거동,부상신고사고,0,0,0,1,차대차 - 기타,중앙선침범,건조,맑음,단일로 - 기타,승용,기타불명,기타불명,기타불명,이륜,남,18세,부상신고
2015081500100500,2015년 8월 15일 20시,토요일,울산광역시 북구 매곡동,중상사고,0,1,0,0,차대차 - 기타,안전거리미확보,건조,맑음,교차로 - 교차로부근,원동기,남,18세,중상,승용,남,22세,상해없음
2015081500100501,2015년 8월 15일 20시,토요일,울산광역시 울주군 언양읍,경상사고,0,0,4,0,차대차 - 측면직각충돌,신호위반,건조,맑음,교차로 - 교차로안,승용,여,66세,상해없음,승용,남,35세,경상
2015081600100161,2015년 8월 16일 10시,일요일,울산광역시 중구 태화동,부상신고사고,0,0,0,1,차대차 - 기타,중앙선침범,건조,맑음,단일로 - 기타,자전거,남,21세,부상신고,승용,남,60세,상해없음
2015081600100206,2015년 8월 16일 12시,일요일,울산광역시 중구 반구동,경상사고,0,0,1,0,차대차 - 측면직각충돌,안전거리미확보,건조,맑음,교차로 - 교차로부근,승용,여,53세,상해없음,승용,남,52세,경상
2015081600100276,2015년 8월 16일 14시,일요일,울산광역시 북구 산하동,중상사고,0,1,0,0,차대사람 - 기타,안전운전불이행,건조,맑음,단일로 - 기타,승용,남,44세,상해없음,보행자,남,67세,중상
2015081600100277,2015년 8월 16일 14시,일요일,울산광역시 울주군 범서읍,부상신고사고,0,0,0,1,차대차 - 추돌 - 진행중,안전운전불이행,건조,맑음,교차로 - 교차로안,원동기,남,74세,부상신고,승용,여,46세,상해없음
2015081600100312,2015년 8월 16일 15시,일요일,울산광역시 남구 삼산동,중상사고,0,1,0,0,차대차 - 기타,안전운전불이행,건조,맑음,단일로 - 기타,자전거,남,54세,상해없음,자전거,남,47세,중상
2015081600100379,2015년 8월 16일 17시,일요일,울산광역시 중구 약사동,경상사고,0,0,1,0,차대차 - 측면직각충돌,직진우회전진행방해,건조,맑음,교차로 - 교차로안,이륜,남,17세,경상,승용,남,52세,상해없음
2015081600100592,2015년 8월 16일 23시,일요일,울산광역시 남구 삼산동,경상사고,0,0,3,0,차대차 - 측면직각충돌,신호위반,습기,비,교차로 - 교차로안,승용,남,45세,상해없음,승용,남,54세,경상
2015081600100593,2015년 8월 16일 23시,일요일,울산광역시 남구 달동,중상사고,0,1,0,0,차대사람 - 기타,안전운전불이행,습기,비,교차로 - 교차로부근,승용,남,55세,상해없음,보행자,여,33세,중상
2015081700100013,2015년 8월 17일 00시,월요일,울산광역시 중구 복산동,경상사고,0,0,2,0,차대차 - 추돌 - 진행중,안전거리미확보,건조,맑음,교차로 - 교차로부근,승용,남,54세,상해없음,승용,남,53세,경상
2015081700100060,2015년 8월 17일 06시,월요일,울산광역시 북구 효문동,경상사고,0,0,4,0,차대차 - 추돌 - 진행중,안전거리미확보,건조,맑음,단일로 - 기타,승용,여,52세,경상,승용,남,29세,경상
2015081700100088,2015년 8월 17일 07시,월요일,울산광역시 남구 여천동,경상사고,0,0,1,0,차대차 - 측면직각충돌,교차로운행방법위반,건조,맑음,교차로 - 교차로부근,화물,남,49세,상해없음,특수,남,26세,경상
2015081700100089,2015년 8월 17일 07시,월요일,울산광역시 울주군 온산읍,경상사고,0,0,1,0,차대차 - 추돌 - 진행중,차로위반,습기,흐림,단일로 - 횡단보도부근,화물,남,44세,상해없음,승용,남,25세,경상
2015081700100123,2015년 8월 17일 08시,월요일,울산광역시 남구 부곡동,경상사고,0,0,2,0,차대차 - 측면직각충돌,안전운전불이행,습기,흐림,교차로 - 교차로안,승용,여,25세,경상,승용,남,31세,경상
2015081700100124,2015년 8월 17일 08시,월요일,울산광역시 남구 옥동,경상사고,0,0,1,0,차대차 - 추돌 - 주정차중,안전운전불이행,건조,맑음,교차로 - 교차로부근,승용,여,44세,상해없음,승용,남,66세,경상
2015081700100148,2015년 8월 17일 09시,월요일,울산광역시 중구 유곡동,중상사고,0,1,2,0,차대차 - 기타,안전거리미확보,건조,맑음,단일로 - 기타,화물,남,66세,상해없음,승용,남,34세,경상
2015081700100235,2015년 8월 17일 11시,월요일,울산광역시 중구 성안동,경상사고,0,0,1,0,차대차 - 기타,안전운전불이행,건조,맑음,단일로 - 기타,승용,남,62세,상해없음,승용,여,46세,경상
2015081700100391,2015년 8월 17일 15시,월요일,울산광역시 북구 매곡동,경상사고,0,0,1,0,차대차 - 기타,신호위반,건조,맑음,교차로 - 교차로안,승용,여,30세,상해없음,자전거,남,10세,경상
2015081700100392,2015년 8월 17일 15시,월요일,울산광역시 북구 염포동,경상사고,0,0,1,0,차대차 - 기타,안전운전불이행,건조,맑음,단일로 - 기타,화물,남,46세,상해없음,이륜,남,39세,경상
2015081700100437,2015년 8월 17일 16시,월요일,울산광역시 남구 삼산동,경상사고,0,0,1,0,차대차 - 기타,안전운전불이행,건조,맑음,단일로 - 기타,승용,남,38세,상해없음,자전거,남,5세,경상
2015081700100438,2015년 8월 17일 16시,월요일,울산광역시 울주군 삼남면,경상사고,0,0,1,0,차대사람 - 기타,안전운전불이행,건조,맑음,단일로 - 기타,승용,여,61세,상해없음,보행자,여,48세,경상
2015081700100494,2015년 8월 17일 17시,월요일,울산광역시 북구 염포동,중상사고,0,1,0,0,차대차 - 기타,안전운전불이행,건조,맑음,교차로 - 교차로부근,이륜,남,71세,상해없음,이륜,남,54세,중상
2015081700100495,2015년 8월 17일 17시,월요일,울산광역시 울주군 삼남면,경상사고,0,0,1,0,차대사람 - 기타,안전운전불이행,건조,맑음,단일로 - 기타,승용,남,54세,상해없음,보행자,여,78세,경상
2015081700100540,2015년 8월 17일 18시,월요일,울산광역시 동구 서부동,경상사고,0,0,2,0,차대차 - 측면직각충돌,안전거리미확보,건조,맑음,단일로 - 기타,승용,남,33세,상해없음,승용,남,60세,경상
2015081700100602,2015년 8월 17일 20시,월요일,울산광역시 울주군 언양읍,경상사고,0,0,2,0,차대차 - 측면직각충돌,안전거리미확보,건조,맑음,단일로 - 기타,승용,남,49세,상해없음,화물,남,62세,경상
2015081700100663,2015년 8월 17일 21시,월요일,울산광역시 남구 무거동,중상사고,0,1,0,0,차대사람 - 기타,안전운전불이행,건조,맑음,단일로 - 기타,승용,남,57세,기타불명,보행자,남,41세,중상
2015081700100698,2015년 8월 17일 22시,월요일,울산광역시 울주군 온양읍,경상사고,0,0,1,0,차대사람 - 기타,안전운전불이행,건조,맑음,단일로 - 기타,기타불명,기타불명,기타불명,기타불명,보행자,남,44세,경상
2015081700100716,2015년 8월 17일 23시,월요일,울산광역시 울주군 온산읍,경상사고,0,0,1,1,차대차 - 추돌 - 진행중,중앙선침범,건조,맑음,단일로 - 기타,화물,남,53세,상해없음,승용,남,22세,부상신고
2015081800100111,2015년 8월 18일 07시,화요일,울산광역시 동구 방어동,중상사고,0,1,0,0,차대차 - 측면직각충돌,교차로운행방법위반,건조,맑음,교차로 - 교차로안,승용,남,25세,상해없음,이륜,남,38세,중상
2015081800100191,2015년 8월 18일 09시,화요일,울산광역시 중구 학성동,중상사고,0,1,0,0,차대차 - 측면직각충돌,교차로운행방법위반,건조,맑음,교차로 - 교차로안,승합,남,33세,상해없음,이륜,여,62세,중상
2015081800100192,2015년 8월 18일 09시,화요일,울산광역시 중구 약사동,경상사고,0,0,1,0,차대차 - 추돌 - 진행중,안전운전불이행,건조,맑음,단일로 - 기타,화물,남,42세,상해없음,승용,여,45세,경상
2015081800100193,2015년 8월 18일 09시,화요일,울산광역시 남구 신정동,사망사고,1,0,0,0,차대차 - 측면직각충돌,안전운전불이행,건조,맑음,교차로 - 교차로안,승용,여,40세,상해없음,이륜,남,73세,사망
2015081800100259,2015년 8월 18일 12시,화요일,울산광역시 울주군 언양읍,중상사고,0,1,0,1,차대차 - 추돌 - 진행중,안전운전불이행,건조,맑음,단일로 - 기타,승용,여,40세,부상신고,화물,남,48세,중상
2015081800100356,2015년 8월 18일 14시,화요일,울산광역시 남구 부곡동,중상사고,0,1,0,0,차대차 - 측면직각충돌,직진우회전진행방해,건조,맑음,교차로 - 교차로안,승용,남,57세,상해없음,화물,남,44세,중상
2015081800100471,2015년 8월 18일 17시,화요일,울산광역시 남구 삼산동,중상사고,0,1,0,0,차대차 - 기타,안전운전불이행,건조,맑음,교차로 - 교차로안,승합,남,51세,상해없음,승용,남,35세,중상
2015081800100507,2015년 8월 18일 18시,화요일,울산광역시 중구 남외동,경상사고,0,0,1,0,차대차 - 기타,안전운전불이행,건조,맑음,단일로 - 기타,승용,남,47세,상해없음,승용,남,25세,상해없음
2015081800100508,2015년 8월 18일 18시,화요일,울산광역시 남구 달동,경상사고,0,0,1,0,차대차 - 기타,신호위반,건조,맑음,교차로 - 교차로안,승용,기타불명,기타불명,기타불명,이륜,남,17세,경상
2015081800100573,2015년 8월 18일 20시,화요일,울산광역시 중구 태화동,경상사고,0,0,2,0,차대차 - 기타,안전운전불이행,건조,맑음,단일로 - 교량,승용,남,63세,상해없음,승용,여,51세,경상
2015081800100574,2015년 8월 18일 20시,화요일,울산광역시 남구 신정동,경상사고,0,0,1,0,차대차 - 추돌 - 진행중,안전운전불이행,건조,맑음,단일로 - 기타,승용,남,22세,상해없음,승용,여,47세,경상
2015081800100596,2015년 8월 18일 21시,화요일,울산광역시 동구 화정동,중상사고,0,1,0,0,차대사람 - 기타,안전운전불이행,건조,맑음,단일로 - 기타,승용,여,60세,상해없음,보행자,여,68세,중상
2015081800100622,2015년 8월 18일 22시,화요일,울산광역시 남구 달동,중상사고,0,1,0,0,차대사람 - 횡단중,보행자보호의무위반,건조,맑음,단일로 - 횡단보도상,승용,남,65세,상해없음,보행자,남,23세,중상
2015081800100648,2015년 8월 18일 23시,화요일,울산광역시 중구 북정동,경상사고,0,0,1,0,차대차 - 추돌 - 주정차중,안전운전불이행,건조,맑음,단일로 - 기타,승용,남,39세,상해없음,승용,여,59세,경상
2015081800100649,2015년 8월 18일 23시,화요일,울산광역시 울주군 범서읍,부상신고사고,0,0,0,2,차대차 - 기타,안전운전불이행,건조,맑음,단일로 - 기타,승용,남,33세,부상신고,승용,남,34세,상해없음
2015081900100112,2015년 8월 19일 07시,수요일,울산광역시 남구 달동,경상사고,0,0,4,0,차대차 - 측면직각충돌,안전거리미확보,건조,맑음,단일로 - 기타,화물,남,28세,상해없음,승합,남,60세,경상
2015081900100113,2015년 8월 19일 07시,수요일,울산광역시 남구 삼산동,경상사고,0,0,1,1,차대차 - 정면충돌,안전운전불이행,건조,맑음,기타 - 기타,자전거,남,46세,부상신고,자전거,남,52세,경상
2015081900100147,2015년 8월 19일 08시,수요일,울산광역시 동구 서부동,중상사고,0,1,0,0,차대차 - 측면직각충돌,안전운전불이행,건조,맑음,단일로 - 기타,승용,남,31세,상해없음,원동기,남,66세,중상
2015081900100209,2015년 8월 19일 11시,수요일,울산광역시 울주군 언양읍,중상사고,0,2,6,1,차대차 - 추돌 - 진행중,안전거리미확보,건조,맑음,단일로 - 기타,승합,남,45세,상해없음,승용,여,55세,경상
2015081900100233,2015년 8월 19일 11시,수요일,울산광역시 동구 일산동,경상사고,0,0,1,0,차대차 - 기타,안전운전불이행,건조,맑음,교차로 - 교차로부근,승용,남,53세,상해없음,승용,여,54세,경상
2015081900100259,2015년 8월 19일 12시,수요일,울산광역시 북구 화봉동,중상사고,0,1,0,0,차대사람 - 횡단중,신호위반,건조,맑음,교차로 - 교차로부근,승합,남,57세,상해없음,보행자,여,27세,중상
2015081900100260,2015년 8월 19일 12시,수요일,울산광역시 남구 무거동,중상사고,0,1,1,0,차대차 - 기타,차로위반,건조,맑음,교차로 - 교차로부근,화물,남,55세,상해없음,승용,여,20세,중상
2015081900100289,2015년 8월 19일 13시,수요일,울산광역시 중구 복산동,경상사고,0,0,3,0,차대차 - 추돌 - 주정차중,안전거리미확보,건조,맑음,단일로 - 기타,화물,남,58세,상해없음,승용,여,33세,경상