사고번호,사고일시,요일,시군구,사고내용,사망자수,중상자수,경상자수,부상신고자수,사고유형,법규위반,노면상태,기상상태,도로형태,가해운전자 차종,가해운전자 성별,가해운전자 연령,가해운전자 상해정도,피해운전자 차종,피해운전자 성별,피해운전자 연령,피해운전자 상해정도
2015090400100198,2015년 9월 4일 09시,금요일,울산광역시 남구 신정동,경상사고,0,0,1,0,차대사람 - 횡단중,보행자보호의무위반,건조,맑음,교차로 - 교차로안,승용,여,31세,상해없음,보행자,여,55세,경상
2015090400100254,2015년 9월 4일 11시,금요일,울산광역시 남구 달동,경상사고,0,0,1,0,차대차 - 추돌 - 진행중,안전운전불이행,건조,맑음,교차로 - 교차로부근,화물,남,39세,상해없음,승용,남,35세,경상
2015090400100255,2015년 9월 4일 11시,금요일,울산광역시 울주군 두서면,중상사고,0,1,0,0,차대차 - 추돌 - 주정차중,안전운전불이행,건조,맑음,단일로 - 기타,화물,남,46세,상해없음,승용,여,31세,중상
2015090400100278,2015년 9월 4일 12시,금요일,울산광역시 울주군 두서면,경상사고,0,0,1,0,차대차 - 측면직각충돌,중앙선침범,건조,맑음,교차로 - 교차로안,건설기계,남,50세,기타불명,승용,남,50세,경상
2015090400100339,2015년 9월 4일 14시,금요일,울산광역시 북구 매곡동,부상신고사고,0,0,0,1,차량단독 - 공작물충돌,안전운전불이행,건조,맑음,단일로 - 기타,승용,여,48세,부상신고,,,,
2015090400100508,2015년 9월 4일 18시,금요일,울산광역시 동구 서부동,경상사고,0,0,1,0,차대차 - 추돌 - 주정차중,안전운전불이행,건조,맑음,교차로 - 교차로부근,승용,남,62세,상해없음,승용,남,61세,상해없음
2015090400100509,2015년 9월 4일 18시,금요일,울산광역시 울주군 범서읍,중상사고,0,1,2,0,차대차 - 추돌 - 주정차중,안전운전불이행,건조,맑음,단일로 - 기타,승용,남,56세,상해없음,승용,남,38세,중상
2015090400100510,2015년 9월 4일 18시,금요일,울산광역시 울주군 온양읍,경상사고,0,0,2,0,차대차 - 추돌 - 진행중,안전운전불이행,건조,맑음,교차로 - 교차로부근,승용,여,28세,상해없음,승용,남,38세,경상
2015090400100564,2015년 9월 4일 19시,금요일,울산광역시 울주군 상북면,중상사고,0,2,0,0,차대차 - 정면충돌,중앙선침범,건조,맑음,단일로 - 기타,승용,남,56세,상해없음,승용,남,62세,중상
2015090400100606,2015년 9월 4일 20시,금요일,울산광역시 남구 달동,경상사고,0,0,1,0,차대차 - 측면직각충돌,불법유턴,건조,맑음,교차로 - 교차로부근,자전거,남,42세,경상,승용,여,45세,상해없음
2015090400100638,2015년 9월 4일 21시,금요일,울산광역시 중구 다운동,중상사고,0,1,0,0,차대사람 - 기타,안전운전불이행,건조,맑음,교차로 - 교차로안,승용,남,30세,상해없음,보행자,남,56세,중상
2015090400100670,2015년 9월 4일 22시,금요일,울산광역시 중구 학성동,경상사고,0,0,1,1,차대차 - 기타,직진우회전진행방해,건조,맑음,교차로 - 교차로안,이륜,남,18세,부상신고,화물,남,69세,상해없음
2015090400100703,2015년 9월 4일 23시,금요일,울산광역시 남구 달동,경상사고,0,0,2,0,차대차 - 추돌 - 주정차중,안전운전불이행,건조,맑음,단일로 - 기타,승용,남,40세,상해없음,승용,여,43세,경상
2015090500100021,2015년 9월 5일 00시,토요일,울산광역시 남구 삼산동,경상사고,0,0,1,0,차대사람 - 횡단중,안전운전불이행,건조,맑음,교차로 - 교차로부근,승용,남,30세,상해없음,보행자,남,21세,경상
2015090500100022,2015년 9월 5일 00시,토요일,울산광역시 북구 양정동,경상사고,0,0,2,0,차대차 - 기타,안전거리미확보,건조,흐림,단일로 - 기타,승용,남,22세,상해없음,승용,남,52세,경상
2015090500100081,2015년 9월 5일 03시,토요일,울산광역시 중구 옥교동,경상사고,0,0,1,0,차대차 - 추돌 - 주정차중,안전운전불이행,건조,맑음,단일로 - 기타,승용,남,26세,상해없음,승용,남,52세,경상
2015090500100082,2015년 9월 5일 03시,토요일,울산광역시 남구 달동,경상사고,0,0,1,0,차대사람 - 기타,안전운전불이행,건조,맑음,단일로 - 기타,승용,여,26세,상해없음,보행자,남,32세,경상
2015090500100122,2015년 9월 5일 06시,토요일,울산광역시 남구 달동,경상사고,0,0,1,0,차대사람 - 길가장자리구역통행중,안전운전불이행,건조,맑음,단일로 - 기타,승용,남,29세,기타불명,보행자,남,20세,경상
2015090500100163,2015년 9월 5일 08시,토요일,울산광역시 울주군 범서읍,부상신고사고,0,0,0,1,차대차 - 추돌 - 진행중,중앙선침범,건조,맑음,단일로 - 기타,승용,남,29세,상해없음,승용,남,25세,부상신고
2015090500100231,2015년 9월 5일 10시,토요일,울산광역시 중구 남외동,중상사고,0,1,0,0,차대사람 - 기타,안전운전불이행,건조,맑음,기타 - 기타,자전거,여,29세,상해없음,보행자,여,61세,중상
2015090500100232,2015년 9월 5일 10시,토요일,울산광역시 남구 달동,부상신고사고,0,0,0,1,차대사람 - 길가장자리구역통행중,안전운전불이행,건조,맑음,단일로 - 기타,승용,남,33세,기타불명,보행자,남,54세,부상신고
2015090500100305,2015년 9월 5일 12시,토요일,울산광역시 울주군 온산읍,부상신고사고,0,0,0,1,차대차 - 측면직각충돌,교차로운행방법위반,건조,맑음,교차로 - 교차로안,이륜,남,18세,부상신고,승용,여,43세,상해없음
2015090500100384,2015년 9월 5일 14시,토요일,울산광역시 남구 선암동,경상사고,0,0,1,0,차대차 - 측면직각충돌,안전운전불이행,기타,맑음,교차로 - 교차로안,승용,남,56세,상해없음,승용,남,67세,경상
2015090500100454,2015년 9월 5일 16시,토요일,울산광역시 북구 연암동,경상사고,0,0,2,0,차대차 - 추돌 - 주정차중,안전운전불이행,건조,맑음,단일로 - 기타,승용,여,24세,상해없음,승용,남,68세,경상
2015090500100495,2015년 9월 5일 17시,토요일,울산광역시 울주군 온산읍,중상사고,0,1,0,0,차대차 - 추돌 - 진행중,교차로운행방법위반,건조,맑음,교차로 - 교차로안,승용,여,23세,상해없음,원동기,남,57세,중상
2015090500100496,2015년 9월 5일 17시,토요일,울산광역시 울주군 온양읍,부상신고사고,0,0,0,1,차량단독 - 공작물충돌,안전운전불이행,건조,맑음,단일로 - 기타,원동기,남,66세,부상신고,,,,
2015090500100538,2015년 9월 5일 18시,토요일,울산광역시 울주군 상북면,중상사고,0,2,0,0,차량단독 - 도로외이탈 - 추락,교차로운행방법위반,건조,맑음,교차로 - 교차로안,승용,여,63세,기타불명,,,,
2015090500100653,2015년 9월 5일 21시,토요일,울산광역시 중구 학성동,중상사고,0,2,0,0,차대차 - 측면직각충돌,안전거리미확보,습기,비,단일로 - 기타,승용,남,50세,상해없음,승용,여,31세,중상
2015090500100686,2015년 9월 5일 22시,토요일,울산광역시 북구 상안동,부상신고사고,0,0,0,1,차대차 - 추돌 - 진행중,교차로운행방법위반,습기,비,교차로 - 교차로안,승용,남,30세,부상신고,승합,남,40세,상해없음
2015090500100687,2015년 9월 5일 22시,토요일,울산광역시 동구 화정동,중상사고,0,1,0,0,차대사람 - 기타,안전운전불이행,습기,비,단일로 - 기타,이륜,남,29세,상해없음,보행자,여,55세,중상
2015090600100023,2015년 9월 6일 00시,일요일,울산광역시 중구 태화동,경상사고,0,0,1,1,차대차 - 추돌 - 진행중,안전거리미확보,습기,비,교차로 - 교차로부근,승용,남,46세,상해없음,승용,남,63세,부상신고
2015090600100024,2015년 9월 6일 00시,일요일,울산광역시 울주군 온산읍,중상사고,0,3,0,0,차대차 - 측면직각충돌,신호위반,습기,비,교차로 - 교차로안,승용,남,49세,상해없음,승용,남,59세,상해없음
2015090600100046,2015년 9월 6일 01시,일요일,울산광역시 울주군 온산읍,중상사고,0,2,1,0,차대차 - 측면직각충돌,안전운전불이행,습기,비,교차로 - 교차로안,특수,남,46세,상해없음,승용,남,48세,중상
2015090600100062,2015년 9월 6일 02시,일요일,울산광역시 중구 장현동,중상사고,0,1,0,0,차대차 - 측면직각충돌,중앙선침범,습기,비,단일로 - 기타,승용,여,35세,상해없음,승용,남,57세,중상
2015090600100092,2015년 9월 6일 04시,일요일,울산광역시 북구 연암동,부상신고사고,0,0,0,1,차량단독 - 공작물충돌,안전운전불이행,습기,비,단일로 - 기타,승용,남,38세,부상신고,,,,
2015090600100100,2015년 9월 6일 05시,일요일,울산광역시 중구 반구동,경상사고,0,0,2,0,차대차 - 측면직각충돌,안전운전불이행,습기,비,단일로 - 교량,승용,남,37세,상해없음,승용,남,64세,경상
2015090600100101,2015년 9월 6일 05시,일요일,울산광역시 남구 삼산동,중상사고,0,2,1,0,차대차 - 측면직각충돌,신호위반,습기,비,교차로 - 교차로안,화물,남,46세,상해없음,승용,남,34세,중상
2015090600100102,2015년 9월 6일 05시,일요일,울산광역시 울주군 범서읍,부상신고사고,0,0,0,1,차량단독 - 공작물충돌,안전운전불이행,습기,비,단일로 - 기타,승용,남,58세,부상신고,,,,
2015090600100253,2015년 9월 6일 13시,일요일,울산광역시 북구 화봉동,경상사고,0,0,3,0,차대차 - 추돌 - 진행중,안전거리미확보,습기,비,단일로 - 터널,화물,남,53세,상해없음,승용,남,63세,경상
2015090600100254,2015년 9월 6일 13시,일요일,울산광역시 남구 삼산동,중상사고,0,1,0,0,차대차 - 측면직각충돌,안전운전불이행,습기,흐림,교차로 - 교차로안,승용,여,58세,상해없음,원동기,남,59세,중상
2015090600100362,2015년 9월 6일 16시,일요일,울산광역시 중구 옥교동,경상사고,0,0,2,1,차대차 - 측면직각충돌,신호위반,습기,비,교차로 - 교차로안,승용,남,75세,부상신고,승용,남,27세,경상
2015090600100449,2015년 9월 6일 19시,일요일,울산광역시 중구 학성동,중상사고,0,1,0,0,차대사람 - 횡단중,안전운전불이행,습기,비,교차로 - 교차로안,승용,여,41세,상해없음,보행자,남,74세,중상
2015090600100482,2015년 9월 6일 20시,일요일,울산광역시 울주군 온양읍,경상사고,0,0,1,1,차대차 - 추돌 - 주정차중,안전운전불이행,습기,흐림,교차로 - 교차로부근,승용,남,46세,상해없음,승용,남,32세,경상
2015090600100483,2015년 9월 6일 20시,일요일,울산광역시 울주군 삼남면,경상사고,0,0,1,0,차대차 - 정면충돌,중앙선침범,건조,맑음,교차로 - 교차로부근,승용,남,35세,상해없음,승용,여,22세,경상
2015090600100551,2015년 9월 6일 23시,일요일,울산광역시 남구 신정동,중상사고,0,2,0,0,차대차 - 기타,안전운전불이행,건조,맑음,교차로 - 교차로부근,승용,남,29세,상해없음,승용,남,31세,중상
2015090600100552,2015년 9월 6일 23시,일요일,울산광역시 동구 전하동,중상사고,0,1,0,0,차대차 - 기타,교차로운행방법위반,건조,맑음,교차로 - 교차로안,승용,남,57세,상해없음,이륜,여,27세,중상
2015090700100068,2015년 9월 7일 06시,월요일,울산광역시 중구 약사동,경상사고,0,0,1,0,차대차 - 기타,신호위반,습기,비,교차로 - 교차로안,화물,남,38세,상해없음,승용,남,36세,경상
2015090700100069,2015년 9월 7일 06시,월요일,울산광역시 남구 여천동,중상사고,0,1,0,0,차대사람 - 보도통행중,신호위반,건조,맑음,교차로 - 교차로안,승용,남,61세,상해없음,보행자,남,54세,중상
2015090700100163,2015년 9월 7일 08시,월요일,울산광역시 남구 달동,경상사고,0,0,1,0,차대차 - 기타,안전운전불이행,습기,흐림,단일로 - 기타,승용,남,34세,상해없음,승용,남,65세,경상
2015090700100305,2015년 9월 7일 12시,월요일,울산광역시 중구 학성동,경상사고,0,0,1,0,차대차 - 추돌 - 진행중,안전거리미확보,건조,맑음,단일로 - 기타,이륜,남,21세,경상,화물,남,56세,상해없음
2015090700100306,2015년 9월 7일 12시,월요일,울산광역시 동구 화정동,사망사고,1,0,0,0,차대차 - 측면직각충돌,안전운전불이행,건조,맑음,교차로 - 교차로안,승용,남,59세,상해없음,자전거,남,70세,사망
2015090700100382,2015년 9월 7일 14시,월요일,울산광역시 남구 야음동,중상사고,0,1,0,0,차대차 - 기타,차로위반,건조,맑음,단일로 - 기타,이륜,남,66세,중상,승용,남,29세,상해없음
2015090700100571,2015년 9월 7일 18시,월요일,울산광역시 중구 반구동,경상사고,0,0,1,0,차량단독 - 기타,기타,건조,맑음,단일로 - 기타,승용,남,48세,상해없음,,,,
2015090700100572,2015년 9월 7일 18시,월요일,울산광역시 동구 화정동,중상사고,0,1,0,0,차대사람 - 기타,안전운전불이행,건조,맑음,교차로 - 교차로안,승용,여,36세,상해없음,보행자,남,40세,중상
2015090700100621,2015년 9월 7일 19시,월요일,울산광역시 남구 삼산동,중상사고,0,1,3,0,차대차 - 추돌 - 주정차중,안전운전불이행,건조,맑음,단일로 - 기타,화물,남,32세,상해없음,승용,여,34세,경상
2015090700100622,2015년 9월 7일 19시,월요일,울산광역시 남구 달동,경상사고,0,0,1,0,차대차 - 측면직각충돌,안전거리미확보,건조,맑음,교차로 - 교차로부근,승용,여,43세,상해없음,승용,여,54세,경상
2015090700100623,2015년 9월 7일 19시,월요일,울산광역시 울주군 웅촌면,경상사고,0,0,1,0,차대차 - 기타,안전운전불이행,건조,맑음,단일로 - 기타,기타불명,기타불명,기타불명,기타불명,이륜,남,55세,경상
2015090700100659,2015년 9월 7일 20시,월요일,울산광역시 중구 유곡동,경상사고,0,0,1,0,차대사람 - 기타,안전운전불이행,건조,맑음,단일로 - 기타,승용,남,36세,상해없음,보행자,여,36세,경상
2015090700100660,2015년 9월 7일 20시,월요일,울산광역시 남구 달동,경상사고,0,0,2,0,차대차 - 추돌 - 진행중,안전운전불이행,건조,맑음,단일로 - 기타,원동기,남,60세,상해없음,승용,남,36세,경상
2015090800100019,2015년 9월 8일 00시,화요일,울산광역시 북구 호계동,경상사고,0,0,1,0,차대차 - 측면직각충돌,직진우회전진행방해,건조,맑음,교차로 - 교차로안,승용,여,52세,경상,승용,여,47세,상해없음
2015090800100020,2015년 9월 8일 00시,화요일,울산광역시 동구 방어동,중상사고,0,1,2,0,차대차 - 추돌 - 주정차중,안전운전불이행,건조,맑음,교차로 - 교차로부근,승용,남,30세,기타불명,승용,여,26세,경상
2015090800100037,2015년 9월 8일 01시,화요일,울산광역시 남구 매암동,경상사고,0,0,3,0,차대차 - 측면직각충돌,안전운전불이행,건조,맑음,교차로 - 교차로부근,승용,남,23세,경상,화물,남,23세,경상
2015090800100178,2015년 9월 8일 08시,화요일,울산광역시 북구 염포동,경상사고,0,0,1,0,차대차 - 기타,안전운전불이행,건조,맑음,교차로 - 교차로부근,화물,남,51세,상해없음,자전거,남,56세,경상
2015090800100229,2015년 9월 8일 09시,화요일,울산광역시 남구 달동,경상사고,0,0,1,0,차대차 - 기타,교차로운행방법위반,건조,맑음,교차로 - 교차로안,승용,남,51세,상해없음,자전거,남,51세,경상
2015090800100350,2015년 9월 8일 13시,화요일,울산광역시 남구 신정동,경상사고,0,0,1,0,차대사람 - 길가장자리구역통행중,안전운전불이행,건조,맑음,교차로 - 교차로부근,승용,기타불명,기타불명,기타불명,보행자,남,56세,경상
2015090800100396,2015년 9월 8일 14시,화요일,울산광역시 중구 성남동,경상사고,0,0,1,0,차대사람 - 기타,안전운전불이행,건조,맑음,단일로 - 기타,승합,남,62세,상해없음,보행자,남,83세,경상
2015090800100441,2015년 9월 8일 15시,화요일,울산광역시 북구 진장동,경상사고,0,0,1,0,차대차 - 측면직각충돌,안전운전불이행,건조,맑음,단일로 - 기타,승용,남,35세,상해없음,이륜,남,23세,경상
2015090800100442,2015년 9월 8일 15시,화요일,울산광역시 중구 남외동,경상사고,0,0,2,1,차대차 - 기타,차로위반,건조,맑음,교차로 - 교차로부근,원동기,여,51세,부상신고,승용,여,35세,경상
2015090800100443,2015년 9월 8일 15시,화요일,울산광역시 남구 신정동,경상사고,0,0,1,0,차대차 - 측면직각충돌,안전운전불이행,건조,맑음,교차로 - 교차로안,승용,남,57세,기타불명,승용,남,28세,경상
2015090800100539,2015년 9월 8일 17시,화요일,울산광역시 북구 효문동,중상사고,0,1,0,0,차대차 - 측면직각충돌,안전운전불이행,건조,맑음,단일로 - 기타,화물,남,44세,상해없음,승용,남,27세,중상
2015090900100037,2015년 9월 9일 02시,수요일,울산광역시 남구 달동,중상사고,0,1,0,0,차대차 - 기타,안전운전불이행,건조,맑음,단일로 - 기타,이륜,남,24세,중상,승합,여,49세,기타불명
2015090900100126,2015년 9월 9일 07시,수요일,울산광역시 중구 반구동,중상사고,0,1,0,0,차대사람 - 기타,안전운전불이행,건조,맑음,단일로 - 기타,자전거,남,54세,상해없음,보행자,남,66세,중상
2015090900100185,2015년 9월 9일 08시,수요일,울산광역시 남구 야음동,경상사고,0,0,1,1,차대차 - 측면직각충돌,안전거리미확보,건조,맑음,단일로 - 기타,화물,남,46세,상해없음,승용,여,54세,경상
2015090900100249,2015년 9월 9일 10시,수요일,울산광역시 중구 우정동,경상사고,0,0,1,0,차대차 - 추돌 - 주정차중,안전거리미확보,건조,맑음,단일로 - 기타,승용,여,54세,상해없음,이륜,남,37세,경상
2015090900100276,2015년 9월 9일 11시,수요일,울산광역시 북구 호계동,경상사고,0,0,1,0,차대차 - 측면직각충돌,안전거리미확보,건조,맑음,단일로 - 기타,승용,남,60세,상해없음,승용,여,48세,경상
2015090900100277,2015년 9월 9일 11시,수요일,울산광역시 남구 무거동,중상사고,0,1,0,0,차대차 - 기타,교차로운행방법위반,기타,맑음,교차로 - 교차로안,승용,남,64세,상해없음,자전거,남,22세,중상
2015090900100278,2015년 9월 9일 11시,수요일,울산광역시 남구 달동,경상사고,0,0,1,0,차대사람 - 기타,안전운전불이행,기타,기타,단일로 - 기타,기타불명,기타불명,기타불명,기타불명,보행자,남,68세,경상
2015090900100428,2015년 9월 9일 15시,수요일,울산광역시 중구 옥교동,경상사고,0,0,1,0,차대차 - 추돌 - 진행중,안전거리미확보,건조,맑음,단일로 - 기타,승용,여,59세,상해없음,승용,여,44세,경상
2015090900100429,2015년 9월 9일 15시,수요일,울산광역시 남구 상개동,중상사고,0,1,0,0,차대차 - 추돌 - 진행중,신호위반,건조,맑음,교차로 - 교차로안,승용,남,38세,상해없음,이륜,남,38세,중상
2015090900100481,2015년 9월 9일 16시,수요일,울산광역시 중구 태화동,경상사고,0,0,4,0,차대차 - 추돌 - 진행중,안전거리미확보,건조,맑음,단일로 - 기타,승용,여,35세,상해없음,승용,남,57세,경상
2015090900100560,2015년 9월 9일 17시,수요일,울산광역시 남구 무거동,경상사고,0,0,1,0,차대차 - 측면직각충돌,신호위반,건조,맑음,교차로 - 교차로안,승용,여,41세,상해없음,승용,남,37세,경상
2015090900100561,2015년 9월 9일 17시,수요일,울산광역시 남구 무거동,경상사고,0,0,1,0,차대차 - 측면직각충돌,교차로운행방법위반,기타,맑음,교차로 - 교차로안,승용,여,57세,상해없음,승용,남,31세,경상
2015090900100562,2015년 9월 9일 17시,수요일,울산광역시 울주군 온산읍,경상사고,0,0,1,0,차대차 - 추돌 - 진행중,안전운전불이행,건조,맑음,단일로 - 기타,승용,남,35세,상해없음,이륜,남,32세,경상
2015090900100620,2015년 9월 9일 18시,수요일,울산광역시 중구 태화동,경상사고,0,0,1,0,차대사람 - 기타,안전운전불이행,건조,맑음,단일로 - 기타,승용,남,55세,기타불명,보행자,남,56세,경상
2015090900100673,2015년 9월 9일 19시,수요일,울산광역시 남구 야음동,경상사고,0,0,1,0,차대사람 - 횡단중,신호위반,건조,맑음,교차로 - 교차로안,승용,남,62세,상해없음,보행자,여,13세,경상
2015090900100674,2015년 9월 9일 19시,수요일,울산광역시 울주군 온양읍,중상사고,0,1,0,0,차대사람 - 횡단중,안전운전불이행,건조,맑음,단일로 - 기타,승용,남,32세,상해없음,보행자,여,56세,중상
2015090900100736,2015년 9월 9일 21시,수요일,울산광역시 북구 명촌동,경상사고,0,0,1,0,차대차 - 측면직각충돌,안전운전불이행,건조,맑음,단일로 - 기타,승용,남,35세,상해없음,승용,남,27세,경상
2015090900100770,2015년 9월 9일 22시,수요일,울산광역시 울주군 온산읍,경상사고,0,0,2,0,차대차 - 기타,안전운전불이행,건조,맑음,단일로 - 기타,승용,남,21세,상해없음,승용,남,43세,기타불명
2015090900100794,2015년 9월 9일 23시,수요일,울산광역시 울주군 상북면,중상사고,0,2,0,0,차대차 - 기타,안전운전불이행,건조,맑음,단일로 - 기타,승용,남,33세,상해없음,승용,여,52세,중상
2015091000100021,2015년 9월 10일 00시,목요일,울산광역시 울주군 상북면,경상사고,0,0,1,0,차량단독 - 전도전복,안전운전불이행,건조,맑음,단일로 - 기타,자전거,남,15세,경상,,,,
2015091000100044,2015년 9월 10일 02시,목요일,울산광역시 동구 방어동,중상사고,0,1,0,0,차량단독 - 공작물충돌,안전운전불이행,건조,맑음,단일로 - 기타,이륜,남,54세,중상,,,,
2015091000100066,2015년 9월 10일 05시,목요일,울산광역시 동구 전하동,부상신고사고,0,0,0,1,차대차 - 기타,안전운전불이행,건조,맑음,교차로 - 교차로안,자전거,남,54세,부상신고,이륜,남,23세,상해없음
2015091000100087,2015년 9월 10일 06시,목요일,울산광역시 남구 삼산동,경상사고,0,0,1,0,차대차 - 추돌 - 주정차중,안전운전불이행,건조,맑음,단일로 - 기타,승용,남,62세,상해없음,승용,남,36세,경상
2015091000100142,2015년 9월 10일 07시,목요일,울산광역시 남구 달동,부상신고사고,0,0,0,1,차대차 - 측면직각충돌,중앙선침범,건조,맑음,단일로 - 기타,자전거,남,18세,부상신고,승용,남,32세,상해없음
2015091000100143,2015년 9월 10일 07시,목요일,울산광역시 울주군 청량면,경상사고,0,0,1,0,차대차 - 추돌 - 진행중,차로위반,건조,맑음,교차로 - 교차로부근,승용,남,73세,상해없음,화물,남,52세,상해없음
2015091000100197,2015년 9월 10일 08시,목요일,울산광역시 울주군 범서읍,중상사고,0,1,0,0,차대사람 - 보도통행중,보행자보호의무위반,건조,맑음,교차로 - 교차로부근,화물,남,44세,상해없음,보행자,여,66세,중상
2015091000100275,2015년 9월 10일 10시,목요일,울산광역시 북구 신천동,경상사고,0,0,1,0,차대차 - 추돌 - 주정차중,안전운전불이행,건조,맑음,단일로 - 기타,화물,남,47세,상해없음,승용,여,45세,경상
2015091000100340,2015년 9월 10일 12시,목요일,울산광역시 남구 달동,중상사고,0,1,1,0,차대차 - 측면직각충돌,신호위반,건조,맑음,교차로 - 교차로안,승용,여,32세,상해없음,승용,여,48세,중상
2015091000100404,2015년 9월 10일 14시,목요일,울산광역시 북구 연암동,중상사고,0,1,0,0,차대차 - 기타,신호위반,건조,맑음,교차로 - 교차로안,원동기,남,56세,중상,화물,남,52세,상해없음
2015091000100442,2015년 9월 10일 15시,목요일,울산광역시 중구 우정동,경상사고,0,0,2,0,차대차 - 기타,안전운전불이행,건조,맑음,단일로 - 교량,승용,기타불명,기타불명,기타불명,승합,남,59세,상해없음
2015091000100443,2015년 9월 10일 15시,목요일,울산광역시 동구 전하동,중상사고,0,1,0,0,차대사람 - 보도통행중,안전운전불이행,건조,맑음,교차로 - 교차로부근,승용,남,49세,상해없음,보행자,남,58세,중상
2015091000100540,2015년 9월 10일 17시,목요일,울산광역시 북구 중산동,경상사고,0,0,1,0,차대사람 - 횡단중,보행자보호의무위반,건조,맑음,단일로 - 횡단보도상,승용,여,40세,상해없음,보행자,남,14세,경상
2015091000100541,2015년 9월 10일 17시,목요일,울산광역시 울주군 언양읍,경상사고,0,0,1,0,차대사람 - 횡단중,신호위반,건조,맑음,단일로 - 기타,승용,남,67세,상해없음,보행자,여,15세,경상
2015091000100624,2015년 9월 10일 19시,목요일,울산광역시 남구 달동,경상사고,0,0,1,0,차대차 - 측면직각충돌,신호위반,건조,맑음,교차로 - 교차로안,승용,남,43세,상해없음,이륜,남,16세,경상
2015091000100625,2015년 9월 10일 19시,목요일,울산광역시 울주군 온양읍,사망사고,1,0,0,0,차대차 - 추돌 - 진행중,중앙선침범,건조,맑음,단일로 - 기타,특수,남,33세,상해없음,화물,남,71세,사망
2015091000100669,2015년 9월 10일 20시,목요일,울산광역시 남구 무거동,중상사고,0,2,0,0,차대차 - 추돌 - 진행중,안전운전불이행,건조,맑음,교차로 - 교차로부근,승용,남,42세,상해없음,승용,남,49세,상해없음
2015091000100696,2015년 9월 10일 21시,목요일,울산광역시 북구 염포동,경상사고,0,0,1,0,차대차 - 기타,안전거리미확보,건조,맑음,단일로 - 기타,승용,남,31세,상해없음,이륜,남,32세,경상
2015091000100728,2015년 9월 10일 22시,목요일,울산광역시 북구 상안동,부상신고사고,0,0,0,1,차량단독 - 기타,안전운전불이행,건조,맑음,교차로 - 교차로부근,자전거,남,49세,부상신고,,,,
2015091100100012,2015년 9월 11일 00시,금요일,울산광역시 남구 삼산동,경상사고,0,0,2,0,차대차 - 측면직각충돌,안전운전불이행,기타,맑음,단일로 - 기타,승용,남,52세,경상,승용,남,32세,경상
2015091100100098,2015년 9월 11일 06시,금요일,울산광역시 중구 남외동,부상신고사고,0,0,0,1,차량단독 - 공작물충돌,안전운전불이행,건조,맑음,단일로 - 기타,화물,남,22세,부상신고,,,,
2015091100100170,2015년 9월 11일 08시,금요일,울산광역시 북구 천곡동,경상사고,0,0,1,0,차대사람 - 기타,안전운전불이행,건조,맑음,단일로 - 기타,승합,남,45세,상해없음,보행자,여,66세,경상
2015091100100171,2015년 9월 11일 08시,금요일,울산광역시 중구 옥교동,경상사고,0,0,2,0,차대차 - 추돌 - 진행중,차로위반,건조,맑음,단일로 - 기타,승용,남,51세,상해없음,승용,남,30세,경상
2015091100100172,2015년 9월 11일 08시,금요일,울산광역시 남구 무거동,중상사고,0,1,0,0,차대차 - 추돌 - 진행중,안전거리미확보,건조,맑음,단일로 - 기타,화물,남,54세,상해없음,승용,남,40세,중상
2015091100100212,2015년 9월 11일 09시,금요일,울산광역시 중구 다운동,경상사고,0,0,1,0,차대사람 - 보도통행중,신호위반,건조,맑음,단일로 - 횡단보도상,승용,여,67세,상해없음,보행자,여,31세,경상
2015091100100234,2015년 9월 11일 10시,금요일,울산광역시 북구 효문동,경상사고,0,0,3,0,차대차 - 기타,중앙선침범,건조,맑음,교차로 - 교차로안,승용,남,40세,상해없음,승용,여,37세,경상
2015091100100367,2015년 9월 11일 14시,금요일,울산광역시 중구 남외동,중상사고,0,1,0,0,차대차 - 기타,직진우회전진행방해,건조,맑음,교차로 - 교차로안,이륜,남,25세,중상,승용,남,45세,상해없음
2015091100100406,2015년 9월 11일 15시,금요일,울산광역시 중구 태화동,경상사고,0,0,1,0,차대차 - 측면직각충돌,중앙선침범,건조,맑음,교차로 - 교차로안,자전거,남,47세,경상,승용,여,44세,상해없음
2015091100100446,2015년 9월 11일 16시,금요일,울산광역시 울주군 삼남면,중상사고,0,1,1,0,차대차 - 추돌 - 진행중,신호위반,건조,맑음,교차로 - 교차로안,화물,남,33세,상해없음,승용,남,48세,경상
2015091100100489,2015년 9월 11일 17시,금요일,울산광역시 울주군 온산읍,중상사고,0,1,0,0,차대차 - 측면직각충돌,교차로운행방법위반,건조,맑음,교차로 - 교차로안,화물,남,35세,상해없음,이륜,남,43세,중상
2015091100100539,2015년 9월 11일 18시,금요일,울산광역시 중구 남외동,경상사고,0,0,2,0,차대차 - 추돌 - 주정차중,안전운전불이행,건조,맑음,교차로 - 교차로부근,화물,남,52세,상해없음,승용,여,33세,경상
2015091100100540,2015년 9월 11일 18시,금요일,울산광역시 남구 달동,경상사고,0,0,1,0,차대차 - 측면직각충돌,안전거리미확보,건조,맑음,교차로 - 교차로안,승용,남,60세,상해없음,승용,여,30세,경상
2015091100100762,2015년 9월 11일 22시,금요일,울산광역시 동구 동부동,중상사고,0,1,0,0,차대사람 - 횡단중,안전운전불이행,건조,맑음,단일로 - 기타,승용,남,49세,상해없음,보행자,여,69세,중상
2015091100100806,2015년 9월 11일 23시,금요일,울산광역시 남구 삼산동,경상사고,0,0,1,0,차대차 - 정면충돌,신호위반,건조,맑음,교차로 - 교차로안,이륜,남,60세,상해없음,이륜,남,25세,경상