사고번호,사고일시,요일,시군구,사고내용,사망자수,중상자수,경상자수,부상신고자수,사고유형,법규위반,노면상태,기상상태,도로형태,가해운전자 차종,가해운전자 성별,가해운전자 연령,가해운전자 상해정도,피해운전자 차종,피해운전자 성별,피해운전자 연령,피해운전자 상해정도
2015092000100062,2015년 9월 20일 03시,일요일,울산광역시 남구 선암동,부상신고사고,0,0,0,1,차대차 - 기타,안전운전불이행,건조,맑음,단일로 - 기타,승용,여,44세,부상신고,화물,남,55세,기타불명
2015092000100166,2015년 9월 20일 09시,일요일,울산광역시 중구 성안동,중상사고,0,1,0,0,차대차 - 기타,직진우회전진행방해,건조,맑음,교차로 - 교차로안,승용,남,27세,상해없음,승합,남,54세,상해없음
2015092000100219,2015년 9월 20일 11시,일요일,울산광역시 북구 화봉동,경상사고,0,0,1,0,차대차 - 측면직각충돌,중앙선침범,건조,맑음,단일로 - 기타,화물,남,60세,상해없음,이륜,남,31세,경상
2015092000100448,2015년 9월 20일 18시,일요일,울산광역시 울주군 온양읍,경상사고,0,0,1,0,차대사람 - 기타,안전운전불이행,건조,맑음,교차로 - 교차로안,화물,남,40세,상해없음,보행자,남,54세,경상
2015092000100496,2015년 9월 20일 19시,일요일,울산광역시 남구 야음동,경상사고,0,0,1,0,차대차 - 기타,교차로운행방법위반,건조,맑음,교차로 - 교차로부근,승용,남,59세,상해없음,승용,남,26세,상해없음
2015092000100497,2015년 9월 20일 19시,일요일,울산광역시 북구 정자동,중상사고,0,1,0,0,차대사람 - 보도통행중,안전운전불이행,건조,흐림,단일로 - 기타,승용,여,54세,상해없음,보행자,남,38세,중상
2015092000100498,2015년 9월 20일 19시,일요일,울산광역시 울주군 온양읍,경상사고,0,0,1,0,차대차 - 추돌 - 주정차중,안전운전불이행,건조,맑음,단일로 - 교량,승용,여,50세,상해없음,이륜,남,33세,경상
2015092000100560,2015년 9월 20일 21시,일요일,울산광역시 남구 두왕동,경상사고,0,0,1,0,차대차 - 추돌 - 주정차중,안전거리미확보,건조,맑음,단일로 - 기타,승용,남,51세,상해없음,승용,여,48세,경상
2015092000100580,2015년 9월 20일 22시,일요일,울산광역시 울주군 삼남면,경상사고,0,0,1,0,차대차 - 측면직각충돌,교차로운행방법위반,건조,맑음,교차로 - 교차로안,승용,남,50세,경상,건설기계,남,32세,상해없음
2015092000100581,2015년 9월 20일 22시,일요일,울산광역시 울주군 서생면,중상사고,0,1,0,0,차량단독 - 전도전복,안전운전불이행,건조,맑음,단일로 - 기타,이륜,남,29세,중상,,,,
2015092100100044,2015년 9월 21일 05시,월요일,울산광역시 울주군 두서면,경상사고,0,0,1,0,차대차 - 측면직각충돌,안전운전불이행,건조,맑음,단일로 - 기타,승용,남,42세,기타불명,화물,남,41세,경상
2015092100100256,2015년 9월 21일 11시,월요일,울산광역시 북구 송정동,중상사고,0,2,2,0,차대차 - 추돌 - 주정차중,안전운전불이행,건조,맑음,교차로 - 교차로부근,승용,남,44세,상해없음,승용,남,76세,중상
2015092100100257,2015년 9월 21일 11시,월요일,울산광역시 울주군 언양읍,경상사고,0,0,1,0,차대차 - 추돌 - 진행중,교차로운행방법위반,건조,맑음,교차로 - 교차로안,승용,여,52세,상해없음,이륜,남,88세,경상
2015092100100330,2015년 9월 21일 13시,월요일,울산광역시 중구 복산동,경상사고,0,0,1,0,차대차 - 측면직각충돌,불법유턴,건조,맑음,단일로 - 횡단보도상,자전거,남,68세,경상,승용,여,56세,상해없음
2015092100100369,2015년 9월 21일 14시,월요일,울산광역시 남구 삼산동,경상사고,0,0,1,0,차대차 - 측면직각충돌,안전거리미확보,건조,맑음,단일로 - 기타,화물,남,34세,상해없음,승용,남,53세,경상
2015092100100370,2015년 9월 21일 14시,월요일,울산광역시 울주군 온산읍,중상사고,0,1,0,0,차대차 - 기타,안전거리미확보,건조,맑음,단일로 - 기타,화물,남,64세,상해없음,승용,남,36세,중상
2015092100100480,2015년 9월 21일 16시,월요일,울산광역시 남구 달동,중상사고,0,1,0,0,차대사람 - 횡단중,안전운전불이행,건조,맑음,교차로 - 교차로부근,승용,남,28세,상해없음,보행자,여,75세,중상
2015092100100481,2015년 9월 21일 16시,월요일,울산광역시 남구 삼산동,경상사고,0,0,2,0,차대사람 - 횡단중,안전운전불이행,건조,맑음,교차로 - 교차로안,승용,여,50세,상해없음,보행자,여,6세,경상
2015092100100482,2015년 9월 21일 16시,월요일,울산광역시 남구 선암동,경상사고,0,0,1,0,차대사람 - 횡단중,안전운전불이행,건조,맑음,교차로 - 교차로안,승용,남,24세,상해없음,보행자,남,48세,경상
2015092100100598,2015년 9월 21일 18시,월요일,울산광역시 동구 전하동,중상사고,0,1,0,0,차대차 - 기타,교차로운행방법위반,건조,맑음,교차로 - 교차로안,승합,남,49세,상해없음,이륜,남,29세,중상
2015092100100599,2015년 9월 21일 18시,월요일,울산광역시 울주군 범서읍,경상사고,0,0,1,0,차대사람 - 횡단중,중앙선침범,건조,맑음,단일로 - 기타,자전거,남,29세,상해없음,보행자,남,38세,경상
2015092100100672,2015년 9월 21일 20시,월요일,울산광역시 북구 화봉동,경상사고,0,0,2,0,차대차 - 측면직각충돌,직진우회전진행방해,건조,맑음,교차로 - 교차로안,승용,남,27세,상해없음,승용,남,43세,경상
2015092100100673,2015년 9월 21일 20시,월요일,울산광역시 중구 성남동,부상신고사고,0,0,0,1,차대사람 - 기타,안전운전불이행,건조,맑음,단일로 - 기타,승합,남,47세,상해없음,보행자,남,49세,부상신고
2015092100100706,2015년 9월 21일 21시,월요일,울산광역시 북구 진장동,경상사고,0,0,2,0,차대차 - 기타,교차로운행방법위반,건조,맑음,교차로 - 교차로안,승용,남,52세,상해없음,승용,남,26세,경상
2015092100100707,2015년 9월 21일 21시,월요일,울산광역시 울주군 범서읍,경상사고,0,0,1,0,차대차 - 기타,교차로운행방법위반,건조,맑음,교차로 - 교차로안,승용,여,49세,상해없음,자전거,남,15세,경상
2015092200100017,2015년 9월 22일 00시,화요일,울산광역시 남구 삼산동,경상사고,0,0,1,0,차대차 - 측면직각충돌,신호위반,건조,맑음,교차로 - 교차로안,원동기,남,16세,경상,승용,남,63세,상해없음
2015092200100072,2015년 9월 22일 06시,화요일,울산광역시 울주군 두동면,부상신고사고,0,0,0,1,차대사람 - 횡단중,안전운전불이행,건조,맑음,단일로 - 기타,건설기계,남,57세,상해없음,보행자,여,77세,부상신고
2015092200100104,2015년 9월 22일 07시,화요일,울산광역시 울주군 범서읍,중상사고,0,1,2,0,차대차 - 추돌 - 진행중,교차로운행방법위반,건조,맑음,교차로 - 교차로안,승용,남,62세,경상,화물,남,23세,경상
2015092200100105,2015년 9월 22일 07시,화요일,울산광역시 울주군 두서면,경상사고,0,0,1,0,차대차 - 추돌 - 주정차중,안전거리미확보,습기,안개,교차로 - 교차로부근,화물,남,47세,상해없음,화물,남,42세,경상
2015092200100212,2015년 9월 22일 09시,화요일,울산광역시 울주군 온산읍,중상사고,0,1,0,0,차대차 - 기타,중앙선침범,건조,맑음,단일로 - 기타,건설기계,남,48세,상해없음,화물,남,60세,상해없음
2015092200100387,2015년 9월 22일 14시,화요일,울산광역시 동구 전하동,경상사고,0,0,1,0,차대차 - 측면직각충돌,안전운전불이행,건조,맑음,기타 - 기타,승용,남,71세,상해없음,승용,남,38세,기타불명
2015092200100440,2015년 9월 22일 15시,화요일,울산광역시 남구 신정동,경상사고,0,0,1,0,차대사람 - 횡단중,안전운전불이행,건조,맑음,단일로 - 기타,화물,남,38세,상해없음,보행자,남,63세,경상
2015092200100484,2015년 9월 22일 16시,화요일,울산광역시 울주군 삼남면,중상사고,0,1,0,0,차대차 - 정면충돌,안전운전불이행,건조,맑음,교차로 - 교차로안,자전거,남,19세,중상,승용,남,31세,상해없음
2015092200100588,2015년 9월 22일 18시,화요일,울산광역시 중구 태화동,경상사고,0,0,1,0,차대차 - 기타,교차로운행방법위반,건조,맑음,교차로 - 교차로안,승용,남,28세,상해없음,화물,남,42세,기타불명
2015092200100589,2015년 9월 22일 18시,화요일,울산광역시 중구 장현동,중상사고,0,1,0,0,차량단독 - 공작물충돌,안전운전불이행,건조,맑음,단일로 - 기타,이륜,남,70세,중상,,,,
2015092200100590,2015년 9월 22일 18시,화요일,울산광역시 남구 선암동,경상사고,0,0,1,0,차대사람 - 길가장자리구역통행중,안전운전불이행,건조,맑음,교차로 - 교차로부근,원동기,남,29세,상해없음,보행자,남,13세,경상
2015092200100591,2015년 9월 22일 18시,화요일,울산광역시 동구 방어동,부상신고사고,0,0,0,1,차대차 - 기타,중앙선침범,건조,맑음,단일로 - 기타,이륜,남,21세,상해없음,승합,남,51세,상해없음
2015092200100642,2015년 9월 22일 19시,화요일,울산광역시 울주군 청량면,중상사고,0,1,0,0,차대사람 - 횡단중,중앙선침범,건조,맑음,단일로 - 기타,승용,남,61세,상해없음,보행자,여,85세,중상
2015092200100743,2015년 9월 22일 22시,화요일,울산광역시 동구 방어동,경상사고,0,0,1,0,차대사람 - 보도통행중,신호위반,건조,맑음,교차로 - 교차로안,이륜,남,23세,상해없음,보행자,여,12세,경상
2015092300100032,2015년 9월 23일 01시,수요일,울산광역시 중구 복산동,중상사고,0,1,0,0,차대차 - 기타,신호위반,건조,맑음,교차로 - 교차로안,이륜,남,34세,중상,승용,남,23세,상해없음
2015092300100055,2015년 9월 23일 04시,수요일,울산광역시 남구 달동,중상사고,0,1,0,0,차대차 - 측면직각충돌,신호위반,건조,맑음,교차로 - 교차로안,승용,남,41세,상해없음,화물,남,39세,중상
2015092300100069,2015년 9월 23일 05시,수요일,울산광역시 중구 복산동,중상사고,0,1,1,1,차대차 - 기타,신호위반,건조,맑음,교차로 - 교차로안,승용,남,61세,부상신고,승용,남,42세,경상
2015092300100168,2015년 9월 23일 08시,수요일,울산광역시 울주군 언양읍,경상사고,0,0,1,0,차대차 - 추돌 - 주정차중,안전거리미확보,건조,맑음,교차로 - 교차로부근,승용,남,62세,상해없음,승용,남,38세,경상
2015092300100228,2015년 9월 23일 10시,수요일,울산광역시 북구 상안동,경상사고,0,0,1,0,차대차 - 정면충돌,안전운전불이행,건조,맑음,단일로 - 기타,이륜,남,43세,경상,승용,남,46세,상해없음
2015092300100229,2015년 9월 23일 10시,수요일,울산광역시 동구 전하동,중상사고,0,1,0,0,차대차 - 추돌 - 진행중,안전운전불이행,건조,맑음,교차로 - 교차로안,화물,남,56세,상해없음,이륜,남,67세,중상
2015092300100300,2015년 9월 23일 12시,수요일,울산광역시 동구 전하동,경상사고,0,0,1,0,차대차 - 추돌 - 진행중,안전운전불이행,건조,맑음,단일로 - 기타,승용,여,48세,상해없음,승합,남,43세,경상
2015092300100419,2015년 9월 23일 15시,수요일,울산광역시 동구 방어동,경상사고,0,0,2,0,차대차 - 측면직각충돌,직진우회전진행방해,건조,맑음,교차로 - 교차로부근,승용,남,47세,상해없음,승용,남,30세,경상
2015092300100463,2015년 9월 23일 16시,수요일,울산광역시 울주군 언양읍,중상사고,0,3,3,0,차대차 - 추돌 - 진행중,안전운전불이행,건조,맑음,교차로 - 교차로부근,승용,남,52세,상해없음,승용,남,32세,경상
2015092300100513,2015년 9월 23일 17시,수요일,울산광역시 중구 반구동,경상사고,0,0,1,0,차대차 - 측면직각충돌,안전운전불이행,습기,비,단일로 - 기타,승용,남,72세,기타불명,승용,여,33세,경상
2015092300100581,2015년 9월 23일 18시,수요일,울산광역시 북구 호계동,중상사고,0,1,0,0,차대차 - 기타,안전거리미확보,습기,비,단일로 - 기타,화물,남,46세,상해없음,승합,남,50세,상해없음
2015092300100582,2015년 9월 23일 18시,수요일,울산광역시 남구 삼산동,중상사고,0,1,0,0,차대사람 - 횡단중,안전운전불이행,습기,비,교차로 - 교차로안,승용,남,62세,상해없음,보행자,남,6세,중상
2015092300100594,2015년 9월 23일 19시,수요일,울산광역시 울주군 언양읍,경상사고,0,0,6,0,차대차 - 추돌 - 진행중,안전거리미확보,습기,비,단일로 - 기타,화물,남,50세,상해없음,승용,남,46세,경상
2015092300100639,2015년 9월 23일 19시,수요일,울산광역시 북구 호계동,중상사고,0,2,0,0,차대차 - 측면직각충돌,과속,습기,비,단일로 - 기타,화물,남,53세,중상,건설기계,남,39세,상해없음
2015092300100700,2015년 9월 23일 20시,수요일,울산광역시 남구 달동,경상사고,0,0,1,0,차대차 - 추돌 - 주정차중,안전운전불이행,습기,비,단일로 - 기타,승용,남,51세,상해없음,승용,여,22세,경상
2015092300100744,2015년 9월 23일 21시,수요일,울산광역시 중구 성남동,부상신고사고,0,0,0,1,차대사람 - 기타,안전운전불이행,건조,맑음,단일로 - 기타,승용,남,67세,상해없음,보행자,여,19세,부상신고
2015092300100745,2015년 9월 23일 21시,수요일,울산광역시 중구 우정동,경상사고,0,0,2,0,차대차 - 측면직각충돌,안전운전불이행,건조,맑음,단일로 - 기타,승용,남,33세,상해없음,승용,여,44세,경상
2015092300100786,2015년 9월 23일 22시,수요일,울산광역시 남구 야음동,사망사고,1,3,0,0,차대차 - 측면직각충돌,신호위반,습기,비,교차로 - 교차로안,승용,남,31세,중상,승용,남,37세,중상
2015092300100787,2015년 9월 23일 22시,수요일,울산광역시 동구 일산동,중상사고,0,1,0,0,차대차 - 측면직각충돌,안전운전불이행,습기,맑음,교차로 - 교차로안,승합,남,31세,상해없음,이륜,남,33세,중상
2015092300100817,2015년 9월 23일 23시,수요일,울산광역시 남구 옥동,경상사고,0,0,3,0,차대차 - 추돌 - 진행중,안전거리미확보,습기,비,교차로 - 교차로부근,승용,여,49세,상해없음,승용,남,61세,경상
2015092400100059,2015년 9월 24일 02시,목요일,울산광역시 울주군 온양읍,사망사고,2,0,0,0,차대차 - 정면충돌,중앙선침범,습기,비,단일로 - 기타,승용,남,36세,사망,승용,여,48세,사망
2015092400100073,2015년 9월 24일 03시,목요일,울산광역시 중구 유곡동,중상사고,0,1,0,0,차량단독 - 공작물충돌,안전운전불이행,습기,비,교차로 - 교차로부근,화물,남,41세,중상,,,,
2015092400100137,2015년 9월 24일 07시,목요일,울산광역시 중구 학산동,중상사고,0,1,0,0,차대사람 - 기타,기타,습기,비,단일로 - 기타,승합,남,42세,상해없음,보행자,여,68세,중상
2015092400100287,2015년 9월 24일 11시,목요일,울산광역시 남구 야음동,경상사고,0,0,2,0,차대차 - 측면직각충돌,신호위반,기타,맑음,교차로 - 교차로안,승용,여,48세,상해없음,승용,남,37세,경상
2015092400100316,2015년 9월 24일 12시,목요일,울산광역시 북구 명촌동,중상사고,0,1,0,0,차대차 - 기타,교차로운행방법위반,건조,맑음,교차로 - 교차로안,승용,여,47세,상해없음,이륜,남,61세,중상
2015092400100347,2015년 9월 24일 13시,목요일,울산광역시 북구 호계동,중상사고,0,1,0,0,차대차 - 측면직각충돌,교차로운행방법위반,습기,비,교차로 - 교차로안,승용,남,74세,상해없음,승용,여,46세,중상
2015092400100381,2015년 9월 24일 14시,목요일,울산광역시 남구 신정동,중상사고,0,1,0,0,차대사람 - 횡단중,보행자보호의무위반,건조,맑음,단일로 - 횡단보도상,화물,남,54세,상해없음,보행자,여,56세,중상
2015092400100382,2015년 9월 24일 14시,목요일,울산광역시 동구 화정동,경상사고,0,0,1,0,차대차 - 기타,안전운전불이행,건조,맑음,단일로 - 기타,승용,기타불명,기타불명,기타불명,자전거,여,57세,경상
2015092400100418,2015년 9월 24일 15시,목요일,울산광역시 남구 달동,중상사고,0,1,0,0,차대차 - 추돌 - 진행중,안전운전불이행,건조,맑음,교차로 - 교차로안,이륜,남,76세,중상,승용,여,59세,상해없음
2015092400100470,2015년 9월 24일 16시,목요일,울산광역시 북구 매곡동,중상사고,0,1,0,0,차대차 - 측면직각충돌,중앙선침범,습기,비,단일로 - 기타,승용,남,48세,상해없음,승용,여,52세,중상
2015092400100471,2015년 9월 24일 16시,목요일,울산광역시 남구 야음동,경상사고,0,0,1,0,차대사람 - 횡단중,보행자보호의무위반,습기,비,단일로 - 기타,승용,남,28세,상해없음,보행자,남,8세,경상
2015092400100511,2015년 9월 24일 17시,목요일,울산광역시 남구 무거동,경상사고,0,0,1,0,차대차 - 측면직각충돌,차로위반,습기,비,단일로 - 기타,승용,남,56세,상해없음,이륜,남,53세,경상
2015092400100626,2015년 9월 24일 19시,목요일,울산광역시 남구 신정동,경상사고,0,0,1,0,차대차 - 측면직각충돌,안전운전불이행,습기,비,교차로 - 교차로부근,승용,남,66세,상해없음,자전거,남,52세,경상
2015092400100667,2015년 9월 24일 20시,목요일,울산광역시 북구 진장동,중상사고,0,1,1,0,차대차 - 정면충돌,중앙선침범,습기,비,단일로 - 교량,화물,남,43세,상해없음,승용,남,41세,경상
2015092400100668,2015년 9월 24일 20시,목요일,울산광역시 북구 중산동,중상사고,0,1,0,1,차대차 - 기타,안전운전불이행,습기,비,교차로 - 교차로부근,승용,남,54세,상해없음,승용,남,47세,부상신고
2015092400100704,2015년 9월 24일 21시,목요일,울산광역시 중구 서동,경상사고,0,0,1,0,차대차 - 기타,직진우회전진행방해,습기,비,교차로 - 교차로안,승용,남,34세,상해없음,승용,여,40세,경상
2015092400100746,2015년 9월 24일 22시,목요일,울산광역시 중구 태화동,중상사고,0,1,3,0,차대차 - 기타,안전운전불이행,습기,비,교차로 - 교차로부근,승용,남,42세,상해없음,승용,여,48세,중상
2015092400100784,2015년 9월 24일 23시,목요일,울산광역시 남구 선암동,중상사고,0,1,0,0,차대차 - 측면직각충돌,교차로운행방법위반,습기,흐림,교차로 - 교차로안,승용,남,37세,상해없음,승용,여,46세,중상
2015092500100049,2015년 9월 25일 01시,금요일,울산광역시 남구 야음동,중상사고,0,1,3,0,차대차 - 추돌 - 주정차중,안전운전불이행,건조,맑음,교차로 - 교차로안,승용,남,39세,상해없음,승용,남,47세,중상
2015092500100093,2015년 9월 25일 05시,금요일,울산광역시 남구 무거동,사망사고,1,0,0,0,차대사람 - 기타,신호위반,건조,흐림,교차로 - 교차로부근,승합,남,52세,상해없음,보행자,남,76세,사망
2015092500100109,2015년 9월 25일 06시,금요일,울산광역시 북구 화봉동,중상사고,0,1,0,0,차대차 - 기타,안전운전불이행,건조,맑음,단일로 - 기타,승용,남,52세,기타불명,원동기,남,53세,중상
2015092500100141,2015년 9월 25일 07시,금요일,울산광역시 울주군 온산읍,경상사고,0,0,1,0,차대차 - 추돌 - 진행중,안전운전불이행,건조,맑음,단일로 - 기타,승용,남,61세,상해없음,승용,남,59세,경상
2015092500100183,2015년 9월 25일 08시,금요일,울산광역시 중구 복산동,경상사고,0,0,1,0,차대차 - 기타,직진우회전진행방해,건조,맑음,교차로 - 교차로안,이륜,남,24세,경상,화물,남,35세,상해없음
2015092500100302,2015년 9월 25일 11시,금요일,울산광역시 동구 전하동,중상사고,0,1,0,0,차대차 - 기타,신호위반,건조,맑음,교차로 - 교차로안,승용,남,75세,상해없음,이륜,남,57세,중상
2015092500100488,2015년 9월 25일 15시,금요일,울산광역시 북구 진장동,중상사고,0,1,0,1,차대차 - 측면직각충돌,직진우회전진행방해,건조,맑음,교차로 - 교차로안,승용,남,71세,부상신고,승용,남,51세,중상
2015092500100489,2015년 9월 25일 15시,금요일,울산광역시 남구 달동,경상사고,0,0,1,0,차대사람 - 횡단중,보행자보호의무위반,건조,맑음,교차로 - 교차로안,승용,여,52세,상해없음,보행자,여,57세,경상
2015092500100490,2015년 9월 25일 15시,금요일,울산광역시 북구 어물동,경상사고,0,0,2,0,차대차 - 추돌 - 진행중,안전운전불이행,건조,맑음,단일로 - 기타,화물,남,46세,상해없음,화물,남,51세,경상
2015092500100604,2015년 9월 25일 17시,금요일,울산광역시 남구 야음동,중상사고,0,1,0,0,차대사람 - 횡단중,안전운전불이행,건조,맑음,단일로 - 기타,승용,여,36세,상해없음,보행자,여,59세,중상
2015092500100672,2015년 9월 25일 18시,금요일,울산광역시 중구 남외동,부상신고사고,0,0,0,1,차대차 - 기타,차로위반,건조,맑음,단일로 - 기타,화물,남,63세,부상신고,승용,여,34세,상해없음
2015092500100777,2015년 9월 25일 20시,금요일,울산광역시 북구 상안동,경상사고,0,0,1,0,차대사람 - 횡단중,보행자보호의무위반,건조,맑음,교차로 - 교차로안,승용,여,47세,상해없음,보행자,남,43세,경상
2015092500100819,2015년 9월 25일 21시,금요일,울산광역시 남구 선암동,중상사고,0,1,1,0,차대차 - 추돌 - 진행중,안전운전불이행,건조,맑음,교차로 - 교차로부근,화물,남,57세,중상,화물,남,38세,경상
2015092500100820,2015년 9월 25일 21시,금요일,울산광역시 울주군 온산읍,경상사고,0,0,2,0,차대차 - 추돌 - 진행중,안전운전불이행,건조,맑음,단일로 - 기타,승용,남,39세,상해없음,승용,남,25세,경상
2015092500100856,2015년 9월 25일 22시,금요일,울산광역시 남구 야음동,중상사고,0,1,0,0,차대사람 - 기타,안전운전불이행,기타,기타,단일로 - 기타,승용,남,41세,상해없음,보행자,남,61세,중상
2015092500100878,2015년 9월 25일 23시,금요일,울산광역시 울주군 범서읍,경상사고,0,0,1,0,차대차 - 측면직각충돌,교차로운행방법위반,건조,맑음,교차로 - 교차로안,승용,남,30세,상해없음,승용,여,53세,상해없음
2015092600100090,2015년 9월 26일 03시,토요일,울산광역시 북구 상안동,경상사고,0,0,1,0,차대차 - 추돌 - 주정차중,안전운전불이행,건조,맑음,교차로 - 교차로부근,승용,남,46세,경상,화물,남,59세,기타불명
2015092600100091,2015년 9월 26일 03시,토요일,울산광역시 남구 달동,경상사고,0,0,1,0,차대사람 - 차도통행중,안전운전불이행,건조,맑음,교차로 - 교차로부근,승용,남,41세,상해없음,보행자,남,27세,경상
2015092600100110,2015년 9월 26일 04시,토요일,울산광역시 북구 호계동,중상사고,0,1,0,0,차대사람 - 기타,안전운전불이행,건조,맑음,교차로 - 교차로안,승용,여,44세,상해없음,보행자,남,41세,중상
2015092600100124,2015년 9월 26일 05시,토요일,울산광역시 남구 신정동,경상사고,0,0,1,0,차대차 - 측면직각충돌,교차로운행방법위반,건조,맑음,교차로 - 교차로안,승용,여,60세,상해없음,승용,여,48세,상해없음
2015092600100198,2015년 9월 26일 09시,토요일,울산광역시 중구 태화동,경상사고,0,0,1,0,차대차 - 기타,안전거리미확보,건조,맑음,단일로 - 기타,기타불명,기타불명,기타불명,기타불명,기타불명,기타불명,기타불명,기타불명
2015092600100199,2015년 9월 26일 09시,토요일,울산광역시 남구 달동,경상사고,0,0,4,0,차대차 - 추돌 - 주정차중,안전운전불이행,건조,맑음,교차로 - 교차로부근,승용,남,25세,상해없음,승용,남,34세,경상
2015092600100200,2015년 9월 26일 09시,토요일,울산광역시 동구 주전동,경상사고,0,0,1,0,차대사람 - 기타,안전운전불이행,건조,맑음,단일로 - 기타,승합,기타불명,기타불명,기타불명,보행자,여,84세,경상
2015092600100261,2015년 9월 26일 11시,토요일,울산광역시 중구 유곡동,경상사고,0,0,1,0,차대차 - 추돌 - 주정차중,안전운전불이행,건조,맑음,교차로 - 교차로부근,승용,남,36세,상해없음,승용,남,38세,상해없음
2015092600100291,2015년 9월 26일 12시,토요일,울산광역시 북구 상안동,중상사고,0,1,1,1,차대차 - 기타,신호위반,건조,맑음,교차로 - 교차로안,승용,여,28세,부상신고,승용,여,41세,경상
2015092600100374,2015년 9월 26일 15시,토요일,울산광역시 북구 명촌동,중상사고,0,2,0,0,차대차 - 기타,안전운전불이행,건조,맑음,단일로 - 기타,승용,여,48세,상해없음,이륜,남,58세,중상
2015092600100406,2015년 9월 26일 16시,토요일,울산광역시 울주군 온양읍,중상사고,0,2,0,0,차대차 - 측면직각충돌,안전운전불이행,건조,맑음,교차로 - 교차로안,승용,남,51세,상해없음,승용,남,48세,중상
2015092600100430,2015년 9월 26일 17시,토요일,울산광역시 동구 화정동,부상신고사고,0,0,0,1,차대사람 - 기타,안전운전불이행,건조,맑음,교차로 - 교차로부근,승용,기타불명,기타불명,기타불명,보행자,남,36세,부상신고
2015092600100501,2015년 9월 26일 20시,토요일,울산광역시 중구 다운동,부상신고사고,0,0,0,1,차대차 - 기타,안전운전불이행,건조,맑음,교차로 - 교차로안,승용,남,31세,기타불명,화물,남,53세,상해없음
2015092600100502,2015년 9월 26일 20시,토요일,울산광역시 동구 서부동,중상사고,0,1,0,0,차대사람 - 기타,안전운전불이행,건조,맑음,단일로 - 기타,승용,여,23세,상해없음,보행자,여,7세,중상
2015092700100271,2015년 9월 27일 14시,일요일,울산광역시 남구 신정동,경상사고,0,0,1,1,차대차 - 측면직각충돌,교차로운행방법위반,건조,맑음,교차로 - 교차로안,승용,남,65세,상해없음,승합,남,50세,경상
2015092700100272,2015년 9월 27일 14시,일요일,울산광역시 울주군 범서읍,경상사고,0,0,3,0,차대차 - 추돌 - 주정차중,안전거리미확보,건조,맑음,교차로 - 교차로부근,승용,남,68세,상해없음,승용,남,53세,경상
2015092700100273,2015년 9월 27일 14시,일요일,울산광역시 울주군 삼동면,중상사고,0,1,1,0,차대차 - 정면충돌,중앙선침범,건조,맑음,단일로 - 기타,승용,남,64세,상해없음,화물,남,36세,경상
2015092700100302,2015년 9월 27일 15시,일요일,울산광역시 남구 신정동,중상사고,0,1,1,0,차대차 - 기타,안전운전불이행,건조,맑음,교차로 - 교차로부근,승용,남,57세,상해없음,승용,남,66세,경상
2015092700100303,2015년 9월 27일 15시,일요일,울산광역시 울주군 삼동면,중상사고,0,1,3,0,차대차 - 정면충돌,중앙선침범,건조,맑음,단일로 - 기타,승용,남,67세,상해없음,승용,남,21세,경상
2015092700100356,2015년 9월 27일 17시,일요일,울산광역시 남구 신정동,경상사고,0,0,6,1,차대차 - 기타,안전운전불이행,건조,맑음,교차로 - 교차로안,승용,남,64세,기타불명,승용,남,43세,상해없음
2015092700100382,2015년 9월 27일 18시,일요일,울산광역시 중구 성남동,중상사고,0,1,0,0,차대차 - 기타,신호위반,건조,맑음,교차로 - 교차로안,승용,여,48세,상해없음,이륜,남,28세,중상
2015092700100431,2015년 9월 27일 20시,일요일,울산광역시 동구 화정동,중상사고,0,1,0,0,차대차 - 측면직각충돌,신호위반,건조,맑음,교차로 - 교차로안,승용,남,28세,상해없음,원동기,남,35세,중상
2015092700100474,2015년 9월 27일 22시,일요일,울산광역시 중구 우정동,사망사고,1,0,0,0,차대사람 - 횡단중,안전운전불이행,건조,맑음,단일로 - 기타,이륜,남,31세,상해없음,보행자,남,48세,사망
2015092700100475,2015년 9월 27일 22시,일요일,울산광역시 북구 양정동,경상사고,0,0,1,0,차대차 - 기타,안전거리미확보,건조,맑음,단일로 - 기타,승합,남,57세,상해없음,승용,남,60세,경상
2015092700100476,2015년 9월 27일 22시,일요일,울산광역시 울주군 온산읍,경상사고,0,0,1,0,차대사람 - 길가장자리구역통행중,안전운전불이행,건조,맑음,단일로 - 기타,승용,여,35세,상해없음,보행자,남,50세,경상
2015092700100492,2015년 9월 27일 23시,일요일,울산광역시 울주군 언양읍,경상사고,0,0,1,0,차대차 - 추돌 - 진행중,안전운전불이행,건조,맑음,교차로 - 교차로안,승용,남,22세,상해없음,이륜,여,48세,경상
2015092800100170,2015년 9월 28일 12시,월요일,울산광역시 울주군 삼남면,중상사고,0,2,1,0,차대차 - 추돌 - 주정차중,안전거리미확보,건조,맑음,교차로 - 교차로부근,승용,여,47세,기타불명,승용,남,32세,중상
2015092800100281,2015년 9월 28일 16시,월요일,울산광역시 남구 삼산동,부상신고사고,0,0,0,1,차량단독 - 공작물충돌,안전운전불이행,건조,맑음,단일로 - 기타,이륜,남,76세,부상신고,,,,