사고번호,사고일시,요일,시군구,사고내용,사망자수,중상자수,경상자수,부상신고자수,사고유형,법규위반,노면상태,기상상태,도로형태,가해운전자 차종,가해운전자 성별,가해운전자 연령,가해운전자 상해정도,피해운전자 차종,피해운전자 성별,피해운전자 연령,피해운전자 상해정도
2015112800100151,2015년 11월 28일 07시,토요일,울산광역시 동구 방어동,경상사고,0,0,1,0,차대차 - 정면충돌,안전거리미확보,건조,맑음,교차로 - 교차로부근,승용,남,61세,상해없음,승용,여,26세,경상
2015112800100314,2015년 11월 28일 13시,토요일,울산광역시 중구 약사동,중상사고,0,1,2,0,차대차 - 측면직각충돌,직진우회전진행방해,건조,맑음,교차로 - 교차로안,승용,남,60세,경상,이륜,남,37세,중상
2015112800100351,2015년 11월 28일 14시,토요일,울산광역시 동구 일산동,경상사고,0,0,1,0,차대차 - 정면충돌,안전운전불이행,건조,맑음,단일로 - 기타,이륜,남,38세,상해없음,이륜,남,44세,경상
2015112800100352,2015년 11월 28일 14시,토요일,울산광역시 동구 서부동,경상사고,0,0,2,0,차대차 - 추돌 - 주정차중,안전운전불이행,건조,맑음,교차로 - 교차로부근,화물,남,23세,상해없음,승용,남,40세,경상
2015112800100378,2015년 11월 28일 15시,토요일,울산광역시 북구 효문동,경상사고,0,0,3,1,차대차 - 정면충돌,중앙선침범,건조,맑음,단일로 - 기타,승용,여,66세,부상신고,승용,남,53세,경상
2015112800100407,2015년 11월 28일 16시,토요일,울산광역시 중구 태화동,경상사고,0,0,1,0,차대차 - 측면직각충돌,안전운전불이행,건조,맑음,교차로 - 교차로부근,화물,남,56세,상해없음,승용,여,56세,경상
2015112800100440,2015년 11월 28일 17시,토요일,울산광역시 북구 양정동,중상사고,0,1,0,0,차대차 - 정면충돌,안전운전불이행,건조,맑음,교차로 - 교차로부근,승용,여,34세,상해없음,이륜,남,33세,중상
2015112800100491,2015년 11월 28일 18시,토요일,울산광역시 남구 삼산동,중상사고,0,1,0,0,차대사람 - 횡단중,안전운전불이행,건조,맑음,교차로 - 교차로부근,승합,남,46세,상해없음,보행자,여,18세,중상
2015112800100492,2015년 11월 28일 18시,토요일,울산광역시 남구 무거동,경상사고,0,0,2,0,차대차 - 추돌 - 진행중,안전운전불이행,건조,흐림,단일로 - 기타,승용,남,62세,상해없음,승용,남,54세,경상
2015112800100535,2015년 11월 28일 19시,토요일,울산광역시 북구 진장동,경상사고,0,0,2,0,차대차 - 정면충돌,안전거리미확보,건조,맑음,교차로 - 교차로부근,승용,남,34세,상해없음,승용,남,53세,경상
2015112800100563,2015년 11월 28일 20시,토요일,울산광역시 북구 호계동,경상사고,0,0,3,0,차대차 - 추돌 - 주정차중,안전거리미확보,건조,맑음,교차로 - 교차로부근,화물,남,50세,상해없음,승용,여,42세,경상
2015112800100564,2015년 11월 28일 20시,토요일,울산광역시 울주군 온양읍,중상사고,0,1,0,0,차대차 - 정면충돌,신호위반,건조,맑음,교차로 - 교차로안,승용,여,24세,상해없음,승용,여,50세,중상
2015112800100594,2015년 11월 28일 21시,토요일,울산광역시 중구 서동,경상사고,0,0,1,0,차대사람 - 횡단중,안전운전불이행,건조,맑음,단일로 - 기타,승용,남,41세,상해없음,보행자,남,27세,경상
2015112800100635,2015년 11월 28일 23시,토요일,울산광역시 북구 화봉동,중상사고,0,3,6,1,차대차 - 정면충돌,안전운전불이행,건조,맑음,교차로 - 교차로부근,승용,남,25세,부상신고,승합,남,53세,경상
2015112900100046,2015년 11월 29일 01시,일요일,울산광역시 북구 명촌동,경상사고,0,0,2,0,차대차 - 측면직각충돌,신호위반,건조,흐림,교차로 - 교차로안,승합,남,54세,상해없음,승용,남,67세,경상
2015112900100062,2015년 11월 29일 03시,일요일,울산광역시 중구 반구동,경상사고,0,0,1,0,차대사람 - 횡단중,안전운전불이행,건조,맑음,단일로 - 횡단보도상,승용,남,44세,상해없음,보행자,여,54세,경상
2015112900100063,2015년 11월 29일 03시,일요일,울산광역시 남구 삼산동,경상사고,0,0,1,0,차대사람 - 기타,안전운전불이행,건조,맑음,교차로 - 교차로부근,기타불명,기타불명,기타불명,기타불명,보행자,남,32세,경상
2015112900100100,2015년 11월 29일 06시,일요일,울산광역시 북구 화봉동,경상사고,0,0,1,0,차대차 - 정면충돌,신호위반,건조,맑음,교차로 - 교차로안,화물,남,64세,상해없음,승용,여,58세,경상
2015112900100113,2015년 11월 29일 07시,일요일,울산광역시 동구 전하동,중상사고,0,1,0,0,차대차 - 측면직각충돌,교차로운행방법위반,건조,맑음,교차로 - 교차로안,승용,남,59세,상해없음,원동기,남,42세,중상
2015112900100213,2015년 11월 29일 13시,일요일,울산광역시 남구 달동,경상사고,0,0,1,0,차대차 - 정면충돌,교차로운행방법위반,건조,맑음,교차로 - 교차로안,이륜,남,41세,상해없음,자전거,남,67세,경상
2015112900100235,2015년 11월 29일 14시,일요일,울산광역시 남구 삼산동,경상사고,0,0,1,0,차대차 - 정면충돌,안전운전불이행,건조,맑음,교차로 - 교차로안,승합,남,47세,상해없음,승용,여,25세,경상
2015112900100274,2015년 11월 29일 15시,일요일,울산광역시 동구 서부동,경상사고,0,0,4,0,차대차 - 정면충돌,신호위반,건조,맑음,교차로 - 교차로안,승용,여,58세,상해없음,승용,남,63세,경상
2015112900100353,2015년 11월 29일 17시,일요일,울산광역시 중구 학산동,경상사고,0,0,1,0,차대사람 - 횡단중,안전운전불이행,건조,맑음,단일로 - 기타,승용,여,51세,상해없음,보행자,남,66세,경상
2015112900100354,2015년 11월 29일 17시,일요일,울산광역시 울주군 언양읍,중상사고,0,1,0,0,차대차 - 추돌 - 진행중,안전거리미확보,건조,맑음,단일로 - 기타,승합,남,58세,상해없음,승용,남,54세,중상
2015112900100393,2015년 11월 29일 18시,일요일,울산광역시 북구 효문동,경상사고,0,0,1,0,차대차 - 정면충돌,안전거리미확보,건조,맑음,단일로 - 기타,이륜,남,16세,상해없음,이륜,남,48세,경상
2015112900100394,2015년 11월 29일 18시,일요일,울산광역시 북구 중산동,경상사고,0,0,3,0,차대차 - 추돌 - 진행중,안전거리미확보,건조,맑음,단일로 - 기타,승합,남,49세,상해없음,승용,남,49세,경상
2015112900100436,2015년 11월 29일 19시,일요일,울산광역시 북구 창평동,사망사고,1,0,2,0,차대사람 - 기타,안전운전불이행,건조,맑음,단일로 - 기타,승용,남,54세,상해없음,보행자,남,43세,사망
2015112900100467,2015년 11월 29일 20시,일요일,울산광역시 남구 달동,중상사고,0,2,0,0,차대사람 - 횡단중,신호위반,건조,맑음,단일로 - 횡단보도상,승용,여,38세,상해없음,보행자,여,58세,중상
2015113000100016,2015년 11월 30일 01시,월요일,울산광역시 남구 야음동,경상사고,0,0,1,0,차대차 - 기타,신호위반,기타,맑음,교차로 - 교차로부근,승용,남,40세,상해없음,승용,여,60세,경상
2015113000100017,2015년 11월 30일 01시,월요일,울산광역시 남구 달동,중상사고,0,1,0,0,차대사람 - 횡단중,안전운전불이행,건조,맑음,교차로 - 교차로안,승용,남,39세,기타불명,보행자,남,24세,중상
2015113000100165,2015년 11월 30일 09시,월요일,울산광역시 남구 신정동,경상사고,0,0,1,0,차대차 - 추돌 - 진행중,안전거리미확보,건조,맑음,단일로 - 기타,승용,남,46세,상해없음,승용,여,52세,경상
2015113000100210,2015년 11월 30일 10시,월요일,울산광역시 남구 삼산동,부상신고사고,0,0,0,1,차대사람 - 기타,안전운전불이행,건조,맑음,단일로 - 기타,원동기,여,34세,상해없음,보행자,남,7세,부상신고
2015113000100248,2015년 11월 30일 11시,월요일,울산광역시 울주군 온양읍,경상사고,0,0,1,0,차대차 - 측면직각충돌,교차로운행방법위반,건조,맑음,교차로 - 교차로안,승용,여,46세,상해없음,화물,남,68세,경상
2015113000100299,2015년 11월 30일 13시,월요일,울산광역시 남구 무거동,경상사고,0,0,1,0,차대차 - 추돌 - 주정차중,안전거리미확보,건조,맑음,단일로 - 기타,화물,남,70세,상해없음,승용,남,50세,경상
2015113000100300,2015년 11월 30일 13시,월요일,울산광역시 남구 무거동,경상사고,0,0,5,0,차대차 - 정면충돌,안전운전불이행,건조,맑음,단일로 - 기타,승용,여,38세,경상,승용,남,33세,경상
2015113000100390,2015년 11월 30일 15시,월요일,울산광역시 남구 야음동,부상신고사고,0,0,0,1,차대차 - 정면충돌,안전운전불이행,건조,맑음,단일로 - 터널,승용,남,54세,상해없음,승용,여,49세,상해없음
2015113000100466,2015년 11월 30일 17시,월요일,울산광역시 중구 남외동,중상사고,0,1,0,0,차대사람 - 횡단중,보행자보호의무위반,건조,맑음,교차로 - 교차로안,승용,여,46세,상해없음,보행자,여,41세,중상
2015113000100569,2015년 11월 30일 19시,월요일,울산광역시 중구 다운동,경상사고,0,0,1,0,차대차 - 정면충돌,직진우회전진행방해,건조,맑음,교차로 - 교차로안,화물,남,47세,상해없음,이륜,남,52세,경상
2015113000100570,2015년 11월 30일 19시,월요일,울산광역시 남구 달동,경상사고,0,0,1,0,차대사람 - 횡단중,안전운전불이행,건조,맑음,단일로 - 기타,승용,남,56세,상해없음,보행자,여,46세,경상
2015113000100571,2015년 11월 30일 19시,월요일,울산광역시 남구 삼산동,경상사고,0,0,1,0,차대사람 - 기타,안전운전불이행,건조,맑음,단일로 - 기타,승합,기타불명,기타불명,기타불명,보행자,여,56세,경상
2015113000100572,2015년 11월 30일 19시,월요일,울산광역시 울주군 온산읍,경상사고,0,0,1,0,차대차 - 측면직각충돌,차로위반,건조,맑음,단일로 - 기타,기타불명,기타불명,기타불명,기타불명,승용,남,59세,경상
2015113000100613,2015년 11월 30일 20시,월요일,울산광역시 중구 학성동,경상사고,0,0,1,0,차대차 - 정면충돌,안전운전불이행,건조,맑음,단일로 - 기타,승용,남,63세,상해없음,승용,남,58세,경상
2015113000100614,2015년 11월 30일 20시,월요일,울산광역시 남구 야음동,중상사고,0,1,0,0,차대사람 - 횡단중,안전운전불이행,건조,맑음,교차로 - 교차로부근,화물,남,57세,상해없음,보행자,여,35세,중상
2015113000100643,2015년 11월 30일 21시,월요일,울산광역시 북구 염포동,중상사고,0,2,0,0,차량단독 - 전도전복,안전운전불이행,건조,맑음,단일로 - 기타,이륜,남,23세,중상,,,,
2015113000100644,2015년 11월 30일 21시,월요일,울산광역시 울주군 웅촌면,중상사고,0,1,0,0,차대사람 - 횡단중,안전운전불이행,건조,맑음,단일로 - 기타,이륜,남,46세,상해없음,보행자,남,21세,중상
2015120100100071,2015년 12월 1일 06시,화요일,울산광역시 울주군 청량면,중상사고,0,1,0,0,차대차 - 정면충돌,안전거리미확보,건조,맑음,단일로 - 기타,화물,남,59세,상해없음,화물,남,46세,중상
2015120100100091,2015년 12월 1일 06시,화요일,울산광역시 중구 유곡동,부상신고사고,0,0,0,1,차대사람 - 횡단중,보행자보호의무위반,건조,맑음,단일로 - 횡단보도상,승용,여,57세,상해없음,보행자,여,54세,부상신고
2015120100100092,2015년 12월 1일 06시,화요일,울산광역시 동구 방어동,중상사고,0,1,0,0,차대차 - 정면충돌,교차로운행방법위반,건조,맑음,교차로 - 교차로안,승합,남,55세,상해없음,자전거,남,23세,중상
2015120100100093,2015년 12월 1일 06시,화요일,울산광역시 울주군 온산읍,중상사고,0,1,0,0,차대차 - 정면충돌,안전운전불이행,건조,맑음,단일로 - 기타,승용,남,57세,상해없음,승용,남,54세,중상
2015120100100112,2015년 12월 1일 07시,화요일,울산광역시 중구 태화동,중상사고,0,1,0,0,차대차 - 정면충돌,신호위반,건조,맑음,교차로 - 교차로안,승합,남,29세,상해없음,승용,남,48세,중상
2015120100100113,2015년 12월 1일 07시,화요일,울산광역시 울주군 언양읍,경상사고,0,0,1,0,차대차 - 추돌 - 주정차중,안전운전불이행,건조,맑음,단일로 - 기타,승용,남,30세,상해없음,승용,여,43세,경상
2015120100100287,2015년 12월 1일 13시,화요일,울산광역시 남구 신정동,경상사고,0,0,1,0,차대차 - 측면직각충돌,안전운전불이행,건조,맑음,교차로 - 교차로안,승합,남,28세,상해없음,승용,남,43세,경상
2015120100100363,2015년 12월 1일 15시,화요일,울산광역시 남구 달동,중상사고,0,1,0,0,차대차 - 측면직각충돌,교차로운행방법위반,건조,맑음,교차로 - 교차로안,승용,남,23세,상해없음,승용,남,28세,중상
2015120100100364,2015년 12월 1일 15시,화요일,울산광역시 남구 무거동,중상사고,0,1,0,0,차대사람 - 횡단중,보행자보호의무위반,건조,맑음,교차로 - 교차로부근,승용,여,43세,기타불명,보행자,여,8세,중상
2015120100100365,2015년 12월 1일 15시,화요일,울산광역시 동구 전하동,중상사고,0,1,0,0,차대사람 - 횡단중,안전운전불이행,건조,맑음,단일로 - 기타,승용,남,38세,상해없음,보행자,여,76세,중상
2015120100100366,2015년 12월 1일 15시,화요일,울산광역시 울주군 범서읍,경상사고,0,0,2,0,차대차 - 기타,안전운전불이행,건조,맑음,단일로 - 기타,건설기계,남,48세,상해없음,승용,여,52세,경상
2015120100100407,2015년 12월 1일 16시,화요일,울산광역시 남구 무거동,중상사고,0,1,0,0,차대사람 - 횡단중,보행자보호의무위반,건조,맑음,단일로 - 횡단보도부근,승용,남,68세,기타불명,보행자,여,18세,중상
2015120100100448,2015년 12월 1일 17시,화요일,울산광역시 중구 우정동,경상사고,0,0,1,0,차대사람 - 횡단중,안전운전불이행,건조,맑음,단일로 - 기타,승용,여,40세,상해없음,보행자,남,65세,경상
2015120100100449,2015년 12월 1일 17시,화요일,울산광역시 남구 신정동,사망사고,2,0,0,0,차대사람 - 횡단중,보행자보호의무위반,건조,맑음,단일로 - 횡단보도상,승용,남,73세,상해없음,보행자,여,76세,사망
2015120100100510,2015년 12월 1일 18시,화요일,울산광역시 남구 삼산동,중상사고,0,1,0,0,차대차 - 정면충돌,안전운전불이행,건조,맑음,교차로 - 교차로안,화물,남,51세,상해없음,자전거,남,59세,중상
2015120100100554,2015년 12월 1일 19시,화요일,울산광역시 남구 달동,경상사고,0,0,1,0,차대차 - 추돌 - 진행중,안전운전불이행,건조,맑음,교차로 - 교차로부근,승용,남,37세,상해없음,승용,여,33세,경상
2015120100100574,2015년 12월 1일 20시,화요일,울산광역시 울주군 서생면,부상신고사고,0,0,0,1,차량단독 - 전도전복,안전운전불이행,건조,맑음,단일로 - 기타,이륜,남,48세,부상신고,,,,
2015120100100575,2015년 12월 1일 20시,화요일,울산광역시 울주군 범서읍,경상사고,0,0,1,0,차대차 - 추돌 - 주정차중,안전운전불이행,건조,흐림,단일로 - 기타,승용,남,30세,상해없음,승용,여,43세,경상
2015120100100601,2015년 12월 1일 21시,화요일,울산광역시 울주군 언양읍,부상신고사고,0,0,0,1,차대차 - 측면직각충돌,중앙선침범,건조,맑음,단일로 - 기타,승용,남,53세,상해없음,승용,여,56세,부상신고
2015120100100634,2015년 12월 1일 22시,화요일,울산광역시 중구 다운동,중상사고,0,1,0,0,차대차 - 정면충돌,안전거리미확보,건조,맑음,단일로 - 기타,승용,남,65세,상해없음,이륜,남,18세,중상
2015120100100635,2015년 12월 1일 22시,화요일,울산광역시 남구 삼산동,중상사고,0,1,0,0,차대차 - 정면충돌,안전거리미확보,건조,맑음,단일로 - 교량,승용,남,59세,상해없음,이륜,남,69세,중상
2015120200100115,2015년 12월 2일 07시,수요일,울산광역시 북구 매곡동,경상사고,0,0,1,0,차대사람 - 횡단중,안전운전불이행,건조,맑음,단일로 - 기타,이륜,남,35세,상해없음,보행자,여,31세,경상
2015120200100116,2015년 12월 2일 07시,수요일,울산광역시 남구 달동,경상사고,0,0,1,0,차대사람 - 횡단중,보행자보호의무위반,건조,맑음,교차로 - 교차로안,승용,여,50세,상해없음,보행자,여,18세,경상
2015120200100248,2015년 12월 2일 11시,수요일,울산광역시 중구 다운동,경상사고,0,0,1,0,차대차 - 정면충돌,안전운전불이행,건조,맑음,단일로 - 기타,승용,남,67세,상해없음,이륜,남,38세,경상
2015120200100360,2015년 12월 2일 15시,수요일,울산광역시 울주군 삼남면,경상사고,0,0,1,0,차대사람 - 횡단중,기타,건조,맑음,기타 - 기타,화물,남,47세,상해없음,보행자,여,58세,경상
2015120200100444,2015년 12월 2일 17시,수요일,울산광역시 남구 야음동,경상사고,0,0,1,0,차대사람 - 횡단중,보행자보호의무위반,습기,비,교차로 - 교차로부근,승용,여,54세,상해없음,보행자,여,63세,경상
2015120200100445,2015년 12월 2일 17시,수요일,울산광역시 남구 신정동,경상사고,0,0,1,0,차대차 - 정면충돌,안전운전불이행,습기,비,교차로 - 교차로부근,승용,남,36세,상해없음,승용,남,40세,상해없음
2015120200100446,2015년 12월 2일 17시,수요일,울산광역시 울주군 청량면,경상사고,0,0,3,0,차대차 - 정면충돌,안전거리미확보,습기,비,단일로 - 기타,화물,남,26세,상해없음,승용,남,44세,경상
2015120300100017,2015년 12월 3일 00시,목요일,울산광역시 남구 삼산동,중상사고,0,1,0,0,차대차 - 추돌 - 주정차중,안전운전불이행,습기,비,교차로 - 교차로안,승용,남,53세,상해없음,승용,남,47세,중상
2015120300100018,2015년 12월 3일 00시,목요일,울산광역시 동구 화정동,중상사고,0,1,0,0,차대차 - 추돌 - 주정차중,안전운전불이행,습기,흐림,단일로 - 기타,이륜,여,33세,상해없음,승용,남,60세,기타불명
2015120300100177,2015년 12월 3일 09시,목요일,울산광역시 울주군 온산읍,경상사고,0,0,1,0,차대차 - 정면충돌,교차로운행방법위반,건조,맑음,교차로 - 교차로부근,화물,남,48세,상해없음,승용,남,51세,경상
2015120300100302,2015년 12월 3일 13시,목요일,울산광역시 중구 학성동,경상사고,0,0,1,0,차대사람 - 횡단중,안전운전불이행,건조,맑음,교차로 - 교차로부근,승용,남,72세,상해없음,보행자,여,53세,경상
2015120300100392,2015년 12월 3일 16시,목요일,울산광역시 중구 남외동,경상사고,0,0,2,0,차대차 - 정면충돌,교차로운행방법위반,건조,맑음,교차로 - 교차로안,승용,남,58세,상해없음,승합,남,41세,상해없음
2015120300100608,2015년 12월 3일 22시,목요일,울산광역시 동구 방어동,경상사고,0,0,2,0,차대차 - 측면직각충돌,안전운전불이행,습기,흐림,단일로 - 기타,승용,남,25세,상해없음,승용,남,57세,경상
2015120400100036,2015년 12월 4일 01시,금요일,울산광역시 북구 진장동,중상사고,0,1,1,0,차대차 - 정면충돌,안전운전불이행,건조,맑음,단일로 - 기타,승용,남,28세,상해없음,승용,남,55세,경상
2015120400100037,2015년 12월 4일 01시,금요일,울산광역시 남구 삼산동,경상사고,0,0,1,0,차대차 - 정면충돌,교차로운행방법위반,건조,맑음,교차로 - 교차로안,이륜,남,60세,경상,승용,남,45세,상해없음
2015120400100069,2015년 12월 4일 05시,금요일,울산광역시 북구 명촌동,부상신고사고,0,0,0,1,차량단독 - 기타,안전운전불이행,건조,맑음,단일로 - 기타,자전거,남,25세,부상신고,,,,
2015120400100139,2015년 12월 4일 08시,금요일,울산광역시 중구 다운동,부상신고사고,0,0,0,1,차량단독 - 공작물충돌,안전운전불이행,건조,맑음,단일로 - 기타,승용,남,37세,부상신고,,,,
2015120400100140,2015년 12월 4일 08시,금요일,울산광역시 북구 화봉동,중상사고,0,1,0,0,차대사람 - 횡단중,보행자보호의무위반,건조,맑음,교차로 - 교차로안,승용,남,41세,상해없음,보행자,여,14세,중상
2015120400100195,2015년 12월 4일 10시,금요일,울산광역시 북구 진장동,경상사고,0,0,4,0,차대차 - 정면충돌,직진우회전진행방해,건조,맑음,교차로 - 교차로안,승용,남,68세,기타불명,승합,남,39세,경상
2015120400100220,2015년 12월 4일 11시,금요일,울산광역시 북구 효문동,경상사고,0,0,1,0,차대차 - 정면충돌,신호위반,건조,맑음,교차로 - 교차로부근,승용,남,57세,상해없음,원동기,남,44세,경상
2015120400100282,2015년 12월 4일 13시,금요일,울산광역시 울주군 범서읍,경상사고,0,0,1,0,차대차 - 정면충돌,안전운전불이행,건조,맑음,교차로 - 교차로부근,승용,여,50세,상해없음,이륜,남,54세,경상
2015120400100299,2015년 12월 4일 14시,금요일,울산광역시 남구 무거동,중상사고,0,3,0,0,차대차 - 정면충돌,교차로운행방법위반,건조,맑음,교차로 - 교차로안,승용,여,49세,상해없음,승용,남,47세,중상
2015120400100337,2015년 12월 4일 15시,금요일,울산광역시 중구 태화동,중상사고,0,1,0,0,차대사람 - 횡단중,안전운전불이행,건조,맑음,교차로 - 교차로안,승용,여,40세,상해없음,보행자,여,61세,중상
2015120400100338,2015년 12월 4일 15시,금요일,울산광역시 남구 달동,경상사고,0,0,1,0,차대차 - 정면충돌,안전운전불이행,건조,맑음,교차로 - 교차로부근,승용,남,48세,상해없음,승용,남,35세,경상
2015120400100372,2015년 12월 4일 16시,금요일,울산광역시 중구 성남동,중상사고,0,1,0,0,차량단독 - 기타,기타,건조,맑음,단일로 - 기타,승합,남,59세,상해없음,,,,
2015120400100373,2015년 12월 4일 16시,금요일,울산광역시 울주군 온산읍,경상사고,0,0,1,0,차대차 - 정면충돌,차로위반,건조,맑음,교차로 - 교차로안,이륜,남,65세,경상,화물,남,39세,상해없음
2015120400100530,2015년 12월 4일 19시,금요일,울산광역시 울주군 온산읍,경상사고,0,0,1,0,차량단독 - 전도전복,안전운전불이행,건조,맑음,단일로 - 기타,이륜,남,66세,경상,,,,
2015120400100569,2015년 12월 4일 20시,금요일,울산광역시 남구 황성동,경상사고,0,0,1,0,차대차 - 측면직각충돌,안전운전불이행,건조,맑음,교차로 - 교차로안,화물,남,52세,경상,화물,남,36세,상해없음
2015120400100603,2015년 12월 4일 21시,금요일,울산광역시 남구 야음동,중상사고,0,1,0,0,차대차 - 정면충돌,교차로운행방법위반,건조,맑음,교차로 - 교차로안,이륜,여,57세,중상,승용,남,73세,상해없음
2015120400100633,2015년 12월 4일 22시,금요일,울산광역시 남구 신정동,경상사고,0,0,1,0,차대차 - 정면충돌,안전운전불이행,건조,맑음,단일로 - 기타,승용,여,56세,상해없음,승용,남,43세,경상
2015120400100634,2015년 12월 4일 22시,금요일,울산광역시 남구 달동,경상사고,0,0,2,0,차대사람 - 횡단중,안전운전불이행,기타,맑음,교차로 - 교차로부근,승용,남,58세,상해없음,보행자,남,34세,경상
2015120400100667,2015년 12월 4일 23시,금요일,울산광역시 울주군 범서읍,경상사고,0,0,1,0,차대차 - 정면충돌,안전거리미확보,건조,맑음,단일로 - 기타,이륜,남,17세,상해없음,승용,남,53세,상해없음
2015120500100062,2015년 12월 5일 02시,토요일,울산광역시 울주군 범서읍,경상사고,0,0,1,0,차량단독 - 전도전복,안전운전불이행,건조,맑음,단일로 - 기타,승용,남,25세,상해없음,,,,
2015120500100135,2015년 12월 5일 07시,토요일,울산광역시 울주군 삼남면,경상사고,0,0,1,0,차대차 - 정면충돌,신호위반,건조,맑음,교차로 - 교차로안,승용,남,45세,상해없음,승용,여,50세,경상
2015120500100155,2015년 12월 5일 08시,토요일,울산광역시 북구 연암동,중상사고,0,1,4,1,차대차 - 측면직각충돌,안전운전불이행,건조,맑음,단일로 - 기타,화물,남,43세,부상신고,승용,남,33세,경상
2015120500100187,2015년 12월 5일 09시,토요일,울산광역시 동구 전하동,중상사고,0,1,0,0,차대차 - 정면충돌,교차로운행방법위반,건조,맑음,교차로 - 교차로안,이륜,남,58세,중상,승용,여,41세,상해없음
2015120500100221,2015년 12월 5일 10시,토요일,울산광역시 울주군 범서읍,부상신고사고,0,0,0,1,차대차 - 정면충돌,안전거리미확보,건조,맑음,교차로 - 교차로부근,승용,여,46세,상해없음,건설기계,남,40세,상해없음
2015120500100222,2015년 12월 5일 10시,토요일,울산광역시 울주군 온양읍,부상신고사고,0,0,0,1,차대차 - 정면충돌,안전거리미확보,건조,맑음,단일로 - 기타,이륜,남,64세,부상신고,화물,남,45세,상해없음
2015120500100323,2015년 12월 5일 13시,토요일,울산광역시 울주군 상북면,중상사고,0,1,3,0,차대차 - 정면충돌,중앙선침범,결빙,흐림,단일로 - 기타,화물,남,41세,상해없음,승용,남,38세,경상
2015120500100357,2015년 12월 5일 14시,토요일,울산광역시 울주군 범서읍,중상사고,0,1,0,0,차대차 - 정면충돌,교차로운행방법위반,건조,맑음,교차로 - 교차로안,승용,여,44세,상해없음,승용,남,57세,중상
2015120500100393,2015년 12월 5일 15시,토요일,울산광역시 울주군 언양읍,경상사고,0,0,1,0,차대차 - 정면충돌,안전운전불이행,건조,맑음,단일로 - 횡단보도상,승용,여,31세,상해없음,자전거,남,60세,경상
2015120500100468,2015년 12월 5일 17시,토요일,울산광역시 중구 반구동,경상사고,0,0,1,0,차대차 - 정면충돌,안전운전불이행,건조,맑음,단일로 - 기타,자전거,남,50세,경상,승용,여,51세,상해없음
2015120500100469,2015년 12월 5일 17시,토요일,울산광역시 동구 방어동,경상사고,0,0,2,0,차대차 - 기타,안전운전불이행,건조,맑음,교차로 - 교차로안,승용,남,57세,상해없음,자전거,남,41세,경상
2015120500100525,2015년 12월 5일 18시,토요일,울산광역시 북구 호계동,경상사고,0,0,1,0,차대차 - 정면충돌,안전운전불이행,건조,맑음,교차로 - 교차로안,승용,남,55세,상해없음,화물,남,35세,경상
2015120500100526,2015년 12월 5일 18시,토요일,울산광역시 울주군 범서읍,경상사고,0,0,5,0,차대차 - 정면충돌,안전운전불이행,건조,맑음,단일로 - 기타,승용,남,73세,상해없음,승용,남,34세,경상
2015120500100606,2015년 12월 5일 20시,토요일,울산광역시 중구 태화동,중상사고,0,1,2,0,차대차 - 정면충돌,신호위반,건조,맑음,교차로 - 교차로안,승용,남,55세,상해없음,승용,남,60세,경상
2015120600100026,2015년 12월 6일 00시,일요일,울산광역시 중구 성안동,부상신고사고,0,0,0,1,차대차 - 측면직각충돌,직진우회전진행방해,건조,맑음,교차로 - 교차로안,원동기,남,18세,부상신고,승용,남,52세,상해없음
2015120600100089,2015년 12월 6일 03시,일요일,울산광역시 남구 달동,경상사고,0,0,1,0,차대사람 - 기타,교차로운행방법위반,기타,기타,교차로 - 교차로안,승용,남,68세,상해없음,보행자,여,27세,경상
2015120600100090,2015년 12월 6일 03시,일요일,울산광역시 북구 양정동,경상사고,0,0,2,0,차대차 - 추돌 - 주정차중,안전운전불이행,건조,맑음,교차로 - 교차로부근,승용,남,29세,상해없음,승용,여,55세,경상
2015120600100176,2015년 12월 6일 10시,일요일,울산광역시 중구 약사동,중상사고,0,1,0,0,차대차 - 기타,안전거리미확보,건조,맑음,교차로 - 교차로부근,승용,남,55세,상해없음,승용,남,62세,중상
2015120600100177,2015년 12월 6일 10시,일요일,울산광역시 울주군 언양읍,경상사고,0,0,1,3,차대차 - 추돌 - 진행중,안전운전불이행,건조,맑음,단일로 - 기타,화물,남,45세,상해없음,승용,남,42세,부상신고
2015120600100193,2015년 12월 6일 11시,일요일,울산광역시 남구 삼산동,경상사고,0,0,1,0,차대사람 - 차도통행중,안전운전불이행,건조,맑음,단일로 - 횡단보도부근,승용,남,62세,상해없음,보행자,여,55세,경상
2015120600100231,2015년 12월 6일 13시,일요일,울산광역시 울주군 청량면,경상사고,0,0,4,0,차대차 - 측면직각충돌,안전거리미확보,건조,맑음,단일로 - 기타,화물,남,55세,상해없음,승용,여,38세,경상
2015120600100417,2015년 12월 6일 19시,일요일,울산광역시 남구 신정동,경상사고,0,0,3,0,차대차 - 측면직각충돌,신호위반,건조,맑음,교차로 - 교차로안,승합,남,49세,경상,승용,남,19세,경상
2015120600100465,2015년 12월 6일 21시,일요일,울산광역시 중구 태화동,중상사고,0,2,0,0,차대차 - 정면충돌,안전운전불이행,건조,맑음,단일로 - 기타,승용,남,67세,상해없음,승용,남,51세,중상