사고번호,사고일시,요일,시군구,사고내용,사망자수,중상자수,경상자수,부상신고자수,사고유형,법규위반,노면상태,기상상태,도로형태,가해운전자 차종,가해운전자 성별,가해운전자 연령,가해운전자 상해정도,피해운전자 차종,피해운전자 성별,피해운전자 연령,피해운전자 상해정도
2015121300100394,2015년 12월 13일 17시,일요일,울산광역시 울주군 언양읍,경상사고,0,0,1,0,차대차 - 추돌 - 진행중,안전운전불이행,건조,맑음,교차로 - 교차로부근,승용,남,51세,상해없음,승용,여,56세,경상
2015121300100432,2015년 12월 13일 18시,일요일,울산광역시 중구 옥교동,경상사고,0,0,1,0,차대차 - 정면충돌,중앙선침범,건조,맑음,단일로 - 기타,승용,남,25세,상해없음,승용,남,61세,경상
2015121300100460,2015년 12월 13일 19시,일요일,울산광역시 북구 신천동,중상사고,0,1,1,0,차대사람 - 횡단중,신호위반,건조,맑음,단일로 - 횡단보도상,원동기,남,17세,경상,보행자,남,14세,중상
2015121400100059,2015년 12월 14일 06시,월요일,울산광역시 북구 명촌동,부상신고사고,0,0,0,1,차대차 - 정면충돌,중앙선침범,건조,맑음,교차로 - 교차로안,자전거,남,51세,부상신고,이륜,남,37세,상해없음
2015121400100085,2015년 12월 14일 07시,월요일,울산광역시 중구 반구동,경상사고,0,0,1,0,차대차 - 정면충돌,교차로운행방법위반,건조,맑음,교차로 - 교차로안,이륜,남,28세,경상,승용,남,48세,상해없음
2015121400100086,2015년 12월 14일 07시,월요일,울산광역시 남구 삼산동,부상신고사고,0,0,0,1,차대차 - 정면충돌,차로위반,건조,맑음,단일로 - 기타,이륜,남,37세,부상신고,화물,남,47세,상해없음
2015121400100087,2015년 12월 14일 07시,월요일,울산광역시 동구 방어동,경상사고,0,0,1,0,차대차 - 기타,중앙선침범,건조,맑음,교차로 - 교차로부근,승용,남,57세,상해없음,자전거,남,25세,경상
2015121400100326,2015년 12월 14일 15시,월요일,울산광역시 울주군 범서읍,경상사고,0,0,1,0,차대차 - 측면직각충돌,안전거리미확보,습기,비,단일로 - 기타,화물,남,66세,상해없음,승용,여,53세,경상
2015121400100436,2015년 12월 14일 17시,월요일,울산광역시 중구 반구동,부상신고사고,0,0,0,1,차대사람 - 횡단중,안전운전불이행,건조,맑음,교차로 - 교차로안,화물,남,41세,상해없음,보행자,남,52세,부상신고
2015121400100437,2015년 12월 14일 17시,월요일,울산광역시 울주군 범서읍,경상사고,0,0,1,0,차대사람 - 횡단중,안전운전불이행,습기,비,단일로 - 횡단보도부근,승용,여,47세,상해없음,보행자,남,9세,경상
2015121400100500,2015년 12월 14일 18시,월요일,울산광역시 동구 전하동,중상사고,0,1,0,0,차대차 - 정면충돌,중앙선침범,습기,비,단일로 - 기타,승용,남,29세,상해없음,이륜,남,42세,중상
2015121400100573,2015년 12월 14일 20시,월요일,울산광역시 중구 다운동,중상사고,0,1,0,0,차대사람 - 횡단중,안전운전불이행,습기,비,교차로 - 교차로부근,승용,여,24세,상해없음,보행자,남,43세,중상
2015121400100618,2015년 12월 14일 21시,월요일,울산광역시 중구 복산동,경상사고,0,0,1,0,차대차 - 정면충돌,안전거리미확보,건조,맑음,단일로 - 기타,승용,남,34세,상해없음,승용,남,38세,경상
2015121400100619,2015년 12월 14일 21시,월요일,울산광역시 북구 상안동,경상사고,0,0,1,1,차대차 - 추돌 - 주정차중,안전운전불이행,건조,맑음,교차로 - 교차로부근,화물,남,38세,상해없음,승용,남,47세,경상
2015121500100046,2015년 12월 15일 01시,화요일,울산광역시 남구 달동,경상사고,0,0,1,0,차대사람 - 횡단중,안전운전불이행,습기,비,단일로 - 기타,승용,남,38세,기타불명,보행자,남,38세,경상
2015121500100047,2015년 12월 15일 01시,화요일,울산광역시 울주군 온산읍,중상사고,0,1,0,0,차대차 - 정면충돌,교차로운행방법위반,습기,비,교차로 - 교차로안,특수,남,43세,상해없음,승용,남,26세,중상
2015121500100266,2015년 12월 15일 12시,화요일,울산광역시 남구 매암동,경상사고,0,0,1,0,차대차 - 정면충돌,중앙선침범,건조,맑음,교차로 - 교차로안,건설기계,남,60세,상해없음,화물,남,53세,경상
2015121500100514,2015년 12월 15일 19시,화요일,울산광역시 북구 연암동,중상사고,0,1,2,0,차대차 - 정면충돌,신호위반,건조,맑음,단일로 - 기타,승용,남,31세,경상,화물,여,55세,경상
2015121500100515,2015년 12월 15일 19시,화요일,울산광역시 남구 무거동,중상사고,0,1,0,0,차대차 - 정면충돌,안전거리미확보,건조,맑음,단일로 - 기타,승용,남,46세,기타불명,자전거,여,70세,중상
2015121500100516,2015년 12월 15일 19시,화요일,울산광역시 울주군 청량면,경상사고,0,0,1,0,차대차 - 정면충돌,교차로운행방법위반,건조,맑음,교차로 - 교차로안,화물,여,44세,상해없음,승용,여,51세,경상
2015121500100606,2015년 12월 15일 22시,화요일,울산광역시 북구 명촌동,경상사고,0,0,1,0,차대사람 - 횡단중,안전운전불이행,건조,맑음,교차로 - 교차로안,승용,여,43세,상해없음,보행자,남,49세,경상
2015121500100625,2015년 12월 15일 23시,화요일,울산광역시 남구 삼산동,중상사고,0,1,0,0,차대사람 - 횡단중,안전운전불이행,건조,맑음,단일로 - 기타,승용,남,58세,상해없음,보행자,남,42세,중상
2015121600100035,2015년 12월 16일 01시,수요일,울산광역시 울주군 범서읍,중상사고,0,1,1,0,차대차 - 추돌 - 진행중,안전운전불이행,건조,맑음,교차로 - 교차로부근,승용,남,58세,상해없음,승용,남,30세,경상
2015121600100069,2015년 12월 16일 05시,수요일,울산광역시 울주군 청량면,중상사고,0,1,1,0,차대차 - 정면충돌,중앙선침범,건조,맑음,단일로 - 기타,화물,남,61세,상해없음,승용,남,53세,경상
2015121600100079,2015년 12월 16일 06시,수요일,울산광역시 남구 무거동,중상사고,0,1,0,0,차대사람 - 기타,안전운전불이행,건조,맑음,단일로 - 기타,승용,남,54세,상해없음,보행자,남,67세,중상
2015121600100102,2015년 12월 16일 07시,수요일,울산광역시 울주군 온산읍,경상사고,0,0,1,0,차대차 - 정면충돌,안전거리미확보,건조,맑음,교차로 - 교차로부근,승용,남,56세,상해없음,승용,남,27세,경상
2015121600100103,2015년 12월 16일 07시,수요일,울산광역시 울주군 온산읍,경상사고,0,0,1,0,차대차 - 기타,안전거리미확보,건조,맑음,교차로 - 교차로부근,승용,남,24세,상해없음,승용,남,52세,경상
2015121600100190,2015년 12월 16일 10시,수요일,울산광역시 남구 신정동,경상사고,0,0,1,0,차대차 - 추돌 - 진행중,차로위반,건조,맑음,교차로 - 교차로안,승용,남,73세,상해없음,승용,남,26세,경상
2015121600100216,2015년 12월 16일 11시,수요일,울산광역시 울주군 청량면,중상사고,0,1,0,0,차대차 - 정면충돌,안전거리미확보,건조,맑음,단일로 - 기타,화물,남,75세,상해없음,이륜,여,46세,중상
2015121600100377,2015년 12월 16일 16시,수요일,울산광역시 중구 반구동,중상사고,0,1,0,0,차대차 - 기타,안전운전불이행,건조,맑음,단일로 - 기타,승합,남,44세,상해없음,승용,남,31세,상해없음
2015121600100490,2015년 12월 16일 18시,수요일,울산광역시 중구 반구동,경상사고,0,0,2,0,차대차 - 추돌 - 주정차중,안전운전불이행,습기,맑음,교차로 - 교차로부근,승용,남,44세,상해없음,승용,남,60세,경상
2015121600100529,2015년 12월 16일 19시,수요일,울산광역시 중구 남외동,중상사고,0,1,0,0,차대차 - 정면충돌,교차로운행방법위반,습기,흐림,교차로 - 교차로안,승용,남,18세,상해없음,이륜,남,17세,중상
2015121600100565,2015년 12월 16일 20시,수요일,울산광역시 동구 서부동,중상사고,0,1,0,0,차대사람 - 횡단중,보행자보호의무위반,건조,맑음,교차로 - 교차로안,승합,남,63세,상해없음,보행자,여,16세,중상
2015121600100627,2015년 12월 16일 22시,수요일,울산광역시 남구 달동,중상사고,0,2,0,0,차대사람 - 횡단중,안전운전불이행,건조,맑음,단일로 - 기타,승용,남,28세,상해없음,보행자,남,37세,상해없음
2015121600100628,2015년 12월 16일 22시,수요일,울산광역시 남구 무거동,경상사고,0,0,3,0,차대차 - 추돌 - 진행중,안전운전불이행,건조,맑음,교차로 - 교차로부근,승용,남,52세,상해없음,승용,여,55세,경상
2015121700100075,2015년 12월 17일 05시,목요일,울산광역시 울주군 청량면,경상사고,0,0,1,0,차대차 - 정면충돌,안전운전불이행,건조,맑음,단일로 - 기타,승용,남,34세,경상,화물,남,31세,상해없음
2015121700100092,2015년 12월 17일 06시,목요일,울산광역시 북구 양정동,중상사고,0,1,1,0,차대차 - 정면충돌,중앙선침범,건조,맑음,단일로 - 기타,자전거,남,48세,경상,이륜,남,68세,중상
2015121700100119,2015년 12월 17일 07시,목요일,울산광역시 남구 신정동,경상사고,0,0,1,0,차량단독 - 기타,안전운전불이행,건조,맑음,단일로 - 기타,승합,남,49세,상해없음,,,,
2015121700100120,2015년 12월 17일 07시,목요일,울산광역시 울주군 온양읍,경상사고,0,0,1,0,차대차 - 추돌 - 진행중,안전운전불이행,결빙,맑음,단일로 - 기타,승용,여,38세,상해없음,승용,남,34세,경상
2015121700100198,2015년 12월 17일 09시,목요일,울산광역시 중구 복산동,중상사고,0,1,0,0,차대사람 - 횡단중,안전운전불이행,건조,맑음,교차로 - 교차로안,화물,남,57세,기타불명,보행자,여,39세,중상
2015121700100314,2015년 12월 17일 13시,목요일,울산광역시 북구 달천동,부상신고사고,0,0,0,1,차대차 - 정면충돌,신호위반,건조,맑음,교차로 - 교차로안,승용,여,27세,부상신고,승용,남,47세,상해없음
2015121700100341,2015년 12월 17일 14시,목요일,울산광역시 남구 무거동,중상사고,0,1,0,0,차대차 - 측면직각충돌,안전운전불이행,건조,맑음,교차로 - 교차로안,건설기계,남,52세,중상,화물,남,72세,상해없음
2015121700100379,2015년 12월 17일 15시,목요일,울산광역시 남구 용연동,경상사고,0,0,1,0,차대차 - 정면충돌,안전거리미확보,건조,맑음,교차로 - 교차로안,승용,남,45세,상해없음,승용,남,40세,경상
2015121700100380,2015년 12월 17일 15시,목요일,울산광역시 북구 양정동,중상사고,0,1,0,0,차대차 - 정면충돌,신호위반,건조,맑음,교차로 - 교차로부근,승합,남,28세,상해없음,화물,남,22세,중상
2015121700100421,2015년 12월 17일 16시,목요일,울산광역시 동구 전하동,경상사고,0,0,1,0,차대차 - 측면직각충돌,안전운전불이행,건조,맑음,교차로 - 교차로안,승합,남,72세,상해없음,승합,여,47세,경상
2015121700100534,2015년 12월 17일 19시,목요일,울산광역시 울주군 삼남면,경상사고,0,0,1,0,차대차 - 측면직각충돌,안전운전불이행,건조,맑음,단일로 - 기타,승용,남,27세,상해없음,승용,여,52세,경상
2015121700100566,2015년 12월 17일 19시,목요일,울산광역시 중구 다운동,사망사고,1,0,1,0,차량단독 - 전도전복,안전운전불이행,건조,맑음,단일로 - 기타,승용,남,19세,사망,,,,
2015121700100624,2015년 12월 17일 21시,목요일,울산광역시 북구 진장동,경상사고,0,0,1,0,차대사람 - 기타,안전운전불이행,건조,맑음,단일로 - 기타,화물,남,52세,상해없음,보행자,여,56세,경상
2015121700100625,2015년 12월 17일 21시,목요일,울산광역시 북구 상안동,경상사고,0,0,1,0,차대차 - 정면충돌,안전거리미확보,건조,맑음,교차로 - 교차로부근,승용,남,47세,상해없음,승용,남,34세,경상
2015121700100666,2015년 12월 17일 22시,목요일,울산광역시 동구 서부동,사망사고,1,0,0,0,차량단독 - 전도전복,안전운전불이행,건조,맑음,단일로 - 기타,이륜,남,25세,사망,,,,
2015121800100055,2015년 12월 18일 03시,금요일,울산광역시 북구 중산동,경상사고,0,0,3,0,차대차 - 정면충돌,안전운전불이행,건조,맑음,단일로 - 기타,승용,남,22세,상해없음,화물,남,44세,경상
2015121800100115,2015년 12월 18일 07시,금요일,울산광역시 북구 천곡동,중상사고,0,1,0,0,차대사람 - 횡단중,안전운전불이행,건조,맑음,단일로 - 기타,승용,여,49세,상해없음,보행자,남,13세,중상
2015121800100116,2015년 12월 18일 07시,금요일,울산광역시 북구 창평동,중상사고,0,1,0,0,차량단독 - 전도전복,안전운전불이행,건조,맑음,단일로 - 기타,승용,여,61세,중상,,,,
2015121800100165,2015년 12월 18일 08시,금요일,울산광역시 남구 달동,경상사고,0,0,1,0,차대차 - 정면충돌,안전운전불이행,기타,맑음,단일로 - 기타,승용,남,23세,상해없음,승용,남,39세,경상
2015121800100218,2015년 12월 18일 10시,금요일,울산광역시 울주군 삼남면,사망사고,1,0,0,0,차대사람 - 기타,안전운전불이행,결빙,흐림,단일로 - 기타,승용,여,43세,상해없음,보행자,남,73세,사망
2015121800100275,2015년 12월 18일 12시,금요일,울산광역시 중구 학성동,경상사고,0,0,1,0,차대차 - 정면충돌,차로위반,건조,맑음,단일로 - 기타,승용,남,28세,상해없음,승용,여,71세,경상
2015121800100311,2015년 12월 18일 13시,금요일,울산광역시 울주군 웅촌면,중상사고,0,1,0,0,차량단독 - 전도전복,안전운전불이행,건조,맑음,교차로 - 교차로부근,승합,남,40세,상해없음,,,,
2015121800100340,2015년 12월 18일 14시,금요일,울산광역시 북구 송정동,중상사고,0,1,0,0,차대사람 - 횡단중,안전운전불이행,건조,흐림,교차로 - 교차로부근,화물,남,50세,상해없음,보행자,여,54세,중상
2015121800100341,2015년 12월 18일 14시,금요일,울산광역시 남구 신정동,경상사고,0,0,2,0,차대차 - 측면직각충돌,안전운전불이행,건조,맑음,교차로 - 교차로안,승용,남,59세,경상,승용,여,39세,경상
2015121800100379,2015년 12월 18일 15시,금요일,울산광역시 남구 삼산동,경상사고,0,0,1,0,차대차 - 정면충돌,안전운전불이행,건조,맑음,교차로 - 교차로안,승용,남,30세,상해없음,원동기,남,25세,경상
2015121800100418,2015년 12월 18일 16시,금요일,울산광역시 울주군 삼남면,중상사고,0,1,0,2,차대차 - 정면충돌,안전운전불이행,건조,맑음,단일로 - 기타,승용,남,62세,상해없음,승용,여,41세,중상
2015121800100573,2015년 12월 18일 19시,금요일,울산광역시 북구 진장동,경상사고,0,0,1,0,차대차 - 추돌 - 주정차중,안전운전불이행,건조,맑음,단일로 - 기타,승용,남,43세,상해없음,승용,남,58세,경상
2015121800100574,2015년 12월 18일 19시,금요일,울산광역시 남구 신정동,중상사고,0,1,0,0,차대사람 - 횡단중,안전운전불이행,건조,맑음,교차로 - 교차로부근,승용,여,25세,상해없음,보행자,남,73세,중상
2015121800100575,2015년 12월 18일 19시,금요일,울산광역시 남구 달동,경상사고,0,0,3,0,차대차 - 정면충돌,안전운전불이행,건조,맑음,교차로 - 교차로안,화물,남,33세,상해없음,승용,남,53세,경상
2015121800100576,2015년 12월 18일 19시,금요일,울산광역시 동구 방어동,중상사고,0,1,0,0,차대차 - 정면충돌,안전운전불이행,건조,맑음,교차로 - 교차로부근,승용,남,39세,기타불명,원동기,남,49세,중상
2015121800100577,2015년 12월 18일 19시,금요일,울산광역시 동구 동부동,중상사고,0,1,0,0,차대차 - 기타,안전운전불이행,건조,맑음,단일로 - 기타,승용,여,49세,상해없음,이륜,남,45세,중상
2015121800100660,2015년 12월 18일 21시,금요일,울산광역시 남구 신정동,중상사고,0,1,0,0,차대차 - 측면직각충돌,안전운전불이행,건조,맑음,단일로 - 기타,화물,남,34세,상해없음,이륜,남,36세,중상
2015121900100033,2015년 12월 19일 00시,토요일,울산광역시 북구 송정동,경상사고,0,0,1,0,차대차 - 정면충돌,안전운전불이행,건조,맑음,교차로 - 교차로부근,승용,남,34세,상해없음,승용,여,31세,경상
2015121900100034,2015년 12월 19일 00시,토요일,울산광역시 중구 우정동,중상사고,0,2,5,0,차대차 - 정면충돌,중앙선침범,건조,맑음,단일로 - 기타,승용,남,23세,경상,승용,여,44세,중상
2015121900100061,2015년 12월 19일 01시,토요일,울산광역시 북구 명촌동,경상사고,0,0,1,0,차대차 - 기타,중앙선침범,건조,맑음,단일로 - 기타,자전거,남,38세,경상,승용,남,63세,상해없음
2015121900100219,2015년 12월 19일 09시,토요일,울산광역시 중구 우정동,부상신고사고,0,0,0,1,차대차 - 기타,안전운전불이행,건조,맑음,교차로 - 교차로안,승용,여,31세,부상신고,승합,남,68세,기타불명
2015121900100220,2015년 12월 19일 09시,토요일,울산광역시 중구 태화동,중상사고,0,1,0,0,차대사람 - 횡단중,안전운전불이행,건조,맑음,단일로 - 기타,화물,남,41세,상해없음,보행자,여,90세 이상,중상
2015121900100314,2015년 12월 19일 12시,토요일,울산광역시 북구 상안동,중상사고,0,1,5,0,차대차 - 정면충돌,신호위반,건조,맑음,단일로 - 기타,승합,여,25세,상해없음,승용,여,25세,중상
2015121900100340,2015년 12월 19일 13시,토요일,울산광역시 울주군 서생면,경상사고,0,0,1,0,차대차 - 측면직각충돌,안전운전불이행,건조,맑음,교차로 - 교차로부근,승용,남,41세,기타불명,승용,여,34세,경상
2015121900100370,2015년 12월 19일 14시,토요일,울산광역시 중구 우정동,중상사고,0,1,0,0,차대사람 - 횡단중,보행자보호의무위반,건조,맑음,단일로 - 횡단보도상,승용,여,42세,상해없음,보행자,여,64세,중상
2015121900100371,2015년 12월 19일 14시,토요일,울산광역시 동구 방어동,중상사고,0,1,0,0,차대사람 - 횡단중,안전운전불이행,건조,맑음,단일로 - 기타,승용,여,24세,상해없음,보행자,남,66세,중상
2015121900100372,2015년 12월 19일 14시,토요일,울산광역시 울주군 범서읍,중상사고,0,1,0,0,차대사람 - 횡단중,안전운전불이행,건조,맑음,단일로 - 기타,승용,여,40세,상해없음,보행자,여,10세,중상
2015121900100500,2015년 12월 19일 17시,토요일,울산광역시 울주군 삼남면,경상사고,0,0,1,0,차대사람 - 횡단중,교차로운행방법위반,건조,맑음,교차로 - 교차로안,승용,남,42세,상해없음,보행자,남,74세,경상
2015121900100501,2015년 12월 19일 17시,토요일,울산광역시 울주군 언양읍,중상사고,0,1,4,6,차대차 - 정면충돌,안전운전불이행,건조,맑음,단일로 - 기타,승합,남,32세,상해없음,화물,남,60세,경상
2015121900100558,2015년 12월 19일 18시,토요일,울산광역시 남구 두왕동,중상사고,0,1,0,0,차대차 - 정면충돌,차로위반,건조,맑음,단일로 - 기타,승용,남,21세,상해없음,승용,남,47세,상해없음
2015121900100601,2015년 12월 19일 19시,토요일,울산광역시 동구 주전동,경상사고,0,0,3,0,차량단독 - 전도전복,안전운전불이행,건조,흐림,단일로 - 기타,승용,남,18세,상해없음,,,,
2015121900100632,2015년 12월 19일 20시,토요일,울산광역시 중구 태화동,경상사고,0,0,1,0,차대사람 - 횡단중,안전운전불이행,건조,맑음,교차로 - 교차로부근,이륜,남,23세,상해없음,보행자,여,16세,경상
2015122000100030,2015년 12월 20일 00시,일요일,울산광역시 동구 일산동,경상사고,0,0,1,0,차대차 - 정면충돌,안전운전불이행,건조,맑음,교차로 - 교차로안,승용,남,55세,상해없음,승용,남,44세,경상
2015122000100053,2015년 12월 20일 01시,일요일,울산광역시 울주군 온양읍,경상사고,0,0,2,0,차대차 - 정면충돌,신호위반,건조,맑음,교차로 - 교차로안,승용,남,26세,상해없음,승용,여,24세,경상
2015122000100102,2015년 12월 20일 04시,일요일,울산광역시 북구 염포동,경상사고,0,0,2,0,차대차 - 정면충돌,안전거리미확보,건조,맑음,단일로 - 기타,승용,남,67세,상해없음,승용,남,64세,경상
2015122000100412,2015년 12월 20일 20시,일요일,울산광역시 남구 무거동,중상사고,0,2,0,0,차대사람 - 횡단중,신호위반,건조,맑음,단일로 - 기타,승합,남,40세,상해없음,보행자,여,23세,중상
2015122000100452,2015년 12월 20일 22시,일요일,울산광역시 남구 무거동,경상사고,0,0,1,0,차대차 - 측면직각충돌,안전운전불이행,습기,흐림,교차로 - 교차로부근,승용,남,58세,상해없음,승용,남,19세,경상
2015122000100470,2015년 12월 20일 23시,일요일,울산광역시 중구 반구동,경상사고,0,0,1,0,차대사람 - 횡단중,안전운전불이행,습기,비,단일로 - 기타,승용,여,57세,상해없음,보행자,남,56세,경상
2015122100100024,2015년 12월 21일 01시,월요일,울산광역시 동구 전하동,경상사고,0,0,2,0,차대사람 - 횡단중,보행자보호의무위반,습기,비,교차로 - 교차로안,승용,여,43세,상해없음,보행자,남,26세,경상
2015122100100112,2015년 12월 21일 07시,월요일,울산광역시 남구 달동,중상사고,0,1,2,0,차대차 - 정면충돌,교차로운행방법위반,건조,맑음,교차로 - 교차로안,승용,남,22세,상해없음,화물,남,25세,경상
2015122100100352,2015년 12월 21일 14시,월요일,울산광역시 남구 삼산동,경상사고,0,0,2,0,차대차 - 정면충돌,안전운전불이행,건조,맑음,교차로 - 교차로부근,화물,남,64세,기타불명,승용,남,25세,경상
2015122100100353,2015년 12월 21일 14시,월요일,울산광역시 울주군 웅촌면,경상사고,0,0,1,0,차대차 - 추돌 - 진행중,기타,건조,맑음,교차로 - 교차로안,승용,남,43세,상해없음,화물,남,51세,경상
2015122100100415,2015년 12월 21일 16시,월요일,울산광역시 중구 학성동,경상사고,0,0,1,0,차대차 - 정면충돌,중앙선침범,건조,맑음,단일로 - 기타,승용,남,49세,상해없음,승용,남,33세,경상
2015122100100444,2015년 12월 21일 17시,월요일,울산광역시 남구 달동,경상사고,0,0,1,0,차대차 - 정면충돌,안전거리미확보,건조,맑음,단일로 - 교량,승용,남,38세,상해없음,승용,남,46세,경상
2015122100100514,2015년 12월 21일 18시,월요일,울산광역시 동구 방어동,경상사고,0,0,1,0,차대차 - 기타,안전운전불이행,건조,맑음,교차로 - 교차로안,기타불명,기타불명,기타불명,기타불명,이륜,남,28세,경상
2015122100100515,2015년 12월 21일 18시,월요일,울산광역시 동구 서부동,경상사고,0,0,1,0,차대차 - 추돌 - 진행중,안전운전불이행,건조,맑음,단일로 - 기타,승용,남,54세,상해없음,이륜,남,35세,경상
2015122100100547,2015년 12월 21일 19시,월요일,울산광역시 동구 서부동,경상사고,0,0,1,0,차대차 - 측면직각충돌,안전운전불이행,건조,맑음,교차로 - 교차로부근,승용,남,51세,상해없음,자전거,남,11세,경상
2015122100100644,2015년 12월 21일 22시,월요일,울산광역시 중구 성안동,경상사고,0,0,1,0,차대차 - 정면충돌,중앙선침범,건조,맑음,단일로 - 기타,승용,남,36세,상해없음,승용,남,63세,경상
2015122100100645,2015년 12월 21일 22시,월요일,울산광역시 울주군 범서읍,경상사고,0,0,1,0,차대차 - 정면충돌,신호위반,건조,맑음,교차로 - 교차로안,승용,여,46세,상해없음,승용,남,32세,상해없음
2015122100100670,2015년 12월 21일 23시,월요일,울산광역시 남구 두왕동,경상사고,0,0,1,0,차대차 - 측면직각충돌,교차로운행방법위반,건조,맑음,교차로 - 교차로안,승용,남,42세,상해없음,승용,남,59세,경상
2015122100100671,2015년 12월 21일 23시,월요일,울산광역시 동구 방어동,경상사고,0,0,1,0,차대차 - 기타,안전운전불이행,건조,맑음,교차로 - 교차로부근,승용,남,24세,상해없음,이륜,남,29세,경상
2015122200100025,2015년 12월 22일 01시,화요일,울산광역시 중구 반구동,경상사고,0,0,1,0,차대차 - 정면충돌,안전운전불이행,건조,맑음,교차로 - 교차로안,승용,남,46세,상해없음,승용,남,42세,경상
2015122200100089,2015년 12월 22일 06시,화요일,울산광역시 중구 다운동,중상사고,0,2,1,0,차대차 - 정면충돌,신호위반,건조,맑음,교차로 - 교차로안,승합,남,34세,상해없음,승용,남,46세,중상
2015122200100160,2015년 12월 22일 08시,화요일,울산광역시 남구 용연동,중상사고,0,1,0,0,차대차 - 정면충돌,신호위반,건조,맑음,교차로 - 교차로안,화물,남,58세,중상,건설기계,남,38세,상해없음
2015122200100211,2015년 12월 22일 10시,화요일,울산광역시 중구 성안동,경상사고,0,0,1,0,차대차 - 기타,안전운전불이행,건조,맑음,단일로 - 기타,승용,남,35세,상해없음,원동기,남,61세,경상
2015122200100212,2015년 12월 22일 10시,화요일,울산광역시 남구 달동,중상사고,0,1,0,0,차대사람 - 횡단중,보행자보호의무위반,건조,맑음,교차로 - 교차로부근,승용,남,71세,상해없음,보행자,여,65세,중상
2015122200100293,2015년 12월 22일 13시,화요일,울산광역시 울주군 온산읍,경상사고,0,0,2,0,차대차 - 정면충돌,중앙선침범,건조,맑음,단일로 - 기타,승용,여,29세,상해없음,승용,남,40세,경상
2015122200100402,2015년 12월 22일 16시,화요일,울산광역시 울주군 온양읍,경상사고,0,0,3,0,차대차 - 정면충돌,안전운전불이행,건조,맑음,교차로 - 교차로안,승용,남,43세,상해없음,승용,여,60세,경상
2015122200100495,2015년 12월 22일 18시,화요일,울산광역시 중구 학성동,경상사고,0,0,1,0,차대사람 - 보도통행중,교차로운행방법위반,건조,맑음,교차로 - 교차로안,승용,여,57세,상해없음,보행자,남,55세,경상
2015122200100562,2015년 12월 22일 20시,화요일,울산광역시 중구 동동,중상사고,0,1,0,0,차대사람 - 횡단중,보행자보호의무위반,건조,맑음,단일로 - 기타,승용,남,33세,상해없음,보행자,남,34세,중상
2015122200100634,2015년 12월 22일 23시,화요일,울산광역시 남구 달동,중상사고,0,1,0,0,차대차 - 정면충돌,안전운전불이행,건조,맑음,교차로 - 교차로부근,승용,남,28세,상해없음,승용,여,55세,중상
2015122200100635,2015년 12월 22일 23시,화요일,울산광역시 북구 정자동,경상사고,0,0,1,0,차대차 - 정면충돌,안전운전불이행,건조,맑음,교차로 - 교차로안,승용,남,57세,상해없음,이륜,남,29세,경상
2015122300100087,2015년 12월 23일 05시,수요일,울산광역시 남구 삼산동,중상사고,0,1,0,0,차대차 - 정면충돌,안전운전불이행,습기,비,단일로 - 기타,승용,여,49세,중상,화물,남,53세,상해없음
2015122300100135,2015년 12월 23일 07시,수요일,울산광역시 북구 화봉동,중상사고,0,1,0,0,차대사람 - 횡단중,기타,습기,비,단일로 - 기타,승용,남,54세,상해없음,보행자,여,50세,중상
2015122300100136,2015년 12월 23일 07시,수요일,울산광역시 남구 신정동,경상사고,0,0,1,0,차대사람 - 기타,안전운전불이행,건조,맑음,단일로 - 기타,승합,여,47세,상해없음,보행자,남,49세,경상
2015122300100170,2015년 12월 23일 08시,수요일,울산광역시 남구 상개동,경상사고,0,0,2,0,차대차 - 추돌 - 진행중,안전운전불이행,습기,비,단일로 - 기타,승용,남,56세,상해없음,승용,남,31세,경상
2015122300100193,2015년 12월 23일 09시,수요일,울산광역시 중구 성남동,경상사고,0,0,1,1,차대차 - 기타,교차로운행방법위반,습기,비,교차로 - 교차로안,승용,남,47세,부상신고,승용,여,44세,경상
2015122300100194,2015년 12월 23일 09시,수요일,울산광역시 남구 신정동,중상사고,0,1,1,0,차대차 - 정면충돌,안전운전불이행,습기,비,교차로 - 교차로안,승용,여,62세,상해없음,승용,남,48세,중상
2015122300100309,2015년 12월 23일 13시,수요일,울산광역시 동구 화정동,중상사고,0,1,1,0,차대차 - 추돌 - 주정차중,안전운전불이행,건조,맑음,교차로 - 교차로부근,승용,여,62세,상해없음,승용,남,67세,경상
2015122300100348,2015년 12월 23일 14시,수요일,울산광역시 북구 연암동,중상사고,0,1,0,0,차대차 - 정면충돌,중앙선침범,건조,맑음,단일로 - 기타,화물,남,33세,상해없음,승용,남,37세,중상
2015122300100405,2015년 12월 23일 16시,수요일,울산광역시 울주군 청량면,중상사고,0,1,1,2,차대차 - 추돌 - 주정차중,안전운전불이행,건조,맑음,단일로 - 기타,화물,남,72세,부상신고,화물,남,53세,경상
2015122300100449,2015년 12월 23일 17시,수요일,울산광역시 중구 남외동,경상사고,0,0,1,0,차대차 - 기타,안전운전불이행,건조,맑음,단일로 - 기타,승용,여,34세,상해없음,농기계,남,78세,경상